fips,name,state_ab,state_name,rep,dem,oth,total,trump_pct,harris_pct,margin_pct,winner
01001,Autauga County,AL,Alabama,20447,7429,354,28230,72.43003896563938,26.315975912150197,46.1140630534892,Trump
01003,Baldwin County,AL,Alabama,95144,24763,1506,121413,78.36393137472923,20.395674268818002,57.96825710591123,Trump
01005,Barbour County,AL,Alabama,5578,4120,91,9789,56.982327101849016,42.088058024313,14.89426907753601,Trump
01007,Bibb County,AL,Alabama,7563,1617,66,9246,81.7975340687865,17.488643737832575,64.30889033095393,Trump
01009,Blount County,AL,Alabama,25271,2569,232,28072,90.02208606440581,9.15146765460245,80.87061840980337,Trump
01011,Bullock County,AL,Alabama,1099,2983,27,4109,26.74616695059625,72.59673886590411,-45.85057191530786,Harris
01013,Butler County,AL,Alabama,5167,3248,57,8472,60.989140698772424,38.33805476864967,22.651085930122758,Trump
01015,Calhoun County,AL,Alabama,34841,13170,547,48558,71.75130771448576,27.1222043741505,44.62910334033527,Trump
01017,Chambers County,AL,Alabama,8704,5402,128,14234,61.149360685682176,37.95138401011663,23.19797667556555,Trump
01019,Cherokee County,AL,Alabama,11342,1550,95,12987,87.33348733348734,11.935011935011936,75.3984753984754,Trump
01021,Chilton County,AL,Alabama,16901,2697,145,19743,85.60502456566884,13.660537912171403,71.94448665349744,Trump
01023,Choctaw County,AL,Alabama,4094,2511,38,6643,61.628782176727384,37.7991871142556,23.829595062471775,Trump
01025,Clarke County,AL,Alabama,6956,4917,66,11939,58.26283608342408,41.184353798475584,17.07848228494849,Trump
01027,Clay County,AL,Alabama,5693,986,40,6719,84.7298705164459,14.674802798035422,70.05506771841048,Trump
01029,Cleburne County,AL,Alabama,6984,605,58,7647,91.32993330717929,7.911599319994769,83.41833398718451,Trump
01031,Coffee County,AL,Alabama,17457,4585,221,22263,78.41261285541033,20.594708709518034,57.817904145892285,Trump
01033,Colbert County,AL,Alabama,19614,7092,308,27014,72.60679647590138,26.253053972014513,46.35374250388688,Trump
01035,Conecuh County,AL,Alabama,3423,2580,48,6051,56.56916212196331,42.63758056519584,13.931581556767478,Trump
01037,Coosa County,AL,Alabama,3750,1475,32,5257,71.33346014837359,28.057827658360278,43.275632490013315,Trump
01039,Covington County,AL,Alabama,14664,2309,104,17077,85.86988346899338,13.521110265269076,72.3487732037243,Trump
01041,Crenshaw County,AL,Alabama,4993,1453,29,6475,77.11196911196912,22.44015444015444,54.671814671814666,Trump
01043,Cullman County,AL,Alabama,38669,4033,402,43104,89.71093170007424,9.356440237564959,80.35449146250929,Trump
01045,Dale County,AL,Alabama,14473,4478,179,19130,75.65603763721903,23.40825927861997,52.247778358599064,Trump
01047,Dallas County,AL,Alabama,5188,10233,121,15542,33.380517307939776,65.84094711105392,-32.460429803114145,Harris
01049,DeKalb County,AL,Alabama,25631,3757,269,29657,86.42479010014499,12.668172775398725,73.75661732474626,Trump
01051,Elmore County,AL,Alabama,31336,9764,476,41576,75.37040600346354,23.484702713103715,51.88570329035982,Trump
01053,Escambia County,AL,Alabama,10866,3956,107,14929,72.78451336325273,26.498760801125325,46.2857525621274,Trump
01055,Etowah County,AL,Alabama,35470,9969,455,45894,77.28679130169522,21.72179369852268,55.56499760317253,Trump
01057,Fayette County,AL,Alabama,7154,1141,69,8364,85.53323768531803,13.641798182687708,71.89143950263032,Trump
01059,Franklin County,AL,Alabama,10404,1566,112,12082,86.1115709319649,12.961430226783646,73.15014070518127,Trump
01061,Geneva County,AL,Alabama,10924,1389,81,12394,88.13942230111344,11.207035662417299,76.93238663869614,Trump
01063,Greene County,AL,Alabama,885,3131,21,4037,21.922219469903393,77.55759227148873,-55.63537280158533,Harris
01065,Hale County,AL,Alabama,3363,3861,68,7292,46.11903455842018,52.948436642896326,-6.829402084476138,Harris
01067,Henry County,AL,Alabama,6983,2259,68,9310,75.00537056928034,24.264232008592913,50.74113856068744,Trump
01069,Houston County,AL,Alabama,32255,11258,524,44037,73.24522560574063,25.564865908213548,47.68035969752708,Trump
01071,Jackson County,AL,Alabama,20073,3274,207,23554,85.22119385242422,13.899974526619681,71.32121932580453,Trump
01073,Jefferson County,AL,Alabama,130991,161828,5461,298280,43.91544857181172,54.253721335657765,-10.33827276384605,Harris
01075,Lamar County,AL,Alabama,6028,805,51,6884,87.56536897152817,11.693782684485763,75.87158628704242,Trump
01077,Lauderdale County,AL,Alabama,32615,10299,601,43515,74.9511662645065,23.66770079283006,51.283465471676436,Trump
01079,Lawrence County,AL,Alabama,12961,2975,114,16050,80.75389408099689,18.53582554517134,62.218068535825545,Trump
01081,Lee County,AL,Alabama,45883,25672,1307,72862,62.972468502099865,35.23372951607148,27.738738986028384,Trump
01083,Limestone County,AL,Alabama,37524,14452,860,52836,71.01975925505337,27.352562646680294,43.667196608373075,Trump
01085,Lowndes County,AL,Alabama,1755,3865,30,5650,31.061946902654867,68.40707964601769,-37.34513274336283,Harris
01087,Macon County,AL,Alabama,1681,6069,68,7818,21.501662829368126,77.62854950115118,-56.12688667178306,Harris
01089,Madison County,AL,Alabama,105149,87509,4349,197007,53.37323039282869,44.41923383433076,8.953996558497922,Trump
01091,Marengo County,AL,Alabama,4990,4621,56,9667,51.61890969276921,47.801799937933175,3.81710975483604,Trump
01093,Marion County,AL,Alabama,12238,1196,101,13535,90.41743627632066,8.836350203176949,81.58108607314371,Trump
01095,Marshall County,AL,Alabama,34350,5535,400,40285,85.26746928137024,13.739605312150923,71.52786396921931,Trump
01097,Mobile County,AL,Alabama,99981,71279,2331,173591,57.59572788911868,41.061460559591225,16.534267329527452,Trump
01099,Monroe County,AL,Alabama,5997,3736,68,9801,61.18763391490665,38.11855933068054,23.069074584226097,Trump
01101,Montgomery County,AL,Alabama,30404,57734,1372,89510,33.96715450787621,64.50005585968049,-30.53290135180427,Harris
01103,Morgan County,AL,Alabama,40310,12343,702,53355,75.5505575859807,23.133726923437354,52.41683066254335,Trump
01105,Perry County,AL,Alabama,1268,3170,22,4460,28.430493273542602,71.0762331838565,-42.6457399103139,Harris
01107,Pickens County,AL,Alabama,5455,3385,59,8899,61.29902236206315,38.03798179570738,23.26104056635577,Trump
01109,Pike County,AL,Alabama,8213,4882,111,13206,62.191428138724824,36.96804482810844,25.223383310616388,Trump
01111,Randolph County,AL,Alabama,9098,1919,69,11086,82.06747248782249,17.31012087317337,64.75735161464911,Trump
01113,Russell County,AL,Alabama,10047,10379,216,20642,48.672609243290374,50.280980525142915,-1.6083712818525338,Harris
01115,Shelby County,AL,Alabama,79522,32947,1943,114412,69.50494703352796,28.796804530993253,40.7081425025347,Trump
01117,St. Clair County,AL,Alabama,34873,7483,370,42726,81.62009081121565,17.51392594673033,64.10616486448532,Trump
01119,Sumter County,AL,Alabama,1542,3722,40,5304,29.072398190045252,70.1734539969834,-41.101055806938156,Harris
01121,Talladega County,AL,Alabama,22070,10878,252,33200,66.47590361445783,32.765060240963855,33.71084337349398,Trump
01123,Tallapoosa County,AL,Alabama,14881,4974,164,20019,74.33438233678005,24.846395923872322,49.48798641290774,Trump
01125,Tuscaloosa County,AL,Alabama,50617,33322,1132,85071,59.49971200526619,39.16963477565798,20.33007722960821,Trump
01127,Walker County,AL,Alabama,25393,4092,219,29704,85.48680312415836,13.775922434688932,71.71088068946943,Trump
01129,Washington County,AL,Alabama,6526,1859,44,8429,77.42318187210819,22.05481077233361,55.368371099774585,Trump
01131,Wilcox County,AL,Alabama,1793,3449,20,5262,34.07449638920563,65.54541999239832,-31.470923603192702,Harris
01133,Winston County,AL,Alabama,10190,882,74,11146,91.42293199354027,7.913152700520366,83.50977929301992,Trump
04001,Apache County,AZ,Arizona,12795,18872,352,32019,39.960648365033265,58.940004372403884,-18.979356007370622,Harris
04003,Cochise County,AZ,Arizona,35936,22296,691,58923,60.988069175025025,37.83921388931317,23.14885528571186,Trump
04005,Coconino County,AZ,Arizona,27576,41504,987,70067,39.3566158105813,59.234732470349805,-19.87811665976851,Harris
04007,Gila County,AZ,Arizona,18901,8504,243,27648,68.36299189814815,30.758101851851855,37.6048900462963,Trump
04009,Graham County,AZ,Arizona,11177,3867,139,15183,73.61522755713628,25.469274846868206,48.14595271026806,Trump
04011,Greenlee County,AZ,Arizona,2308,954,46,3308,69.77025392986698,28.83917775090689,40.9310761789601,Trump
04012,La Paz County,AZ,Arizona,5470,2101,53,7624,71.74711437565581,27.557712486883524,44.1894018887723,Trump
04013,Maricopa County,AZ,Arizona,1051531,980016,22398,2053945,51.1956746650957,47.713838491293586,3.481836173802122,Trump
04015,Mohave County,AZ,Arizona,85683,24081,686,110450,77.57627885921231,21.8026256224536,55.77365323675871,Trump
04017,Navajo County,AZ,Arizona,29480,20754,472,50706,58.13907624344259,40.93006744763933,17.209008795803257,Trump
04019,Pima County,AZ,Arizona,214669,292450,6057,513176,41.83145743370695,56.98824574804745,-15.1567883143405,Harris
04021,Pinal County,AZ,Arizona,126926,80656,1970,209552,60.57016874093304,38.48973047262732,22.08043826830572,Trump
04023,Santa Cruz County,AZ,Arizona,7699,11265,157,19121,40.264630510956536,58.91428272579886,-18.64965221484232,Harris
04025,Yavapai County,AZ,Arizona,99346,48717,1339,149402,66.49576310892759,32.60799721556606,33.88776589336153,Trump
04027,Yuma County,AZ,Arizona,40745,26823,627,68195,59.747782095461545,39.332795659505834,20.414986435955715,Trump
05001,Arkansas County,AR,Arkansas,3951,1503,93,5547,71.22769064359113,27.09572742022715,44.13196322336398,Trump
05003,Ashley County,AR,Arkansas,5145,1774,111,7030,73.18634423897582,25.234708392603128,47.95163584637269,Trump
05005,Baxter County,AR,Arkansas,16253,4341,360,20954,77.56514269351914,20.716808246635487,56.848334446883655,Trump
05007,Benton County,AR,Arkansas,79907,45231,3457,128595,62.138496831136514,35.173218243322054,26.965278587814456,Trump
05009,Boone County,AR,Arkansas,13968,2854,290,17112,81.62692847124825,16.678354371201497,64.94857410004676,Trump
05011,Bradley County,AR,Arkansas,2213,961,35,3209,68.96229354939234,29.94702399501402,39.015269554378314,Trump
05013,Calhoun County,AR,Arkansas,1674,379,39,2092,80.01912045889101,18.116634799235182,61.90248565965584,Trump
05015,Carroll County,AR,Arkansas,7470,3812,256,11538,64.74258970358814,33.038654879528515,31.703934824059626,Trump
05017,Chicot County,AR,Arkansas,1658,1796,36,3490,47.50716332378224,51.46131805157593,-3.9541547277936964,Harris
05019,Clark County,AR,Arkansas,4526,2959,172,7657,59.10931174089069,38.644377693613684,20.464934047277,Trump
05021,Clay County,AR,Arkansas,3968,907,92,4967,79.88725588886652,18.260519428226292,61.62673646064023,Trump
05023,Cleburne County,AR,Arkansas,10595,1941,203,12739,83.1697935473742,15.236674778240051,67.93311876913415,Trump
05025,Cleveland County,AR,Arkansas,2804,524,46,3374,83.10610551274452,15.530527563722584,67.57557794902193,Trump
05027,Columbia County,AR,Arkansas,5367,2466,107,7940,67.59445843828715,31.05793450881612,36.53652392947103,Trump
05029,Conway County,AR,Arkansas,5893,2449,199,8541,68.99660461304296,28.67345744058073,40.32314717246224,Trump
05031,Craighead County,AR,Arkansas,25152,11210,880,37242,67.53665216690833,30.10042425218839,37.436227914719936,Trump
05033,Crawford County,AR,Arkansas,18615,4753,466,23834,78.10271041369472,19.9420995216917,58.16061089200302,Trump
05035,Crittenden County,AR,Arkansas,7028,7362,291,14681,47.871398406103125,50.14644778966011,-2.2750493835569783,Harris
05037,Cross County,AR,Arkansas,4753,1642,139,6534,72.74257728803182,25.130088766452403,47.61248852157943,Trump
05039,Dallas County,AR,Arkansas,1482,798,44,2324,63.76936316695353,34.33734939759036,29.43201376936317,Trump
05041,Desha County,AR,Arkansas,1805,1638,62,3505,51.497860199714694,46.733238231098426,4.764621968616263,Trump
05043,Drew County,AR,Arkansas,4203,2050,112,6365,66.03299293008641,32.20738413197172,33.82560879811469,Trump
05045,Faulkner County,AR,Arkansas,35357,17752,1356,54465,64.91691912237216,32.593408611034604,32.32351051133755,Trump
05047,Franklin County,AR,Arkansas,5582,1232,157,6971,80.07459474967723,17.67321761583704,62.4013771338402,Trump
05049,Fulton County,AR,Arkansas,4040,906,97,5043,80.11104501288915,17.965496728138014,62.14554828475114,Trump
05051,Garland County,AR,Arkansas,28359,13015,953,42327,66.99978736976398,30.748694686606658,36.251092683157324,Trump
05053,Grant County,AR,Arkansas,6755,1192,131,8078,83.62218370883883,14.756127754394651,68.86605595444418,Trump
05055,Greene County,AR,Arkansas,12617,2935,268,15820,79.75347661188368,18.55246523388116,61.201011378002526,Trump
05057,Hempstead County,AR,Arkansas,4193,1776,120,6089,68.86188208244374,29.167350960748887,39.69453112169486,Trump
05059,Hot Spring County,AR,Arkansas,9226,2818,239,12283,75.11194333631849,22.94227794512741,52.169665391191074,Trump
05061,Howard County,AR,Arkansas,3246,1158,69,4473,72.56874580818243,25.888665325285043,46.68008048289739,Trump
05063,Independence County,AR,Arkansas,11023,2689,299,14011,78.67389907929484,19.19206337877382,59.481835700521025,Trump
05065,Izard County,AR,Arkansas,4854,949,122,5925,81.92405063291139,16.016877637130804,65.9071729957806,Trump
05067,Jackson County,AR,Arkansas,3509,1183,83,4775,73.4869109947644,24.774869109947645,48.712041884816756,Trump
05069,Jefferson County,AR,Arkansas,8468,12802,338,21608,39.189189189189186,59.24657534246576,-20.057386153276564,Harris
05071,Johnson County,AR,Arkansas,6766,2107,186,9059,74.68815542554366,23.25863781874379,51.42951760679987,Trump
05073,Lafayette County,AR,Arkansas,1589,698,38,2325,68.34408602150538,30.021505376344088,38.32258064516129,Trump
05075,Lawrence County,AR,Arkansas,4608,965,119,5692,80.9557273366128,16.953619114546733,64.00210822206606,Trump
05077,Lee County,AR,Arkansas,1181,1270,69,2520,46.86507936507937,50.39682539682539,-3.5317460317460316,Harris
05079,Lincoln County,AR,Arkansas,2502,813,57,3372,74.19928825622776,24.110320284697508,50.08896797153025,Trump
05081,Little River County,AR,Arkansas,3744,1084,71,4899,76.42375995101041,22.12696468667075,54.29679526433966,Trump
05083,Logan County,AR,Arkansas,6567,1464,174,8205,80.03656307129799,17.84277879341865,62.19378427787934,Trump
05085,Lonoke County,AR,Arkansas,23225,6790,605,30620,75.8491182233834,22.17504898758981,53.674069235793596,Trump
05087,Madison County,AR,Arkansas,5885,1491,125,7501,78.45620583922144,19.87734968670844,58.578856152513005,Trump
05089,Marion County,AR,Arkansas,6230,1501,120,7851,79.35294866895937,19.11858361992103,60.23436504903834,Trump
05091,Miller County,AR,Arkansas,11842,3769,192,15803,74.93513889767766,23.849901917357464,51.08523698032019,Trump
05093,Mississippi County,AR,Arkansas,6963,3574,180,10717,64.97154054306242,33.34888494914622,31.62265559391621,Trump
05095,Monroe County,AR,Arkansas,1385,1002,46,2433,56.92560624743116,41.183723797780516,15.741882449650637,Trump
05097,Montgomery County,AR,Arkansas,2987,645,75,3707,80.5772862152684,17.39951443215538,63.17777178311304,Trump
05099,Nevada County,AR,Arkansas,2002,849,56,2907,68.86824905400756,29.205366357069146,39.662882696938425,Trump
05101,Newton County,AR,Arkansas,3063,644,63,3770,81.24668435013263,17.082228116710876,64.16445623342175,Trump
05103,Ouachita County,AR,Arkansas,5056,3412,158,8626,58.61349408764202,39.554834222119176,19.058659865522838,Trump
05105,Perry County,AR,Arkansas,3559,923,102,4584,77.63961605584643,20.13525305410122,57.5043630017452,Trump
05107,Phillips County,AR,Arkansas,2098,2754,86,4938,42.48683677602268,55.77156743620899,-13.28473066018631,Harris
05109,Pike County,AR,Arkansas,3746,560,52,4358,85.95686094538779,12.849931161083067,73.10692978430473,Trump
05111,Poinsett County,AR,Arkansas,5731,1235,113,7079,80.95776239581862,17.445966944483686,63.511795451334926,Trump
05113,Polk County,AR,Arkansas,6987,1145,156,8288,84.30260617760618,13.815154440154439,70.48745173745174,Trump
05115,Pope County,AR,Arkansas,18118,5487,586,24191,74.89562233888635,22.681989169525856,52.213633169360506,Trump
05117,Prairie County,AR,Arkansas,2628,524,48,3200,82.125,16.375,65.75,Trump
05119,Pulaski County,AR,Arkansas,57977,92038,3909,153924,37.665991008549675,59.79444401133027,-22.128453002780592,Harris
05121,Randolph County,AR,Arkansas,5367,1138,131,6636,80.87703435804701,17.148884870403858,63.72814948764316,Trump
05125,Saline County,AR,Arkansas,2913,425,46,3384,86.08156028368793,12.559101654846335,73.5224586288416,Trump
05127,Scott County,AR,Arkansas,3305,511,53,3869,85.42258981649005,13.20754716981132,72.21504264667873,Trump
05129,Searcy County,AR,Arkansas,30719,13652,1081,45452,67.58558479274839,30.036082020593152,37.54950277215524,Trump
05131,Sebastian County,AR,Arkansas,3772,862,80,4714,80.01697072549851,18.285956724649978,61.73101400084854,Trump
05133,Sevier County,AR,Arkansas,5978,1316,143,7437,80.38187441172516,17.695307247546054,62.68656716417911,Trump
05135,Sharp County,AR,Arkansas,2909,2953,117,5979,48.653621006857335,49.389530021742765,-0.7359090148854324,Harris
05123,St. Francis County,AR,Arkansas,39736,16609,1264,57609,68.97533371521811,28.83056466871496,40.14476904650315,Trump
05137,Stone County,AR,Arkansas,4808,1089,133,6030,79.73466003316749,18.059701492537314,61.674958540630186,Trump
05139,Union County,AR,Arkansas,10196,5019,233,15448,66.00207146556188,32.48964267219058,33.51242879337131,Trump
05141,Van Buren County,AR,Arkansas,6023,1437,161,7621,79.03162314656869,18.855793202991734,60.175829943576964,Trump
05143,Washington County,AR,Arkansas,50243,43779,3136,97158,51.712674200786346,45.05959365157784,6.6530805492085054,Trump
05145,White County,AR,Arkansas,24514,5641,682,30837,79.49541135648734,18.29295975613711,61.20245160035023,Trump
05147,Woodruff County,AR,Arkansas,1513,760,45,2318,65.27178602243313,32.78688524590164,32.4849007765315,Trump
05149,Yell County,AR,Arkansas,5147,1213,117,6477,79.46580206885903,18.727806083063147,60.73799598579589,Trump
06001,Alameda County,CA,California,140789,499551,29567,669907,21.01620075622437,74.57020153543701,-53.55400077921264,Harris
06003,Alpine County,CA,California,243,479,16,738,32.926829268292686,64.90514905149053,-31.978319783197833,Harris
06005,Amador County,CA,California,14018,7783,602,22403,62.571976967370446,34.74088291746641,27.83109404990403,Trump
06007,Butte County,CA,California,47179,44228,3149,94556,49.89530013959981,46.774398240196284,3.120901899403528,Trump
06009,Calaveras County,CA,California,16625,9181,674,26480,62.783232628398785,34.67145015105741,28.11178247734139,Trump
06011,Colusa County,CA,California,4414,2431,176,7021,62.86853724540664,34.624697336561745,28.24383990884489,Trump
06013,Contra Costa County,CA,California,155308,356008,17671,528987,29.35951167041912,67.29995255081883,-37.940440880399706,Harris
06015,Del Norte County,CA,California,5999,4266,300,10565,56.7818267865594,40.37860861334595,16.40321817321344,Trump
06017,El Dorado County,CA,California,61109,47703,3096,111908,54.606462451299286,42.62697930442864,11.979483146870644,Trump
06019,Fresno County,CA,California,165924,151628,8497,326049,50.88928351260087,46.5046664765112,4.384617036089668,Trump
06021,Glenn County,CA,California,6904,3260,278,10442,66.11760199195557,31.220072782991764,34.8975292089638,Trump
06023,Humboldt County,CA,California,21559,39800,2873,64232,33.564267032008964,61.962884543529704,-28.398617511520737,Harris
06025,Imperial County,CA,California,26546,26083,1409,54038,49.12469003293978,48.26788556201192,0.8568044709278655,Trump
06027,Inyo County,CA,California,4468,4201,284,8953,49.9050597565062,46.922819166759744,2.9822405897464535,Trump
06029,Kern County,CA,California,167879,108241,7164,283284,59.26173027774247,38.20935880600387,21.05237147173861,Trump
06031,Kings County,CA,California,25074,15519,915,41508,60.40763226366002,37.38797340271755,23.019658860942467,Trump
06033,Lake County,CA,California,13161,12794,806,26761,49.17977654048802,47.80837786330855,1.3713986771794777,Trump
06035,Lassen County,CA,California,8619,2478,274,11371,75.79808284231818,21.792278603464954,54.00580423885323,Trump
06037,Los Angeles County,CA,California,1189862,2417109,122118,3729089,31.907578499735457,64.81768067214271,-32.91010217240726,Harris
06039,Madera County,CA,California,32344,20981,1307,54632,59.20339727632157,38.40423195196954,20.79916532435203,Trump
06041,Marin County,CA,California,24054,116152,3923,144129,16.689215910746622,80.58891687307897,-63.89970096233235,Harris
06043,Mariposa County,CA,California,5625,3622,262,9509,59.15448522452414,38.090230308129144,21.064254916394994,Trump
06045,Mendocino County,CA,California,13528,24049,1642,39219,34.49348530049211,61.31976847956347,-26.82628317907137,Harris
06047,Merced County,CA,California,43955,40190,2266,86411,50.8673664232563,46.510282255731326,4.3570841675249685,Trump
06049,Modoc County,CA,California,2884,1008,124,4016,71.81274900398407,25.099601593625497,46.713147410358566,Trump
06051,Mono County,CA,California,2294,3522,248,6064,37.82981530343008,58.08047493403694,-20.25065963060686,Harris
06053,Monterey County,CA,California,49226,93060,4468,146754,33.54320836229336,63.41224089292285,-29.86903253062949,Harris
06055,Napa County,CA,California,20357,43212,1992,65561,31.05047207943747,65.91113619377373,-34.86066411433627,Harris
06057,Nevada County,CA,California,26177,33784,2183,62144,42.123133367662206,54.364057672502575,-12.240924304840371,Harris
06059,Orange County,CA,California,654815,691731,44761,1391307,47.06473840784241,49.71807084992744,-2.6533324420850324,Harris
06061,Placer County,CA,California,123941,103958,6972,234871,52.76981832580437,44.26174368057359,8.508074645230785,Trump
06063,Plumas County,CA,California,5725,4020,325,10070,56.85203574975174,39.920556107249254,16.931479642502484,Trump
06065,Riverside County,CA,California,463677,451782,25051,940510,49.3005922318742,48.035852888326545,1.2647393435476497,Trump
06067,Sacramento County,CA,California,252140,381564,23043,656747,38.39225759691327,58.09908534032131,-19.70682774340804,Harris
06069,San Benito County,CA,California,11702,15179,771,27652,42.318819615217706,54.892955301605674,-12.574135686387965,Harris
06071,San Bernardino County,CA,California,378416,362114,21316,761846,49.67093087054339,47.531128338273085,2.1398025322703016,Trump
06073,San Diego County,CA,California,593270,841372,43386,1478028,40.1392937075617,56.9253085868468,-16.7860148792851,Harris
06075,San Francisco County,CA,California,62594,323719,16684,402997,15.532125549321707,80.32789325975132,-64.7957677104296,Harris
06077,San Joaquin County,CA,California,128996,126647,8066,263709,48.91604002897133,48.02528544721644,0.8907545817548889,Trump
06079,San Luis Obispo County,CA,California,64932,81314,4566,150812,43.05492931596955,53.91746014905976,-10.862530833090204,Harris
06081,San Mateo County,CA,California,76616,242957,10992,330565,23.177287371621315,73.49749671017803,-50.32020933855671,Harris
06083,Santa Barbara County,CA,California,64870,114149,5762,184781,35.10642327944973,61.77529074959005,-26.668867470140327,Harris
06085,Santa Clara County,CA,California,210924,510744,28938,750606,28.100494800201435,68.04422027002182,-39.943725469820386,Harris
06087,Santa Cruz County,CA,California,27978,100998,5179,134155,20.85498117848757,75.28455890574335,-54.42957772725578,Harris
06089,Shasta County,CA,California,59539,27130,2250,88919,66.95869274283336,30.510914427737607,36.44777831509576,Trump
06091,Sierra County,CA,California,1066,641,48,1755,60.74074074074074,36.52421652421653,24.216524216524217,Trump
06093,Siskiyou County,CA,California,12461,8329,708,21498,57.96353149130151,38.74313889664155,19.22039259465997,Trump
06095,Solano County,CA,California,70345,113997,5541,189883,37.046497053448704,60.03539021397387,-22.988893160525166,Harris
06097,Sonoma County,CA,California,63426,179600,8439,251465,25.222595589843515,71.42147018471755,-46.19887459487404,Harris
06099,Stanislaus County,CA,California,106986,85347,5192,197525,54.16327047209214,43.20820149348184,10.955068978610303,Trump
06101,Sutter County,CA,California,25372,13016,951,39339,64.4957929789776,33.08675868730776,31.409034291669848,Trump
06103,Tehama County,CA,California,18503,7415,618,26536,69.72791679228219,27.94317154054869,41.7847452517335,Trump
06105,Trinity County,CA,California,2979,2449,218,5646,52.76301806588736,43.37584130357776,9.3871767623096,Trump
06107,Tulare County,CA,California,81854,53221,3234,138309,59.181976588652944,38.47978078071564,20.702195807937297,Trump
06109,Tuolumne County,CA,California,17210,10909,697,28816,59.72376457523598,37.857440310938365,21.866324264297614,Trump
06111,Ventura County,CA,California,158901,217424,11379,387704,40.98513298805274,56.07989600313641,-15.094763015083673,Harris
06113,Yolo County,CA,California,27844,61405,3372,92621,30.06229688731497,66.29706006197299,-36.23476317465801,Harris
06115,Yuba County,CA,California,18491,10725,856,30072,61.48909284384144,35.66440542697526,25.824687416866187,Trump
08001,Adams County,CO,Colorado,103024,124056,6256,233336,44.15263825556279,53.16624952857681,-9.013611273014023,Harris
08003,Alamosa County,CO,Colorado,4057,3244,218,7519,53.956643170634386,43.144035111052006,10.812608059582391,Trump
08005,Arapahoe County,CO,Colorado,125311,190725,9415,325451,38.50379934306547,58.60329204703627,-20.099492703970796,Harris
08007,Archuleta County,CO,Colorado,5218,3904,233,9355,55.77765900587921,41.73169428113309,14.045964724746124,Trump
08009,Baca County,CO,Colorado,1686,275,43,2004,84.13173652694611,13.722554890219559,70.40918163672654,Trump
08011,Bent County,CO,Colorado,1496,645,48,2189,68.34170854271356,29.465509365006852,38.87619917770672,Trump
08013,Boulder County,CO,Colorado,40758,150149,5243,196150,20.778995666581697,76.54804996176395,-55.769054295182265,Harris
08014,Broomfield County,CO,Colorado,16071,29426,1320,46817,34.32727428070999,62.853237072003765,-28.525962791293765,Harris
08015,Chaffee County,CO,Colorado,6034,7992,390,14416,41.85627081021088,55.43840177580466,-13.582130965593784,Harris
08017,Cheyenne County,CO,Colorado,930,108,17,1055,88.15165876777252,10.23696682464455,77.91469194312796,Trump
08019,Clear Creek County,CO,Colorado,2452,3464,185,6101,40.190132765120474,56.77757744632027,-16.587444681199802,Harris
08021,Conejos County,CO,Colorado,2358,1627,119,4104,57.45614035087719,39.64424951267056,17.81189083820663,Trump
08023,Costilla County,CO,Colorado,850,1155,75,2080,40.86538461538461,55.52884615384615,-14.663461538461538,Harris
08025,Crowley County,CO,Colorado,1231,422,53,1706,72.15709261430247,24.73622508792497,47.42086752637749,Trump
08027,Custer County,CO,Colorado,2583,1188,96,3867,66.79596586501164,30.721489526764934,36.074476338246704,Trump
08029,Delta County,CO,Colorado,12948,6030,498,19476,66.48182378311769,30.96118299445471,35.52064078866297,Trump
08031,Denver County,CO,Colorado,74765,278634,9677,363076,20.592107437561282,76.74261036256873,-56.15050292500744,Harris
08033,Dolores County,CO,Colorado,1076,325,18,1419,75.82804792107117,22.903453136011276,52.924594785059895,Trump
08035,Douglas County,CO,Colorado,127451,110408,5899,243758,52.28587369440183,45.294103167896026,6.991770526505797,Trump
08037,Eagle County,CO,Colorado,10148,16943,707,27798,36.50622346931434,60.950428088351686,-24.44420461903734,Harris
08041,El Paso County,CO,Colorado,15209,4768,440,20417,74.49184503110153,23.353088112847136,51.138756918254394,Trump
08039,Elbert County,CO,Colorado,203933,166597,10283,380813,53.552005840136765,43.74771869657811,9.80428714355865,Trump
08043,Fremont County,CO,Colorado,17313,7526,628,25467,67.9820944752032,29.55196921506263,38.43012526014057,Trump
08045,Garfield County,CO,Colorado,14493,15128,751,30372,47.718293164757014,49.80903463716581,-2.090741472408798,Harris
08047,Gilpin County,CO,Colorado,1729,2254,146,4129,41.874545894889806,54.58948898038266,-12.714943085492855,Harris
08049,Grand County,CO,Colorado,4822,4743,318,9883,48.79085297986441,47.99150055651118,0.7993524233532329,Trump
08051,Gunnison County,CO,Colorado,3689,6887,363,10939,33.72337507998903,62.9582228722918,-29.23484779230277,Harris
08053,Hinsdale County,CO,Colorado,332,257,17,606,54.78547854785478,42.40924092409241,12.376237623762377,Trump
08055,Huerfano County,CO,Colorado,2346,1965,127,4438,52.861649391617846,44.27670121676431,8.584948174853539,Trump
08057,Jackson County,CO,Colorado,634,173,27,834,76.01918465227818,20.743405275779374,55.275779376498804,Trump
08059,Jefferson County,CO,Colorado,140505,210875,10124,361504,38.866789855713904,58.33268788173851,-19.465898026024608,Harris
08061,Kiowa County,CO,Colorado,744,102,17,863,86.21089223638471,11.819235225955968,74.39165701042873,Trump
08063,Kit Carson County,CO,Colorado,3083,556,59,3698,83.36938885884263,15.035154137371551,68.33423472147106,Trump
08067,La Plata County,CO,Colorado,1557,2199,155,3911,39.81079007926361,56.226029148555355,-16.41523906929174,Harris
08065,Lake County,CO,Colorado,14024,20677,980,35681,39.30383117065105,57.949609035621194,-18.645777864970153,Harris
08069,Larimer County,CO,Colorado,89680,129376,6426,225482,39.77257608146105,57.37752902670723,-17.604952945246183,Harris
08071,Las Animas County,CO,Colorado,4328,3276,188,7792,55.544147843942504,42.04312114989733,13.501026694045173,Trump
08073,Lincoln County,CO,Colorado,2090,432,49,2571,81.29132633216646,16.802800466744458,64.48852586542202,Trump
08075,Logan County,CO,Colorado,7855,2098,209,10162,77.29777602834088,20.645542216099194,56.65223381224168,Trump
08077,Mesa County,CO,Colorado,55839,33573,2188,91600,60.95960698689956,36.651746724890835,24.307860262008735,Trump
08079,Mineral County,CO,Colorado,417,317,19,753,55.37848605577689,42.09827357237716,13.280212483399733,Trump
08081,Moffat County,CO,Colorado,5358,1167,146,6671,80.31779343426773,17.49362914105831,62.824164293209414,Trump
08083,Montezuma County,CO,Colorado,8972,5793,371,15136,59.27589852008457,38.27299154334038,21.00290697674419,Trump
08085,Montrose County,CO,Colorado,16704,8354,559,25617,65.20669867666004,32.6111566537846,32.595542022875435,Trump
08087,Morgan County,CO,Colorado,9830,3291,337,13458,73.0420567692079,24.453856442264822,48.58820032694308,Trump
08089,Otero County,CO,Colorado,5520,3164,241,8925,61.84873949579832,35.450980392156865,26.397759103641455,Trump
08091,Ouray County,CO,Colorado,1573,2442,83,4098,38.38457784285017,59.5900439238653,-21.20546608101513,Harris
08093,Park County,CO,Colorado,6828,4841,375,12044,56.692128860843575,40.194287612089006,16.497841248754565,Trump
08095,Phillips County,CO,Colorado,1888,412,54,2354,80.20390824129142,17.50212404418012,62.7017841971113,Trump
08097,Pitkin County,CO,Colorado,2992,7932,243,11167,26.793230052834243,71.03071550102982,-44.23748544819557,Harris
08099,Prowers County,CO,Colorado,3833,1227,84,5144,74.51399688958008,23.85303265940902,50.66096423017107,Trump
08101,Pueblo County,CO,Colorado,43688,39328,2091,85107,51.333027835548194,46.210064977028914,5.1229628585192755,Trump
08103,Rio Blanco County,CO,Colorado,2988,637,65,3690,80.97560975609757,17.262872628726285,63.71273712737128,Trump
08105,Rio Grande County,CO,Colorado,3743,2306,145,6194,60.42944785276073,37.229577010009685,23.19987084275105,Trump
08107,Routt County,CO,Colorado,5676,10208,451,16335,34.74747474747475,62.491582491582484,-27.744107744107744,Harris
08109,Saguache County,CO,Colorado,1577,1704,119,3400,46.38235294117647,50.117647058823536,-3.735294117647059,Harris
08111,San Juan County,CO,Colorado,188,376,24,588,31.97278911564626,63.94557823129252,-31.97278911564626,Harris
08113,San Miguel County,CO,Colorado,1154,3529,121,4804,24.021648626144877,73.45961698584513,-49.43796835970025,Harris
08115,Sedgwick County,CO,Colorado,1048,283,27,1358,77.17231222385863,20.839469808541974,56.33284241531664,Trump
08117,Summit County,CO,Colorado,5244,11762,536,17542,29.893968760688633,67.0505073537795,-37.156538593090865,Harris
08119,Teller County,CO,Colorado,10856,5065,405,16326,66.49516109273551,31.02413328433174,35.47102780840377,Trump
08121,Washington County,CO,Colorado,2436,329,41,2806,86.81397006414825,11.724875267284391,75.08909479686386,Trump
08123,Weld County,CO,Colorado,106469,68752,4633,179854,59.19746016213151,38.22656154436376,20.970898617767745,Trump
08125,Yuma County,CO,Colorado,3807,758,98,4663,81.64271927943383,16.255629423118165,65.38708985631567,Trump
09001,Fairfield County,CT,Connecticut,178263,267019,7021,452303,39.41229662416566,59.03542536750807,-19.623128743342406,Harris
09003,Hartford County,CT,Connecticut,162572,259366,7387,429325,37.86688406219065,60.41250800675479,-22.54562394456414,Harris
09005,Litchfield County,CT,Connecticut,56452,47940,1577,105969,53.272183374383076,45.23964555671942,8.032537817663657,Trump
09007,Middlesex County,CT,Connecticut,41654,54173,1692,97519,42.71372758129185,55.55122591494991,-12.837498333658056,Harris
09009,New Haven County,CT,Connecticut,171445,219007,7571,398023,43.074143956505026,55.02370466028344,-11.949560703778426,Harris
09011,New London County,CT,Connecticut,58909,76252,2456,137617,42.80648466395866,55.40885210402785,-12.602367440069179,Harris
09013,Tolland County,CT,Connecticut,36818,43367,1447,81632,45.102410819286554,53.125,-8.022589180713446,Harris
09015,Windham County,CT,Connecticut,30911,25073,903,56887,54.33754636384411,44.075096243429954,10.262450120414154,Trump
10001,Kent County,DE,Delaware,42432,44200,1460,88092,48.16782454706443,50.17481723652545,-2.006992689461018,Harris
10003,New Castle County,DE,Delaware,90768,180568,4346,275682,32.924891723072236,65.49865424655944,-32.573762523487204,Harris
10005,Sussex County,DE,Delaware,80984,64817,1778,147579,54.875016093075565,43.920205449284786,10.954810643790783,Trump
12001,Alachua County,FL,Florida,52939,81578,2031,136548,38.769516946421774,59.74309400357384,-20.973577057152063,Harris
12003,Baker County,FL,Florida,12926,1982,69,14977,86.30566869199438,13.2336248915003,73.07204380049409,Trump
12005,Bay County,FL,Florida,71497,25201,1079,97777,73.12251347453899,25.77395502009675,47.348558454442255,Trump
12007,Bradford County,FL,Florida,10920,2946,66,13932,78.38070628768304,21.145564168819984,57.235142118863045,Trump
12009,Brevard County,FL,Florida,216533,141233,3683,361449,59.90693016165489,39.074115573704724,20.832814587950168,Trump
12011,Broward County,FL,Florida,358952,507328,8259,874539,41.044710413143385,58.010906317499845,-16.966195904356464,Harris
12013,Calhoun County,FL,Florida,5367,1021,40,6428,83.49408836341009,15.88363410080896,67.61045426260111,Trump
12015,Charlotte County,FL,Florida,82480,40450,746,123676,66.69038455318737,32.70642646916136,33.98395808402601,Trump
12017,Citrus County,FL,Florida,71356,26276,605,98237,72.63658295754145,26.747559473518123,45.88902348402333,Trump
12019,Clay County,FL,Florida,87711,37926,1174,126811,69.16671266688222,29.907500138000646,39.25921252888156,Trump
12021,Collier County,FL,Florida,143267,71720,1383,216370,66.21389286869714,33.1469242501271,33.066968618570044,Trump
12023,Columbia County,FL,Florida,25108,8250,234,33592,74.7439866634913,24.55941890926411,50.184567754227196,Trump
12027,DeSoto County,FL,Florida,8888,3525,75,12488,71.17232543241512,28.22709801409353,42.94522741832159,Trump
12029,Dixie County,FL,Florida,6920,1183,45,8148,84.92881688757977,14.518900343642613,70.40991654393717,Trump
12031,Duval County,FL,Florida,236285,229365,5632,471282,50.136648545881236,48.6683132392071,1.4683353066741356,Trump
12033,Escambia County,FL,Florida,96407,64601,1747,162755,59.234432121901015,39.69217535559583,19.542256766305183,Trump
12035,Flagler County,FL,Florida,51014,28431,523,79968,63.79301720688275,35.55297118847539,28.240046018407362,Trump
12037,Franklin County,FL,Florida,4831,1870,57,6758,71.48564664101805,27.67090855282628,43.814738088191774,Trump
12039,Gadsden County,FL,Florida,7495,14203,170,21868,34.27382476678251,64.94878361075544,-30.674958843972927,Harris
12041,Gilchrist County,FL,Florida,8931,1662,93,10686,83.57664233576642,15.553060078607524,68.02358225715889,Trump
12043,Glades County,FL,Florida,4034,1222,23,5279,76.41598787649177,23.14832354612616,53.267664330365605,Trump
12045,Gulf County,FL,Florida,6684,1970,43,8697,76.85408761641945,22.651489019202025,54.20259859721743,Trump
12047,Hamilton County,FL,Florida,3964,1727,42,5733,69.14355485784057,30.123844409558696,39.01971044828188,Trump
12049,Hardee County,FL,Florida,6336,1751,56,8143,77.80916124278522,21.50313152400835,56.30602971877686,Trump
12051,Hendry County,FL,Florida,9253,4096,111,13460,68.7444279346211,30.430906389301633,38.31352154531947,Trump
12053,Hernando County,FL,Florida,75446,34431,814,110691,68.15910959337255,31.10550993305689,37.053599660315655,Trump
12055,Highlands County,FL,Florida,36382,15227,296,51905,70.09343993834891,29.336287448222713,40.75715249012619,Trump
12057,Hillsborough County,FL,Florida,342017,321455,8521,671993,50.89591707056472,47.8360637685214,3.059853302043325,Trump
12059,Holmes County,FL,Florida,8193,882,41,9116,89.87494515138219,9.6752961825362,80.19964896884598,Trump
12061,Indian River County,FL,Florida,62737,35654,626,99017,63.359827100396906,36.00795822939495,27.35186887100195,Trump
12063,Jackson County,FL,Florida,16074,5892,132,22098,72.73961444474612,26.663046429541136,46.07656801520499,Trump
12065,Jefferson County,FL,Florida,5011,3429,62,8502,58.93907315925665,40.33168666196189,18.607386497294755,Trump
12067,Lafayette County,FL,Florida,3296,441,19,3756,87.75292864749734,11.741214057507987,76.01171458998935,Trump
12069,Lake County,FL,Florida,140500,84546,1742,226788,61.95213150607616,37.27975025133605,24.67238125474011,Trump
12071,Lee County,FL,Florida,250661,139240,2631,392532,63.85746894520702,35.47226722916857,28.385201716038438,Trump
12073,Leon County,FL,Florida,60397,94520,1885,156802,38.518003596892896,60.279843369344775,-21.761839772451882,Harris
12075,Levy County,FL,Florida,18245,5994,139,24378,74.84207071950118,24.5877430470096,50.25432767249159,Trump
12077,Liberty County,FL,Florida,2898,566,26,3490,83.03724928366762,16.21776504297994,66.81948424068767,Trump
12079,Madison County,FL,Florida,5874,3231,51,9156,64.15465268676279,35.28833551769331,28.86631716906946,Trump
12081,Manatee County,FL,Florida,140486,86674,1700,228860,61.38512627807393,37.87206152232806,23.513064755745873,Trump
12083,Marion County,FL,Florida,140173,72436,1497,214106,65.46897331228458,33.831840303401115,31.63713300888345,Trump
12085,Martin County,FL,Florida,64121,33539,631,98291,65.2358812098768,34.12214750078847,31.113733709088322,Trump
12086,Miami-Dade County,FL,Florida,605590,480355,8160,1094105,55.350263457346415,43.903921470060006,11.446341987286413,Trump
12087,Monroe County,FL,Florida,26064,17933,331,44328,58.798050893340545,40.45524273596824,18.342808157372314,Trump
12089,Nassau County,FL,Florida,47945,17143,537,65625,73.05904761904762,26.122666666666667,46.93638095238095,Trump
12091,Okaloosa County,FL,Florida,80309,32074,1253,113636,70.67214615086769,28.22521032067303,42.446935830194654,Trump
12093,Okeechobee County,FL,Florida,12315,3671,72,16058,76.69074604558476,22.860879312492216,53.82986673309254,Trump
12095,Orange County,FL,Florida,258279,340807,8113,607199,42.53613724660285,56.127727483082154,-13.591590236479309,Harris
12097,Osceola County,FL,Florida,86713,84205,1862,172780,50.18694293320986,48.73538604005093,1.4515568931589304,Trump
12099,Palm Beach County,FL,Florida,366836,372512,6361,745709,49.19291573522648,49.95407055567252,-0.7611548204460453,Harris
12101,Pasco County,FL,Florida,197779,117450,3242,318471,62.102671828832136,36.87933909209944,25.2233327367327,Trump
12103,Pinellas County,FL,Florida,269472,242452,5150,517074,52.11478434421378,46.88922668708928,5.2255576571245115,Trump
12105,Polk County,FL,Florida,209044,136879,3008,348931,59.90983890797894,39.228099538304136,20.681739369674805,Trump
12107,Putnam County,FL,Florida,26700,9354,218,36272,73.6104984561094,25.788486987207765,47.82201146890163,Trump
12113,Santa Rosa County,FL,Florida,84314,27035,1076,112425,74.99577496108517,24.04714253947076,50.94863242161441,Trump
12115,Sarasota County,FL,Florida,163219,112668,1979,277866,58.74018411752427,40.547602081578894,18.192582035945385,Trump
12117,Seminole County,FL,Florida,129735,120717,3275,253727,51.13172819605324,47.57751441509969,3.554213780953545,Trump
12109,St. Johns County,FL,Florida,128759,66862,1836,197457,65.20862770122102,33.86154960320475,31.34707809801628,Trump
12111,St. Lucie County,FL,Florida,100293,83517,1321,185131,54.17407133327211,45.11237988235358,9.061691450918538,Trump
12119,Sumter County,FL,Florida,72134,32551,533,105218,68.55671082894563,30.936721853675227,37.61998897527039,Trump
12121,Suwannee County,FL,Florida,17561,4217,113,21891,80.2201818098762,19.26362432049701,60.95655748937919,Trump
12123,Taylor County,FL,Florida,7954,1991,52,9997,79.56386916074823,19.915974792437733,59.647894368310496,Trump
12125,Union County,FL,Florida,5224,971,36,6231,83.83887016530251,15.583373455304125,68.2554967099984,Trump
12127,Volusia County,FL,Florida,187691,120132,2675,310498,60.44837647907555,38.690104284085564,21.758272194989985,Trump
12129,Wakulla County,FL,Florida,14246,5441,169,19856,71.74657534246576,27.40229653505238,44.34427880741338,Trump
12131,Walton County,FL,Florida,38970,10287,344,49601,78.56696437571823,20.739501219733473,57.82746315598476,Trump
12133,Washington County,FL,Florida,10370,2140,74,12584,82.40623013350286,17.005721551176098,65.40050858232676,Trump
13001,Appling County,GA,Georgia,6761,1560,13,8334,81.12550995920327,18.718502519798417,62.40700743940485,Trump
13003,Atkinson County,GA,Georgia,2350,700,7,3057,76.87275106313379,22.89826627412496,53.974484789008834,Trump
13005,Bacon County,GA,Georgia,4186,645,8,4839,86.50547633808638,13.32920024798512,73.17627609010125,Trump
13007,Baker County,GA,Georgia,883,590,3,1476,59.82384823848238,39.97289972899729,19.850948509485093,Trump
13009,Baldwin County,GA,Georgia,9574,9159,92,18825,50.85790172642762,48.65338645418327,2.2045152722443557,Trump
13011,Banks County,GA,Georgia,9358,1136,25,10519,88.96282916627057,10.79950565643122,78.16332350983933,Trump
13013,Barrow County,GA,Georgia,30730,12949,255,43934,69.94582783265808,29.47375608867847,40.472071743979605,Trump
13015,Bartow County,GA,Georgia,43271,13942,334,57547,75.19245138756148,24.227153457174136,50.96529793038733,Trump
13017,Ben Hill County,GA,Georgia,4281,2199,21,6501,65.85140747577296,33.82556529764651,32.02584217812644,Trump
13019,Berrien County,GA,Georgia,6841,1209,18,8068,84.79176995537928,14.985126425384236,69.80664352999504,Trump
13021,Bibb County,GA,Georgia,26658,42172,351,69181,38.533701449820036,60.95893381130657,-22.425232361486536,Harris
13023,Bleckley County,GA,Georgia,4685,1339,20,6044,77.51489080079418,22.1542025148908,55.36068828590337,Trump
13025,Brantley County,GA,Georgia,7744,736,20,8500,91.10588235294118,8.658823529411764,82.4470588235294,Trump
13027,Brooks County,GA,Georgia,4560,2629,21,7210,63.24549237170597,36.463245492371705,26.78224687933426,Trump
13029,Bryan County,GA,Georgia,16738,7779,134,24651,67.89988235771368,31.556529146890593,36.343353210823096,Trump
13031,Bulloch County,GA,Georgia,20985,11514,158,32657,64.25881128088923,35.25737207949291,29.001439201396334,Trump
13033,Burke County,GA,Georgia,6027,4994,49,11070,54.44444444444444,45.11291779584462,9.33152664859982,Trump
13035,Butts County,GA,Georgia,9424,3544,51,13019,72.38651202089255,27.221752822797452,45.16475919809509,Trump
13037,Calhoun County,GA,Georgia,900,1153,3,2056,43.77431906614786,56.07976653696498,-12.305447470817121,Harris
13039,Camden County,GA,Georgia,17819,8405,169,26393,67.5141135907248,31.845565111961506,35.668548478763306,Trump
13043,Candler County,GA,Georgia,3366,1196,6,4568,73.68651488616462,26.182136602451838,47.50437828371278,Trump
13045,Carroll County,GA,Georgia,42536,17634,324,60494,70.31441134657983,29.1499983469435,41.164412999636326,Trump
13047,Catoosa County,GA,Georgia,27150,7704,184,35038,77.48729950339632,21.98755636737257,55.49974313602375,Trump
13049,Charlton County,GA,Georgia,3607,1007,14,4628,77.93863439930855,21.758859118409678,56.17977528089888,Trump
13051,Chatham County,GA,Georgia,57336,82758,1015,141109,40.63241891020417,58.648278990000634,-18.015860079796468,Harris
13053,Chattahoochee County,GA,Georgia,982,703,9,1694,57.969303423848885,41.49940968122786,16.469893742621014,Trump
13055,Chattooga County,GA,Georgia,8769,1896,41,10706,81.90734167756398,17.709695497851673,64.19764617971231,Trump
13057,Cherokee County,GA,Georgia,112142,48838,1301,162281,69.10359191772297,30.094712258366663,39.008879659356296,Trump
13059,Clarke County,GA,Georgia,16049,36297,541,52887,30.345831678862478,68.63123262805605,-38.285400949193566,Harris
13061,Clay County,GA,Georgia,663,771,8,1442,45.97780859916782,53.46740638002774,-7.489597780859916,Harris
13063,Clayton County,GA,Georgia,16877,94203,649,111729,15.105299429870488,84.31383078699352,-69.20853135712304,Harris
13065,Clinch County,GA,Georgia,2201,702,5,2908,75.68775790921596,24.140302613480056,51.5474552957359,Trump
13067,Cobb County,GA,Georgia,168679,228404,4286,401369,42.02591630145826,56.90623839907916,-14.880322097620894,Harris
13069,Coffee County,GA,Georgia,11388,4295,32,15715,72.46579700922685,27.330575882914417,45.135221126312445,Trump
13071,Colquitt County,GA,Georgia,12451,4114,46,16611,74.95635422310517,24.76672084763109,50.18963337547409,Trump
13073,Columbia County,GA,Georgia,53657,31624,639,85920,62.44995344506518,36.80633147113594,25.643621973929235,Trump
13075,Cook County,GA,Georgia,5374,1956,27,7357,73.04607856463232,26.5869240179421,46.45915454669023,Trump
13077,Coweta County,GA,Georgia,57204,28111,601,85916,66.58131197914243,32.719167559011126,33.86214442013129,Trump
13079,Crawford County,GA,Georgia,4742,1582,16,6340,74.79495268138801,24.952681388012618,49.8422712933754,Trump
13081,Crisp County,GA,Georgia,5099,2993,24,8116,62.8265155248891,36.877772301626415,25.948743223262692,Trump
13083,Dade County,GA,Georgia,6804,1343,53,8200,82.97560975609755,16.378048780487806,66.59756097560975,Trump
13085,Dawson County,GA,Georgia,16115,3350,96,19561,82.38331373651654,17.12591380808752,65.25739992842901,Trump
13089,DeKalb County,GA,Georgia,62622,299630,3756,366008,17.109462088260365,81.8643308342987,-64.75486874603834,Harris
13087,Decatur County,GA,Georgia,7140,4372,37,11549,61.823534505151954,37.85609143648801,23.967443068663954,Trump
13091,Dodge County,GA,Georgia,6249,2081,20,8350,74.83832335329342,24.922155688622755,49.91616766467066,Trump
13093,Dooly County,GA,Georgia,2243,1921,13,4177,53.698826909265016,45.989944936557336,7.708881972707685,Trump
13095,Dougherty County,GA,Georgia,9904,23831,115,33850,29.258493353028065,70.40177252584934,-41.143279172821266,Harris
13097,Douglas County,GA,Georgia,23996,46240,485,70721,33.930515688409386,65.38369084147566,-31.453175153066276,Harris
13099,Early County,GA,Georgia,2718,2158,3,4879,55.70813691330191,44.230375076860014,11.477761836441895,Trump
13101,Echols County,GA,Georgia,1307,127,4,1438,90.89012517385258,8.831710709318498,82.05841446453408,Trump
13103,Effingham County,GA,Georgia,26943,9144,157,36244,74.33782143251297,25.22900342125593,49.108818011257036,Trump
13105,Elbert County,GA,Georgia,6860,2700,29,9589,71.540306601314,28.157263531129416,43.383043070184584,Trump
13107,Emanuel County,GA,Georgia,6919,2673,27,9619,71.93055411165402,27.788751429462522,44.141802682191496,Trump
13109,Evans County,GA,Georgia,3011,1214,19,4244,70.94721960414702,28.605089538171534,42.342130065975496,Trump
13111,Fannin County,GA,Georgia,13232,2807,57,16096,82.20675944333996,17.43911530815109,64.76764413518886,Trump
13113,Fayette County,GA,Georgia,38177,35822,634,74633,51.15297522543647,47.99753460265566,3.155440622780807,Trump
13115,Floyd County,GA,Georgia,31631,12862,245,44738,70.70275828155036,28.749608833653717,41.95314944789664,Trump
13117,Forsyth County,GA,Georgia,91281,45509,1459,138249,66.0265173708309,32.918140456712166,33.10837691411873,Trump
13119,Franklin County,GA,Georgia,10459,1647,34,12140,86.15321252059309,13.566721581548599,72.58649093904448,Trump
13121,Fulton County,GA,Georgia,144655,384752,5831,535238,27.026294844536448,71.88428325343118,-44.857988408894734,Harris
13123,Gilmer County,GA,Georgia,14976,3413,92,18481,81.03457605107948,18.467615388777663,62.56696066230182,Trump
13125,Glascock County,GA,Georgia,1534,133,3,1670,91.8562874251497,7.964071856287425,83.89221556886227,Trump
13127,Glynn County,GA,Georgia,27558,16144,210,43912,62.757332847513204,36.76443796684278,25.99289488067043,Trump
13129,Gordon County,GA,Georgia,22495,4982,129,27606,81.48590886039267,18.04680141998116,63.439107440411505,Trump
13131,Grady County,GA,Georgia,7385,3290,43,10718,68.90278036947191,30.696025377869006,38.20675499160291,Trump
13133,Greene County,GA,Georgia,8215,4514,57,12786,64.2499608947286,35.30423901141874,28.945721883309872,Trump
13135,Gwinnett County,GA,Georgia,173041,242507,5133,420681,41.13354299338454,57.64629255896986,-16.512749565585324,Harris
13137,Habersham County,GA,Georgia,19142,4036,102,23280,82.22508591065292,17.33676975945017,64.88831615120276,Trump
13139,Hall County,GA,Georgia,72991,28347,635,101973,71.57875123807283,27.798534906298727,43.7802163317741,Trump
13141,Hancock County,GA,Georgia,1364,2864,12,4240,32.16981132075472,67.54716981132076,-35.37735849056604,Harris
13143,Haralson County,GA,Georgia,14239,2065,60,16364,87.01417746272305,12.619164018577363,74.39501344414569,Trump
13145,Harris County,GA,Georgia,16283,5976,94,22353,72.84480830313605,26.73466648771977,46.11014181541628,Trump
13147,Hart County,GA,Georgia,11064,3210,57,14331,77.20326564789617,22.39899518526272,54.804270462633454,Trump
13149,Heard County,GA,Georgia,5335,859,16,6210,85.90982286634461,13.832528180354267,72.07729468599034,Trump
13151,Henry County,GA,Georgia,44982,83253,799,129034,34.860579382178344,64.52020397724631,-29.659624595067967,Harris
13153,Houston County,GA,Georgia,45090,35907,517,81514,55.315651299163335,44.050101822999736,11.265549476163605,Trump
13155,Irwin County,GA,Georgia,3340,986,16,4342,76.92307692307693,22.70842929525564,54.21464762782128,Trump
13157,Jackson County,GA,Georgia,36497,10472,274,47243,77.25377304574222,22.16624685138539,55.08752619435684,Trump
13159,Jasper County,GA,Georgia,7203,1881,34,9118,78.99758719017328,20.629524018425094,58.36806317174818,Trump
13161,Jeff Davis County,GA,Georgia,4935,924,13,5872,84.04291553133515,15.735694822888282,68.30722070844686,Trump
13163,Jefferson County,GA,Georgia,3765,3674,24,7463,50.44888114699183,49.22953235964089,1.2193487873509312,Trump
13165,Jenkins County,GA,Georgia,2217,1179,13,3409,65.03373423291288,34.58492226459372,30.448811968319156,Trump
13167,Johnson County,GA,Georgia,2913,1066,5,3984,73.11746987951807,26.7570281124498,46.360441767068274,Trump
13169,Jones County,GA,Georgia,11079,4959,54,16092,68.84787472035794,30.8165548098434,38.03131991051455,Trump
13171,Lamar County,GA,Georgia,7575,2795,42,10412,72.75259316173646,26.84402612370342,45.90856703803304,Trump
13173,Lanier County,GA,Georgia,2726,995,15,3736,72.96573875802997,26.632762312633833,46.33297644539615,Trump
13175,Laurens County,GA,Georgia,15460,7820,72,23352,66.20417951353204,33.487495717711546,32.71668379582049,Trump
13177,Lee County,GA,Georgia,12655,4957,71,17683,71.56591076174857,28.032573658315897,43.53333710343267,Trump
13179,Liberty County,GA,Georgia,9441,13459,128,23028,40.99791558103178,58.446239360778186,-17.448323779746396,Harris
13181,Lincoln County,GA,Georgia,3559,1351,21,4931,72.17602920300142,27.398093692962888,44.77793551003853,Trump
13183,Long County,GA,Georgia,4557,2476,23,7056,64.58333333333334,35.090702947845806,29.49263038548753,Trump
13185,Lowndes County,GA,Georgia,28081,19487,227,47795,58.753007636782094,40.77204728528089,17.980960351501203,Trump
13187,Lumpkin County,GA,Georgia,14339,3356,113,17808,80.51999101527404,18.845462713387242,61.67452830188679,Trump
13193,Macon County,GA,Georgia,1916,2755,15,4686,40.887750746905674,58.792146820315835,-17.904396073410158,Harris
13195,Madison County,GA,Georgia,12951,3753,83,16787,77.14898433311491,22.35658545302913,54.79239888008578,Trump
13197,Marion County,GA,Georgia,2348,1253,20,3621,64.84396575531622,34.60370063518365,30.24026512013256,Trump
13189,McDuffie County,GA,Georgia,6562,3937,38,10537,62.27579007307583,37.36357597039006,24.912214102685773,Trump
13191,McIntosh County,GA,Georgia,4747,2628,33,7408,64.079373650108,35.475161987041034,28.604211663066952,Trump
13199,Meriwether County,GA,Georgia,7375,4373,40,11788,62.56362402443163,37.097047845266374,25.46657617916525,Trump
13201,Miller County,GA,Georgia,2045,670,9,2724,75.07342143906021,24.59618208516887,50.477239353891335,Trump
13205,Mitchell County,GA,Georgia,5150,3701,26,8877,58.01509518981638,41.69201306747775,16.32308212233863,Trump
13207,Monroe County,GA,Georgia,12954,4689,61,17704,73.1699051061907,26.485539990962494,46.684365115228196,Trump
13209,Montgomery County,GA,Georgia,3033,927,13,3973,76.34029700478227,23.33249433677322,53.00780266800906,Trump
13211,Morgan County,GA,Georgia,9589,3533,59,13181,72.7486533646916,26.803732645474547,45.94492071921705,Trump
13213,Murray County,GA,Georgia,14965,2459,44,17468,85.67094114953056,14.077169681703685,71.59377146782688,Trump
13215,Muscogee County,GA,Georgia,30616,49413,462,80491,38.03655067026127,61.38947211489483,-23.352921444633562,Harris
13217,Newton County,GA,Georgia,24893,33839,319,59051,42.155086281350016,57.30470271460263,-15.149616433252614,Harris
13219,Oconee County,GA,Georgia,18424,8620,243,27287,67.51933154982225,31.59013449628028,35.92919705354198,Trump
13221,Oglethorpe County,GA,Georgia,6255,2515,52,8822,70.9022897302199,28.50827476762639,42.394014962593516,Trump
13223,Paulding County,GA,Georgia,58769,35802,625,95196,61.734736753645116,37.60872305559057,24.126013698054543,Trump
13225,Peach County,GA,Georgia,7104,6293,57,13454,52.80214062732272,46.774193548387096,6.027947078935632,Trump
13227,Pickens County,GA,Georgia,17281,3522,112,20915,82.62491035142241,16.83958881185752,65.7853215395649,Trump
13229,Pierce County,GA,Georgia,8655,1089,17,9761,88.6691937301506,11.156643786497284,77.51254994365333,Trump
13231,Pike County,GA,Georgia,10864,1648,37,12549,86.5726352697426,13.132520519563313,73.44011475017929,Trump
13233,Polk County,GA,Georgia,15352,3749,70,19171,80.0792864222002,19.55557873871994,60.523707683480254,Trump
13235,Pulaski County,GA,Georgia,3036,1281,19,4336,70.01845018450184,29.543357933579333,40.475092250922515,Trump
13237,Putnam County,GA,Georgia,9136,3696,45,12877,70.94820222101421,28.70233750097072,42.24586472004349,Trump
13239,Quitman County,GA,Georgia,656,480,4,1140,57.54385964912281,42.10526315789473,15.43859649122807,Trump
13241,Rabun County,GA,Georgia,8151,2222,50,10423,78.20205315168378,21.31823851098532,56.88381464069846,Trump
13243,Randolph County,GA,Georgia,1373,1601,16,2990,45.919732441471574,53.545150501672246,-7.625418060200668,Harris
13245,Richmond County,GA,Georgia,26472,56657,449,83578,31.673406877407928,67.78937040848069,-36.11596353107277,Harris
13247,Rockdale County,GA,Georgia,11711,33165,284,45160,25.932240921169175,73.43888396811337,-47.5066430469442,Harris
13249,Schley County,GA,Georgia,1970,453,5,2428,81.13673805601319,18.657331136738055,62.47940691927513,Trump
13251,Screven County,GA,Georgia,4325,2581,14,6920,62.5,37.297687861271676,25.202312138728324,Trump
13253,Seminole County,GA,Georgia,2811,1191,5,4007,70.15223359121538,29.722984776640875,40.42924881457449,Trump
13255,Spalding County,GA,Georgia,19184,13679,175,33038,58.066468914583204,41.40383800472184,16.662630909861374,Trump
13257,Stephens County,GA,Georgia,10632,2404,63,13099,81.16650125963814,18.35254599587755,62.81395526376059,Trump
13259,Stewart County,GA,Georgia,847,1177,4,2028,41.765285996055226,58.03747534516766,-16.272189349112427,Harris
13261,Sumter County,GA,Georgia,5869,6136,44,12049,48.70943646775666,50.925387999004066,-2.2159515312474065,Harris
13263,Talbot County,GA,Georgia,1483,1888,8,3379,43.88872447469666,55.874519088487716,-11.985794613791063,Harris
13265,Taliaferro County,GA,Georgia,375,507,2,884,42.42081447963801,57.35294117647059,-14.93212669683258,Harris
13267,Tattnall County,GA,Georgia,6515,1967,30,8512,76.5390037593985,23.108552631578945,53.430451127819545,Trump
13269,Taylor County,GA,Georgia,2600,1366,16,3982,65.29382219989954,34.30436966348569,30.989452536413864,Trump
13271,Telfair County,GA,Georgia,2930,1274,10,4214,69.53013763644992,30.23255813953488,39.29757949691505,Trump
13273,Terrell County,GA,Georgia,2075,2253,13,4341,47.800046072333565,51.900483759502414,-4.100437687168855,Harris
13275,Thomas County,GA,Georgia,13670,8347,63,22080,61.91123188405797,37.80344202898551,24.107789855072465,Trump
13277,Tift County,GA,Georgia,11496,5438,55,16989,67.66731414444641,32.00894696568368,35.65836717876273,Trump
13279,Toombs County,GA,Georgia,8208,2674,30,10912,75.2199413489736,24.505131964809383,50.71480938416423,Trump
13281,Towns County,GA,Georgia,7155,1649,34,8838,80.95723014256619,18.65806743607151,62.299162706494684,Trump
13283,Treutlen County,GA,Georgia,2250,864,7,3121,72.09227811598846,27.68343479653957,44.40884331944889,Trump
13285,Troup County,GA,Georgia,19392,11757,155,31304,61.94735497061078,37.55750063889599,24.389854331714798,Trump
13287,Turner County,GA,Georgia,2457,1365,11,3833,64.10122619358205,35.6117923297678,28.489433863814245,Trump
13289,Twiggs County,GA,Georgia,2549,1895,12,4456,57.203770197486534,42.52692998204668,14.676840215439857,Trump
13291,Union County,GA,Georgia,14477,3309,94,17880,80.96756152125279,18.506711409395972,62.46085011185683,Trump
13293,Upson County,GA,Georgia,9528,4098,36,13662,69.74088713219147,29.995608256477823,39.74527887571366,Trump
13295,Walker County,GA,Georgia,25462,6436,188,32086,79.35548214174406,20.058592532568724,59.29688960917534,Trump
13297,Walton County,GA,Georgia,42407,15605,364,58376,72.64457996436892,26.73187611347129,45.91270385089763,Trump
13299,Ware County,GA,Georgia,10279,4068,45,14392,71.42162312395776,28.265703168426903,43.155919955530855,Trump
13301,Warren County,GA,Georgia,1232,1354,6,2592,47.53086419753087,52.23765432098766,-4.70679012345679,Harris
13303,Washington County,GA,Georgia,4824,4643,26,9493,50.81639102496577,48.9097229537554,1.9066680712103656,Trump
13305,Wayne County,GA,Georgia,10811,2708,42,13561,79.7212594941376,19.969028832681957,59.75223066145564,Trump
13307,Webster County,GA,Georgia,790,544,2,1336,59.13173652694611,40.7185628742515,18.41317365269461,Trump
13309,Wheeler County,GA,Georgia,1648,622,6,2276,72.40773286467487,27.3286467486819,45.07908611599297,Trump
13311,White County,GA,Georgia,14136,2609,80,16825,84.01783060921248,15.506686478454682,68.5111441307578,Trump
13313,Whitfield County,GA,Georgia,28655,10953,220,39828,71.94687154765491,27.500753238927388,44.44611830872753,Trump
13315,Wilcox County,GA,Georgia,2493,847,7,3347,74.48461308634599,25.30624439796833,49.17836868837765,Trump
13317,Wilkes County,GA,Georgia,2971,2112,15,5098,58.277755982738334,41.42801098469988,16.849744998038446,Trump
13319,Wilkinson County,GA,Georgia,2888,2012,8,4908,58.84270578647107,40.99429502852486,17.84841075794621,Trump
13321,Worth County,GA,Georgia,6991,2300,18,9309,75.0993662047481,24.707272531958317,50.39209367278977,Trump
15001,Hawaii County,HI,Hawaii,28748,52163,1912,82823,34.71016505077092,62.981297465679816,-28.2711324149089,Harris
15003,Honolulu County,HI,Hawaii,130489,204301,6131,340921,38.27543624476052,59.926199911416425,-21.650763666655912,Harris
15007,Kauai County,HI,Hawaii,11803,17675,586,30064,39.259579563597654,58.7912453432677,-19.53166577967004,Harris
15009,Maui County,HI,Hawaii,22621,38905,1367,62893,35.967436757667784,61.85903041673954,-25.891593659071756,Harris
16001,Ada County,ID,Idaho,143759,116116,7544,267419,53.75796035435029,43.42099850795942,10.33696184639087,Trump
16003,Adams County,ID,Idaho,2037,577,67,2681,75.97911227154047,21.521820216337186,54.457292055203276,Trump
16005,Bannock County,ID,Idaho,24329,14306,1341,39976,60.85901540924554,35.78647188312988,25.07254352611567,Trump
16007,Bear Lake County,ID,Idaho,2908,346,71,3325,87.45864661654136,10.406015037593985,77.05263157894737,Trump
16009,Benewah County,ID,Idaho,4094,935,116,5145,79.57240038872692,18.172983479105927,61.399416909620996,Trump
16011,Bingham County,ID,Idaho,16188,3878,585,20651,78.388455764854,18.778751634303422,59.609704130550575,Trump
16013,Blaine County,ID,Idaho,4281,8424,384,13089,32.70685308274123,64.35938574375429,-31.652532661013066,Harris
16015,Boise County,ID,Idaho,3727,1065,118,4910,75.90631364562118,21.69042769857434,54.215885947046836,Trump
16017,Bonner County,ID,Idaho,21352,7650,708,29710,71.86805789296533,25.74890609222484,46.1191518007405,Trump
16019,Bonneville County,ID,Idaho,40053,14458,1925,56436,70.9706570274293,25.618399603090225,45.35225742433908,Trump
16021,Boundary County,ID,Idaho,5794,1145,171,7110,81.49085794655416,16.10407876230661,65.38677918424753,Trump
16023,Butte County,ID,Idaho,1268,185,41,1494,84.87282463186078,12.382864792503346,72.48995983935743,Trump
16025,Camas County,ID,Idaho,547,153,28,728,75.13736263736264,21.016483516483518,54.12087912087912,Trump
16027,Canyon County,ID,Idaho,72755,25669,2606,101030,72.01326338711273,25.40730476096209,46.60595862615065,Trump
16029,Caribou County,ID,Idaho,2906,445,105,3456,84.08564814814815,12.876157407407407,71.20949074074075,Trump
16031,Cassia County,ID,Idaho,7959,1359,240,9558,83.27055869428752,14.218455743879474,69.05210295040803,Trump
16033,Clark County,ID,Idaho,280,50,3,333,84.08408408408408,15.015015015015015,69.06906906906907,Trump
16035,Clearwater County,ID,Idaho,3550,774,96,4420,80.31674208144797,17.51131221719457,62.80542986425339,Trump
16037,Custer County,ID,Idaho,1998,586,66,2650,75.39622641509433,22.11320754716981,53.283018867924525,Trump
16039,Elmore County,ID,Idaho,7791,2611,270,10672,73.00412293853074,24.46589205397301,48.53823088455772,Trump
16041,Franklin County,ID,Idaho,6279,703,202,7184,87.40256124721604,9.785634743875278,77.61692650334075,Trump
16043,Fremont County,ID,Idaho,5645,954,204,6803,82.97809789798617,14.02322504777304,68.95487285021315,Trump
16045,Gem County,ID,Idaho,8707,1699,214,10620,81.98681732580037,15.998116760828626,65.98870056497175,Trump
16047,Gooding County,ID,Idaho,4676,1100,142,5918,79.01318012842177,18.587360594795538,60.425819533626225,Trump
16049,Idaho County,ID,Idaho,8148,1460,259,9867,82.57829127394345,14.79679740549306,67.7814938684504,Trump
16051,Jefferson County,ID,Idaho,13481,1891,448,15820,85.2149178255373,11.953223767383058,73.26169405815423,Trump
16053,Jerome County,ID,Idaho,6012,1742,192,7946,75.66070979108986,21.922980115781527,53.73772967530833,Trump
16055,Kootenai County,ID,Idaho,72059,22113,2193,96365,74.7771493799616,22.947128106677734,51.83002127328387,Trump
16057,Latah County,ID,Idaho,10669,9039,753,20461,52.143101510190114,44.176726455207465,7.96637505498265,Trump
16059,Lemhi County,ID,Idaho,3716,1038,120,4874,76.24128026261798,21.296676241280263,54.9446040213377,Trump
16061,Lewis County,ID,Idaho,1503,305,38,1846,81.4192849404117,16.522210184182015,64.89707475622969,Trump
16063,Lincoln County,ID,Idaho,1466,392,59,1917,76.4736567553469,20.448617631716225,56.02503912363067,Trump
16065,Madison County,ID,Idaho,13925,2767,671,17363,80.1992743189541,15.936186142947648,64.26308817600645,Trump
16067,Minidoka County,ID,Idaho,6401,1373,174,7948,80.53598389531957,17.274786109713137,63.26119778560644,Trump
16069,Nez Perce County,ID,Idaho,13707,5928,500,20135,68.07549043953316,29.441271417928977,38.634219021604174,Trump
16071,Oneida County,ID,Idaho,2119,253,85,2457,86.24338624338624,10.297110297110297,75.94627594627595,Trump
16073,Owyhee County,ID,Idaho,4101,756,93,4950,82.84848484848484,15.272727272727273,67.57575757575758,Trump
16075,Payette County,ID,Idaho,9458,2064,239,11761,80.41833177450897,17.549528101351928,62.868803673157046,Trump
16077,Power County,ID,Idaho,2146,785,90,3021,71.03608076795763,25.984773253889443,45.05130751406819,Trump
16079,Shoshone County,ID,Idaho,4500,1472,160,6132,73.38551859099805,24.00521852576647,49.380300065231566,Trump
16081,Teton County,ID,Idaho,3005,3463,230,6698,44.86413854882054,51.70200059719319,-6.837862048372649,Harris
16083,Twin Falls County,ID,Idaho,27304,9064,1015,37383,73.03854693309793,24.246315169997057,48.79223176310087,Trump
16085,Valley County,ID,Idaho,4214,2869,157,7240,58.204419889502766,39.62707182320442,18.577348066298345,Trump
16087,Washington County,ID,Idaho,4429,1010,116,5555,79.72997299729973,18.181818181818183,61.548154815481546,Trump
17001,Adams County,IL,Illinois,23161,8111,494,31766,72.91128879934521,25.533589372284833,47.37769942706038,Trump
17003,Alexander County,IL,Illinois,1341,904,26,2271,59.04887714663144,39.806252752091595,19.24262439453985,Trump
17005,Bond County,IL,Illinois,5692,2117,182,7991,71.23013390063821,26.49230384182205,44.73783005881617,Trump
17007,Boone County,IL,Illinois,13673,10159,424,24256,56.369558047493406,41.88242084432718,14.487137203166228,Trump
17009,Brown County,IL,Illinois,1938,467,50,2455,78.94093686354378,19.022403258655803,59.91853360488798,Trump
17011,Bureau County,IL,Illinois,9784,5900,315,15999,61.153822113882114,36.877304831551974,24.276517282330147,Trump
17013,Calhoun County,IL,Illinois,2059,560,61,2680,76.82835820895522,20.8955223880597,55.93283582089552,Trump
17015,Carroll County,IL,Illinois,5082,2600,158,7840,64.82142857142857,33.16326530612245,31.658163265306122,Trump
17017,Cass County,IL,Illinois,3712,1438,91,5241,70.82617821026521,27.437511925205115,43.388666285060104,Trump
17019,Champaign County,IL,Illinois,32965,54314,2302,89581,36.799098023018274,60.631160625579085,-23.83206260256081,Harris
17021,Christian County,IL,Illinois,11278,4026,241,15545,72.55065937600514,25.89900289482149,46.651656481183664,Trump
17023,Clark County,IL,Illinois,6130,1927,149,8206,74.70143797221546,23.482817450645868,51.21862052156958,Trump
17025,Clay County,IL,Illinois,5610,1054,105,6769,82.8778253804107,15.570985374501403,67.3068400059093,Trump
17027,Clinton County,IL,Illinois,14407,4447,376,19230,74.91939677587104,23.12532501300052,51.794071762870516,Trump
17029,Coles County,IL,Illinois,13606,7495,406,21507,63.263123634165616,34.84911889152369,28.41400474264193,Trump
17031,Cook County,IL,Illinois,583852,1447821,47566,2079239,28.080081222024017,69.63225487786637,-41.55217365584235,Harris
17033,Crawford County,IL,Illinois,6727,2048,160,8935,75.28819250139898,22.921096810296586,52.367095691102406,Trump
17035,Cumberland County,IL,Illinois,4627,1059,83,5769,80.20454151499393,18.356734269370776,61.84780724562315,Trump
17039,De Witt County,IL,Illinois,22716,23648,990,47354,47.970604384001355,49.93875913333615,-1.9681547493347975,Harris
17037,DeKalb County,IL,Illinois,5529,2058,218,7805,70.83920563741192,26.367713004484305,44.471492632927614,Trump
17041,Douglas County,IL,Illinois,6076,2198,136,8410,72.24732461355529,26.135552913198573,46.11177170035672,Trump
17043,DuPage County,IL,Illinois,191243,251164,14475,456882,41.858291637665744,54.9734942501565,-13.115202612490753,Harris
17045,Edgar County,IL,Illinois,5955,1816,141,7912,75.26541961577351,22.95247724974722,52.31294236602629,Trump
17047,Edwards County,IL,Illinois,2794,457,38,3289,84.94983277591973,13.894800851322591,71.05503192459715,Trump
17049,Effingham County,IL,Illinois,15124,3617,343,19084,79.24963320058687,18.95304967512052,60.29658352546636,Trump
17051,Fayette County,IL,Illinois,7847,1632,122,9601,81.73106968024165,16.99822935110926,64.73284032913239,Trump
17053,Ford County,IL,Illinois,4778,1643,132,6553,72.9131695406684,25.07248588432779,47.8406836563406,Trump
17055,Franklin County,IL,Illinois,13200,4257,235,17692,74.60999321727334,24.061722812570654,50.54827040470269,Trump
17057,Fulton County,IL,Illinois,9827,5980,337,16144,60.8709117938553,37.0416253716551,23.829286422200198,Trump
17059,Gallatin County,IL,Illinois,1923,561,46,2530,76.00790513833992,22.17391304347826,53.83399209486166,Trump
17061,Greene County,IL,Illinois,4719,1220,117,6056,77.92272126816381,20.145310435931307,57.7774108322325,Trump
17063,Grundy County,IL,Illinois,16997,9143,449,26589,63.924931362593554,34.38640039113919,29.538530971454364,Trump
17065,Hamilton County,IL,Illinois,3385,739,57,4181,80.96149246591725,17.67519732121502,63.28629514470222,Trump
17067,Hancock County,IL,Illinois,6708,2183,174,9065,73.9988968560397,24.081632653061224,49.91726420297849,Trump
17069,Hardin County,IL,Illinois,1546,357,23,1926,80.26998961578401,18.53582554517134,61.73416407061267,Trump
17071,Henderson County,IL,Illinois,2369,1026,69,3464,68.3891454965358,29.618937644341802,38.77020785219399,Trump
17073,Henry County,IL,Illinois,15359,9226,507,25092,61.21074446038578,36.76869121632393,24.442053244061853,Trump
17075,Iroquois County,IL,Illinois,10376,2747,201,13324,77.87451215851095,20.61693185229661,57.25758030621435,Trump
17077,Jackson County,IL,Illinois,10614,11394,457,22465,47.24682839973291,50.71889606053862,-3.4720676608056977,Harris
17079,Jasper County,IL,Illinois,4449,912,64,5425,82.00921658986175,16.811059907834103,65.19815668202766,Trump
17081,Jefferson County,IL,Illinois,12189,4240,233,16662,73.15448325531149,25.447125195054614,47.70735806025687,Trump
17083,Jersey County,IL,Illinois,8684,2816,194,11694,74.26030442962202,24.080725158200785,50.17957927142124,Trump
17085,Jo Daviess County,IL,Illinois,7136,5051,225,12412,57.49274895262649,40.694489203996135,16.798259748630358,Trump
17087,Johnson County,IL,Illinois,4798,1241,66,6105,78.5913185913186,20.32760032760033,58.26371826371827,Trump
17089,Kane County,IL,Illinois,99260,120077,4197,223534,44.404878005135686,53.717555271233906,-9.312677266098222,Harris
17091,Kankakee County,IL,Illinois,28285,18399,885,47569,59.46099350417289,38.67855115726629,20.7824423469066,Trump
17093,Kendall County,IL,Illinois,31970,32977,1450,66397,48.14976580267181,49.66640059038812,-1.5166347877163124,Harris
17095,Knox County,IL,Illinois,11917,9838,436,22191,53.70195124149429,44.33328827001938,9.368662971474922,Trump
17099,LaSalle County,IL,Illinois,30717,21029,762,52508,58.49965719509408,40.04913536984841,18.450521825245676,Trump
17097,Lake County,IL,Illinois,120402,184642,5869,310913,38.72530257660503,59.3870310987318,-20.66172852212677,Harris
17101,Lawrence County,IL,Illinois,4715,1283,113,6111,77.15594828996892,20.99492718049419,56.16102110947472,Trump
17103,Lee County,IL,Illinois,9680,6105,327,16112,60.07944389275075,37.89101290963257,22.188430983118174,Trump
17105,Livingston County,IL,Illinois,11970,4311,268,16549,72.33065442020667,26.049912381412778,46.28074203879389,Trump
17107,Logan County,IL,Illinois,8757,3543,264,12564,69.69914040114614,28.199617956064948,41.49952244508118,Trump
17115,Macon County,IL,Illinois,26562,18009,770,45341,58.582739683729955,39.71901810723186,18.86372157649809,Trump
17117,Macoupin County,IL,Illinois,16065,6892,468,23425,68.58057630736393,29.421558164354323,39.159018143009604,Trump
17119,Madison County,IL,Illinois,73925,56341,2806,133072,55.55263316099555,42.33873391848022,13.213899242515332,Trump
17121,Marion County,IL,Illinois,12409,4116,237,16762,74.03054528099273,24.555542298055126,49.475002982937596,Trump
17123,Marshall County,IL,Illinois,4119,1913,95,6127,67.22702790925412,31.22245797290681,36.004569936347316,Trump
17125,Mason County,IL,Illinois,4464,1773,137,6374,70.03451521807342,27.81612802008158,42.21838719799184,Trump
17127,Massac County,IL,Illinois,4939,1683,54,6676,73.98142600359496,25.20970641102457,48.7717195925704,Trump
17109,McDonough County,IL,Illinois,6987,4736,252,11975,58.346555323590806,39.54906054279749,18.79749478079332,Trump
17111,McHenry County,IL,Illinois,83933,75370,2973,162276,51.72237422662624,46.44556188222534,5.276812344400898,Trump
17113,McLean County,IL,Illinois,40290,44495,1733,86518,46.56834415959685,51.42860445225271,-4.860260292655863,Harris
17129,Menard County,IL,Illinois,4499,1834,94,6427,70.00155593589544,28.53586432238992,41.46569161350552,Trump
17131,Mercer County,IL,Illinois,5215,2950,181,8346,62.48502276539659,35.346273664030676,27.13874910136592,Trump
17133,Monroe County,IL,Illinois,14055,6473,373,20901,67.24558633558203,30.969810056935078,36.27577627864695,Trump
17135,Montgomery County,IL,Illinois,9378,3573,253,13204,71.02393214177522,27.05998182368979,43.96395031808542,Trump
17137,Morgan County,IL,Illinois,9607,4848,229,14684,65.42495232906565,33.01552710433124,32.409425224734406,Trump
17139,Moultrie County,IL,Illinois,4816,1615,102,6533,73.71804683912444,24.72064901270473,48.997397826419714,Trump
17141,Ogle County,IL,Illinois,16450,8883,466,25799,63.762161324082335,34.431567115004455,29.33059420907787,Trump
17143,Peoria County,IL,Illinois,36896,40564,1678,79138,46.62235588465718,51.257297379261544,-4.6349414946043614,Harris
17145,Perry County,IL,Illinois,6949,2146,153,9248,75.14057093425606,23.205017301038062,51.93555363321799,Trump
17147,Piatt County,IL,Illinois,6104,3204,200,9508,64.19856962557846,33.69793857803954,30.500631047538914,Trump
17149,Pike County,IL,Illinois,6086,1302,121,7509,81.04940737781328,17.339192968437874,63.71021440937542,Trump
17151,Pope County,IL,Illinois,1698,416,19,2133,79.60618846694796,19.503047351148616,60.10314111579934,Trump
17153,Pulaski County,IL,Illinois,1583,769,29,2381,66.48467030659387,32.29735405291894,34.18731625367493,Trump
17155,Putnam County,IL,Illinois,2014,1254,66,3334,60.40791841631674,37.6124775044991,22.795440911817636,Trump
17157,Randolph County,IL,Illinois,10624,3461,248,14333,74.12265401520966,24.147073187748553,49.9755808274611,Trump
17159,Richland County,IL,Illinois,5889,1747,119,7755,75.93810444874275,22.527401676337846,53.4107027724049,Trump
17161,Rock Island County,IL,Illinois,28061,34126,1271,63458,44.21979892212172,53.7773015222667,-9.557502600144979,Harris
17165,Saline County,IL,Illinois,7830,2634,141,10605,73.83309759547383,24.83734087694484,48.995756718528995,Trump
17167,Sangamon County,IL,Illinois,50979,46074,2118,99171,51.40514868257857,46.45914632301782,4.946002359560759,Trump
17169,Schuyler County,IL,Illinois,2720,961,78,3759,72.35967012503325,25.56530992285182,46.79436020218143,Trump
17171,Scott County,IL,Illinois,2071,488,28,2587,80.05411673753382,18.86354851178972,61.1905682257441,Trump
17173,Shelby County,IL,Illinois,9267,2240,163,11670,79.40874035989717,19.194515852613538,60.21422450728363,Trump
17163,St. Clair County,IL,Illinois,54021,63433,2508,119962,45.03176005735149,52.877577899668225,-7.845817842316734,Harris
17175,Stark County,IL,Illinois,1983,725,53,2761,71.82180369431366,26.25860195581311,45.56320173850054,Trump
17177,Stephenson County,IL,Illinois,12347,8278,370,20995,58.809240295308406,39.428435341748035,19.38080495356037,Trump
17179,Tazewell County,IL,Illinois,42451,24325,1251,68027,62.4031634498067,35.75786084936863,26.645302600438058,Trump
17181,Union County,IL,Illinois,5837,2285,104,8226,70.95793824459032,27.77777777777778,43.180160466812545,Trump
17183,Vermilion County,IL,Illinois,19777,9254,518,29549,66.92950692070798,31.317472672510068,35.61203424819791,Trump
17185,Wabash County,IL,Illinois,4095,1200,82,5377,76.15770875953135,22.317277292170353,53.840431467360986,Trump
17187,Warren County,IL,Illinois,4579,2711,157,7447,61.48784745535115,36.40392104203035,25.0839264133208,Trump
17189,Washington County,IL,Illinois,5892,1564,106,7562,77.91589526580269,20.682359164242264,57.23353610156043,Trump
17191,Wayne County,IL,Illinois,7019,1155,101,8275,84.82175226586102,13.957703927492446,70.86404833836858,Trump
17193,White County,IL,Illinois,5586,1390,91,7067,79.04344134710627,19.668883543229093,59.37455780387717,Trump
17195,Whiteside County,IL,Illinois,14898,11012,537,26447,56.3315309865013,41.637992967066204,14.693538019435096,Trump
17197,Will County,IL,Illinois,157672,162874,7058,327604,48.128838475720684,49.71673117544352,-1.587892699722836,Harris
17199,Williamson County,IL,Illinois,22686,9890,492,33068,68.60408854481675,29.908068223055523,38.69602032176122,Trump
17201,Winnebago County,IL,Illinois,59257,59942,2148,121347,48.83268642817705,49.3971832843004,-0.5644968561233488,Harris
17203,Woodford County,IL,Illinois,14837,5958,328,21123,70.24096955924821,28.206220707285894,42.03474885196232,Trump
18001,Adams County,IN,Indiana,10528,3179,259,13966,75.3830731777173,22.762423027352142,52.62065015036518,Trump
18003,Allen County,IN,Indiana,90283,69960,2920,163163,55.333010547734474,42.87736803074226,12.45564251699221,Trump
18005,Bartholomew County,IN,Indiana,22220,12525,743,35488,62.61271415689811,35.29362037871957,27.319093778178537,Trump
18007,Benton County,IN,Indiana,2873,1010,71,3954,72.66059686393525,25.543753161355585,47.116843702579665,Trump
18009,Blackford County,IN,Indiana,3811,1227,98,5136,74.20171339563862,23.890186915887853,50.31152647975078,Trump
18011,Boone County,IN,Indiana,22840,16426,843,40109,56.94482535091875,40.95340197960557,15.991423371313171,Trump
18013,Brown County,IN,Indiana,5647,2832,148,8627,65.45728526718442,32.82717051118581,32.630114755998605,Trump
18015,Carroll County,IN,Indiana,6902,2120,162,9184,75.15243902439023,23.08362369337979,52.068815331010455,Trump
18017,Cass County,IN,Indiana,10285,3722,206,14213,72.36332934637304,26.187293323014142,46.1760360233589,Trump
18019,Clark County,IN,Indiana,34734,22810,1068,58612,59.26090220432676,38.91694533542619,20.343956868900566,Trump
18021,Clay County,IN,Indiana,9354,2495,206,12055,77.59435918705931,20.69680630443799,56.89755288262132,Trump
18023,Clinton County,IN,Indiana,9108,3135,207,12450,73.1566265060241,25.180722891566266,47.975903614457835,Trump
18025,Crawford County,IN,Indiana,3668,1235,108,5011,73.19896228297745,24.64577928557174,48.553182997405706,Trump
18027,Daviess County,IN,Indiana,9322,1963,164,11449,81.42195824962879,17.145602236003143,64.27635601362564,Trump
18033,DeKalb County,IN,Indiana,14377,5064,351,19792,72.6404607922393,25.586095392077606,47.05436540016168,Trump
18029,Dearborn County,IN,Indiana,20844,5335,421,26600,78.3609022556391,20.05639097744361,58.30451127819549,Trump
18031,Decatur County,IN,Indiana,9491,2406,214,12111,78.36677400710099,19.866237304929403,58.50053670217158,Trump
18035,Delaware County,IN,Indiana,26067,18848,869,45784,56.9347370260353,41.16721998951599,15.767517036519308,Trump
18037,Dubois County,IN,Indiana,14983,5944,497,21424,69.9355862584018,27.744585511575803,42.19100074682599,Trump
18039,Elkhart County,IN,Indiana,45652,23082,1031,69765,65.4368236221601,33.08535798752956,32.35146563463054,Trump
18041,Fayette County,IN,Indiana,7625,2084,129,9838,77.50559056718845,21.18316731042895,56.3224232567595,Trump
18043,Floyd County,IN,Indiana,23408,17025,748,41181,56.84174740778515,41.341880964522474,15.49986644326267,Trump
18045,Fountain County,IN,Indiana,6311,1526,145,7982,79.06539714357304,19.118015534953646,59.9473816086194,Trump
18047,Franklin County,IN,Indiana,9810,2061,163,12034,81.51902941665283,17.126474987535317,64.3925544291175,Trump
18049,Fulton County,IN,Indiana,6633,2097,124,8854,74.91529252315338,23.684210526315788,51.23108199683759,Trump
18051,Gibson County,IN,Indiana,11896,3722,283,15901,74.81290484875164,23.407332872146405,51.405571976605245,Trump
18053,Grant County,IN,Indiana,17580,7083,493,25156,69.8839243122913,28.15630465892829,41.727619653363014,Trump
18055,Greene County,IN,Indiana,11132,3270,231,14633,76.07462584569124,22.346750495455478,53.72787535023576,Trump
18057,Hamilton County,IN,Indiana,102318,90394,4015,196727,52.010146039943685,45.948954642728246,6.06119139721543,Trump
18059,Hancock County,IN,Indiana,29288,14312,850,44450,65.88976377952756,32.19797525309336,33.691788526434195,Trump
18061,Harrison County,IN,Indiana,14830,5233,385,20448,72.5254303599374,25.59174491392801,46.933685446009385,Trump
18063,Hendricks County,IN,Indiana,49783,31917,1489,83189,59.843248506413104,38.36685138660159,21.476397119811512,Trump
18065,Henry County,IN,Indiana,15033,5208,363,20604,72.96156086196855,25.276645311589984,47.68491555037856,Trump
18067,Howard County,IN,Indiana,25871,12197,716,38784,66.70534240924091,31.448535478547857,35.25680693069307,Trump
18069,Huntington County,IN,Indiana,12990,4416,329,17735,73.24499577107414,24.899915421482945,48.3450803495912,Trump
18071,Jackson County,IN,Indiana,14323,4015,316,18654,76.782459526107,21.523533826525142,55.258925699581866,Trump
18073,Jasper County,IN,Indiana,12082,3489,255,15826,76.34272715784152,22.04600025274864,54.29672690509288,Trump
18075,Jay County,IN,Indiana,6217,1747,139,8103,76.7246698753548,21.559916080464024,55.164753794890785,Trump
18077,Jefferson County,IN,Indiana,9614,4442,271,14327,67.1040692398967,31.004397291826617,36.099671948070075,Trump
18079,Jennings County,IN,Indiana,9273,2328,208,11809,78.52485392497248,19.713777627233465,58.81107629773902,Trump
18081,Johnson County,IN,Indiana,51588,24880,1364,77832,66.28122109158187,31.966286360365913,34.31493473121595,Trump
18083,Knox County,IN,Indiana,11236,3625,249,15110,74.361350099272,23.99073461283918,50.370615486432825,Trump
18085,Kosciusko County,IN,Indiana,26213,7995,688,34896,75.11749197615772,22.910935350756535,52.20655662540119,Trump
18087,LaGrange County,IN,Indiana,8073,2162,176,10411,77.54298338296033,20.766496974354048,56.77648640860629,Trump
18091,LaPorte County,IN,Indiana,26726,20007,820,47553,56.202552940929074,42.073055327739574,14.129497613189493,Trump
18089,Lake County,IN,Indiana,97270,109086,3195,209551,46.418294353164626,52.05701714618398,-5.638722793019361,Harris
18093,Lawrence County,IN,Indiana,15830,5010,380,21220,74.59943449575871,23.609802073515553,50.98963242224317,Trump
18095,Madison County,IN,Indiana,34837,19824,1069,55730,62.51031760272744,35.57150547281536,26.938812129912076,Trump
18097,Marion County,IN,Indiana,124327,221719,6494,352540,35.266069098542005,62.89187042605094,-27.62580132750894,Harris
18099,Marshall County,IN,Indiana,13837,5356,366,19559,70.74492560969374,27.38381307837824,43.361112531315506,Trump
18101,Martin County,IN,Indiana,3961,933,98,4992,79.34695512820514,18.689903846153847,60.65705128205128,Trump
18103,Miami County,IN,Indiana,10670,3046,261,13977,76.33970093725407,21.792945553409172,54.54675538384489,Trump
18105,Monroe County,IN,Indiana,21004,37213,1039,59256,35.44619954097475,62.80039152153368,-27.35419198055893,Harris
18107,Montgomery County,IN,Indiana,12122,4134,325,16581,73.10777395814486,24.93215125746336,48.1756227006815,Trump
18109,Morgan County,IN,Indiana,26965,7765,622,35352,76.27574111789997,21.964811043222447,54.31093007467753,Trump
18111,Newton County,IN,Indiana,5131,1370,100,6601,77.7306468716861,20.75443114679594,56.97621572489017,Trump
18113,Noble County,IN,Indiana,14209,4462,293,18964,74.9261759122548,23.528791394220626,51.39738451803417,Trump
18115,Ohio County,IN,Indiana,2381,666,44,3091,77.03008735037204,21.546425105143964,55.48366224522808,Trump
18117,Orange County,IN,Indiana,6467,1988,140,8595,75.2414194299011,23.129726585223967,52.11169284467714,Trump
18119,Owen County,IN,Indiana,7360,2354,162,9876,74.5240988254354,23.83556095585257,50.68853786958283,Trump
18121,Parke County,IN,Indiana,5158,1371,125,6654,77.51728283739105,20.60414788097385,56.91313495641719,Trump
18123,Perry County,IN,Indiana,5549,2970,147,8666,64.03184860373875,34.27186706669744,29.759981537041313,Trump
18125,Pike County,IN,Indiana,4610,1314,85,6009,76.71825594940923,21.867199201198204,54.851056748211015,Trump
18127,Porter County,IN,Indiana,46109,37213,1647,84969,54.26567336322658,43.795972648848405,10.469700714378186,Trump
18129,Posey County,IN,Indiana,9206,3572,200,12978,70.93542918785637,27.523501309909076,43.41192787794729,Trump
18131,Pulaski County,IN,Indiana,4372,1280,111,5763,75.8632656602464,22.210654173173694,53.65261148707271,Trump
18133,Putnam County,IN,Indiana,12566,3871,297,16734,75.09262579180113,23.13254452013864,51.96008127166248,Trump
18135,Randolph County,IN,Indiana,8008,2349,196,10553,75.88363498531223,22.25907324931299,53.624561735999244,Trump
18137,Ripley County,IN,Indiana,11526,2682,197,14405,80.01388406803194,18.61853523082263,61.395348837209305,Trump
18139,Rush County,IN,Indiana,5812,1675,169,7656,75.91431556948798,21.87826541274817,54.03605015673981,Trump
18143,Scott County,IN,Indiana,7633,2389,165,10187,74.92883086286443,23.45145774025719,51.47737312260724,Trump
18145,Shelby County,IN,Indiana,14438,4955,361,19754,73.08899463399817,25.083527386858357,48.00546724713982,Trump
18147,Spencer County,IN,Indiana,7364,2853,225,10442,70.5228883355679,27.32235203983911,43.20053629572879,Trump
18141,St. Joseph County,IN,Indiana,53585,55215,2023,110823,48.35187641554551,49.82269023578138,-1.4708138202358716,Harris
18149,Starke County,IN,Indiana,7889,2436,153,10478,75.29108608513076,23.24871158618057,52.04237449895018,Trump
18151,Steuben County,IN,Indiana,11487,4598,279,16364,70.19677340503544,28.098264483011487,42.09850892202395,Trump
18153,Sullivan County,IN,Indiana,6639,2006,150,8795,75.48607163160887,22.808413871517907,52.67765776009096,Trump
18155,Switzerland County,IN,Indiana,3319,873,66,4258,77.94739314232034,20.502583372475343,57.444809769844994,Trump
18157,Tippecanoe County,IN,Indiana,32783,32683,1440,66906,48.99859504379279,48.8491316174932,0.14946342629958448,Trump
18159,Tipton County,IN,Indiana,5946,1893,137,7976,74.54864593781345,23.73370110330993,50.81494483450351,Trump
18161,Union County,IN,Indiana,2698,746,50,3494,77.2180881511162,21.350887235260448,55.867200915855754,Trump
18163,Vanderburgh County,IN,Indiana,41056,31727,1049,73832,55.607324737241306,42.971882110737894,12.635442626503412,Trump
18165,Vermillion County,IN,Indiana,5174,1928,154,7256,71.30650496141125,26.57111356119074,44.73539140022051,Trump
18167,Vigo County,IN,Indiana,23738,16338,838,40914,58.0192599110329,39.93254142836193,18.086718482670967,Trump
18169,Wabash County,IN,Indiana,10425,3335,201,13961,74.6723014110737,23.88797364085667,50.78432777021703,Trump
18171,Warren County,IN,Indiana,3402,898,70,4370,77.84897025171624,20.549199084668192,57.29977116704805,Trump
18173,Warrick County,IN,Indiana,21280,11292,530,33102,64.28614585221437,34.11274243248142,30.173403419732946,Trump
18175,Washington County,IN,Indiana,9739,2764,220,12723,76.54641200974613,21.72443606067751,54.821975949068616,Trump
18177,Wayne County,IN,Indiana,17526,8828,473,26827,65.32970514779886,32.90714578596191,32.42255936183695,Trump
18179,Wells County,IN,Indiana,11006,2850,254,14110,78.00141743444365,20.198440822111976,57.80297661233168,Trump
18181,White County,IN,Indiana,7969,2945,249,11163,71.38761981546179,26.381797007972768,45.005822807489025,Trump
18183,Whitley County,IN,Indiana,13122,4275,343,17740,73.9684329199549,24.098083427282976,49.87034949267193,Trump
19001,Adair County,IA,Iowa,2916,1086,78,4080,71.47058823529412,26.61764705882353,44.85294117647059,Trump
19003,Adams County,IA,Iowa,1517,576,42,2135,71.05386416861826,26.978922716627636,44.07494145199063,Trump
19005,Allamakee County,IA,Iowa,4857,2350,111,7318,66.37059305821262,32.11259907078437,34.25799398742826,Trump
19007,Appanoose County,IA,Iowa,4704,1686,94,6484,72.54780999383097,26.002467612584823,46.545342381246144,Trump
19009,Audubon County,IA,Iowa,2214,970,65,3249,68.14404432132964,29.85534010464758,38.288704216682056,Trump
19011,Benton County,IA,Iowa,9549,4739,221,14509,65.81432214487559,32.66248535391826,33.15183679095733,Trump
19013,Black Hawk County,IA,Iowa,30572,31299,1035,62906,48.59949766317998,49.75519028391568,-1.1556926207357008,Harris
19015,Boone County,IA,Iowa,9199,5895,309,15403,59.722132052197615,38.27176524053756,21.450366811660064,Trump
19017,Bremer County,IA,Iowa,8799,5571,237,14607,60.23824193879646,38.1392483056069,22.09899363318957,Trump
19019,Buchanan County,IA,Iowa,6790,3766,194,10750,63.16279069767442,35.032558139534885,28.130232558139532,Trump
19021,Buena Vista County,IA,Iowa,4962,2462,113,7537,65.83521294944939,32.66551678386626,33.169696165583126,Trump
19023,Butler County,IA,Iowa,5784,2144,118,8046,71.88665175242357,26.646781009197117,45.23987074322645,Trump
19025,Calhoun County,IA,Iowa,3708,1328,61,5097,72.74867569158329,26.054541887384737,46.69413380419854,Trump
19027,Carroll County,IA,Iowa,7814,3153,173,11140,70.14362657091561,28.303411131059246,41.84021543985637,Trump
19029,Cass County,IA,Iowa,5007,2077,133,7217,69.3778578356658,28.779271165304145,40.59858667036165,Trump
19031,Cedar County,IA,Iowa,6390,4075,179,10644,60.03382187147689,38.284479518977825,21.74934235249906,Trump
19033,Cerro Gordo County,IA,Iowa,12627,9955,438,23020,54.85230234578628,43.24500434404865,11.607298001737618,Trump
19035,Cherokee County,IA,Iowa,4398,1611,96,6105,72.03931203931204,26.388206388206388,45.65110565110565,Trump
19037,Chickasaw County,IA,Iowa,4234,1919,86,6239,67.86343965379066,30.758134316396855,37.105305337393816,Trump
19039,Clarke County,IA,Iowa,3140,1265,74,4479,70.10493413708417,28.24291136414378,41.862022772940385,Trump
19041,Clay County,IA,Iowa,6047,2367,127,8541,70.79967216953519,27.713382507903056,43.08628966163213,Trump
19043,Clayton County,IA,Iowa,6255,3017,128,9400,66.54255319148936,32.09574468085106,34.4468085106383,Trump
19045,Clinton County,IA,Iowa,13964,9472,442,23878,58.480609766312085,39.66831392913979,18.812295837172293,Trump
19047,Crawford County,IA,Iowa,4651,1812,82,6545,71.06187929717342,27.685255920550038,43.37662337662337,Trump
19049,Dallas County,IA,Iowa,32374,29402,1185,62961,51.419132478836104,46.698750019853556,4.720382458982545,Trump
19051,Davis County,IA,Iowa,3027,878,49,3954,76.55538694992413,22.205361659079415,54.35002529084472,Trump
19053,Decatur County,IA,Iowa,2711,957,71,3739,72.50601765177855,25.595078898101097,46.910938753677456,Trump
19055,Delaware County,IA,Iowa,6984,2978,176,10138,68.88932728348787,29.374630104557113,39.51469717893076,Trump
19057,Des Moines County,IA,Iowa,10794,7935,325,19054,56.64952240999265,41.64479899233757,15.004723417655086,Trump
19059,Dickinson County,IA,Iowa,7775,3297,162,11234,69.2095424603881,29.34840662275236,39.86113583763575,Trump
19061,Dubuque County,IA,Iowa,28224,23705,841,52770,53.48493462194429,44.92135683153307,8.563577790411218,Trump
19063,Emmet County,IA,Iowa,3422,1315,61,4798,71.32138390996249,27.407253022092537,43.914130887869945,Trump
19065,Fayette County,IA,Iowa,6325,3334,189,9848,64.22623883021933,33.854589764419174,30.37164906580016,Trump
19067,Floyd County,IA,Iowa,4744,2782,124,7650,62.01307189542483,36.36601307189542,25.647058823529413,Trump
19069,Franklin County,IA,Iowa,3431,1393,76,4900,70.0204081632653,28.42857142857143,41.59183673469388,Trump
19071,Fremont County,IA,Iowa,2711,1023,61,3795,71.4361001317523,26.956521739130434,44.479578392621875,Trump
19073,Greene County,IA,Iowa,3211,1603,67,4881,65.78569965171071,32.84163081335792,32.9440688383528,Trump
19075,Grundy County,IA,Iowa,4998,2019,129,7146,69.94122586062133,28.253568429890848,41.68765743073048,Trump
19077,Guthrie County,IA,Iowa,4446,1974,123,6543,67.95048143053644,30.16964695093994,37.780834479596514,Trump
19079,Hamilton County,IA,Iowa,5004,2482,111,7597,65.86810583124918,32.67079110175069,33.19731472949849,Trump
19081,Hancock County,IA,Iowa,4336,1523,80,5939,73.00892406128978,25.644047819498233,47.36487624179155,Trump
19083,Hardin County,IA,Iowa,5790,2553,117,8460,68.43971631205675,30.177304964539008,38.262411347517734,Trump
19085,Harrison County,IA,Iowa,5566,2245,148,7959,69.9334087196884,28.20706118859153,41.72634753109687,Trump
19087,Henry County,IA,Iowa,6439,2995,166,9600,67.07291666666667,31.197916666666664,35.875,Trump
19089,Howard County,IA,Iowa,3157,1619,74,4850,65.09278350515464,33.381443298969074,31.711340206185568,Trump
19091,Humboldt County,IA,Iowa,3770,1236,77,5083,74.16879795396419,24.316348613023806,49.85244934094039,Trump
19093,Ida County,IA,Iowa,2771,826,58,3655,75.81395348837209,22.599179206566347,53.214774281805745,Trump
19095,Iowa County,IA,Iowa,6068,3400,171,9639,62.95258844278452,35.273368606701936,27.67921983608258,Trump
19097,Jackson County,IA,Iowa,7074,3567,160,10801,65.49393574669013,33.02471993333951,32.469215813350615,Trump
19099,Jasper County,IA,Iowa,12701,7141,356,20198,62.88246361025844,35.354985642142786,27.527477968115655,Trump
19101,Jefferson County,IA,Iowa,4353,3788,205,8346,52.15672178289,45.38701174215193,6.769710040738078,Trump
19103,Johnson County,IA,Iowa,26087,58846,1711,86644,30.108259083144823,67.91699367526893,-37.8087345921241,Harris
19105,Jones County,IA,Iowa,6820,3942,218,10980,62.11293260473588,35.90163934426229,26.21129326047359,Trump
19107,Keokuk County,IA,Iowa,3869,1219,62,5150,75.126213592233,23.66990291262136,51.45631067961165,Trump
19109,Kossuth County,IA,Iowa,5983,2284,130,8397,71.25163748957961,27.20019054424199,44.05144694533762,Trump
19111,Lee County,IA,Iowa,10152,5659,387,16198,62.674404247437955,34.93641190270404,27.737992344733918,Trump
19113,Linn County,IA,Iowa,54237,66358,2364,122959,44.109825226294944,53.96758269016502,-9.85775746387007,Harris
19115,Louisa County,IA,Iowa,3584,1480,78,5142,69.70050563982886,28.782574873590043,40.91793076623882,Trump
19117,Lucas County,IA,Iowa,3400,1169,77,4646,73.18123116659491,25.1614291863969,48.01980198019802,Trump
19119,Lyon County,IA,Iowa,5899,1023,80,7002,84.2473578977435,14.610111396743788,69.63724650099972,Trump
19121,Madison County,IA,Iowa,6864,3008,156,10028,68.44834463502194,29.996011168727566,38.45233346629438,Trump
19123,Mahaska County,IA,Iowa,8207,2577,162,10946,74.97716060661429,23.542846701991596,51.4343139046227,Trump
19125,Marion County,IA,Iowa,13289,5928,349,19566,67.91883880200348,30.29745476847593,37.62138403352755,Trump
19127,Marshall County,IA,Iowa,9815,7134,321,17270,56.832657788071806,41.30862767805443,15.52403011001737,Trump
19129,Mills County,IA,Iowa,5671,2456,126,8253,68.71440688234581,29.758875560402277,38.95553132194354,Trump
19131,Mitchell County,IA,Iowa,3736,1943,92,5771,64.73748050597817,33.66834170854271,31.069138797435453,Trump
19133,Monona County,IA,Iowa,3331,1236,70,4637,71.8352383006254,26.65516497735605,45.180073323269355,Trump
19135,Monroe County,IA,Iowa,3104,1002,52,4158,74.65127465127465,24.0981240981241,50.55315055315055,Trump
19137,Montgomery County,IA,Iowa,3486,1508,80,5074,68.70319274733939,29.720141899881753,38.983050847457626,Trump
19139,Muscatine County,IA,Iowa,11152,8212,388,19752,56.46010530579182,41.575536654516,14.88456865127582,Trump
19141,O'Brien County,IA,Iowa,5998,1428,99,7525,79.70764119601328,18.976744186046513,60.730897009966775,Trump
19143,Osceola County,IA,Iowa,2623,555,51,3229,81.23257974605141,17.187983895943017,64.0445958501084,Trump
19145,Page County,IA,Iowa,5153,2060,109,7322,70.37694618956569,28.13438951106255,42.24255667850314,Trump
19147,Palo Alto County,IA,Iowa,3576,1338,68,4982,71.77840224809313,26.85668406262545,44.92171818546768,Trump
19149,Plymouth County,IA,Iowa,10661,3104,206,13971,76.30806670961276,22.21745043303987,54.0906162765729,Trump
19151,Pocahontas County,IA,Iowa,2727,796,59,3582,76.13065326633166,22.22222222222222,53.90843104410944,Trump
19153,Polk County,IA,Iowa,112240,140075,4523,256838,43.700698494771025,54.538269259221764,-10.837570764450744,Harris
19155,Pottawattamie County,IA,Iowa,26335,17468,756,44559,59.10141610000225,39.20195695594605,19.899459144056195,Trump
19157,Poweshiek County,IA,Iowa,5758,4067,188,10013,57.505243183860976,40.61719764306402,16.888045540796963,Trump
19159,Ringgold County,IA,Iowa,2015,638,33,2686,75.01861504095308,23.752792256142964,51.26582278481012,Trump
19161,Sac County,IA,Iowa,4100,1289,71,5460,75.0915750915751,23.608058608058606,51.48351648351648,Trump
19163,Scott County,IA,Iowa,45976,42479,1678,90133,51.00906438263455,47.12924234187257,3.879822040761985,Trump
19165,Shelby County,IA,Iowa,4600,1811,94,6505,70.71483474250576,27.84012298232129,42.874711760184475,Trump
19167,Sioux County,IA,Iowa,16053,2626,322,19001,84.48502710383664,13.820325246039683,70.66470185779696,Trump
19169,Story County,IA,Iowa,21665,26765,1096,49526,43.74469975366474,54.042321205023626,-10.297621451358882,Harris
19171,Tama County,IA,Iowa,5379,3070,167,8616,62.430362116991645,35.6313834726091,26.798978644382544,Trump
19173,Taylor County,IA,Iowa,2381,666,34,3081,77.28010386238235,21.616358325219085,55.66374553716326,Trump
19175,Union County,IA,Iowa,4044,1874,95,6013,67.254282388159,31.1658074172626,36.08847497089639,Trump
19177,Van Buren County,IA,Iowa,2785,778,62,3625,76.82758620689654,21.462068965517243,55.365517241379315,Trump
19179,Wapello County,IA,Iowa,9479,4896,208,14583,65.00034286497977,33.57333881917301,31.42700404580676,Trump
19181,Warren County,IA,Iowa,19486,12712,606,32804,59.4012925253018,38.75137178392879,20.649920741373005,Trump
19183,Washington County,IA,Iowa,7119,4297,172,11588,61.43424231964101,37.08146358301691,24.352778736624096,Trump
19185,Wayne County,IA,Iowa,2426,643,55,3124,77.65685019206146,20.582586427656853,57.074263764404606,Trump
19187,Webster County,IA,Iowa,10850,5641,257,16748,64.78385478863147,33.68163362789587,31.10222116073561,Trump
19189,Winnebago County,IA,Iowa,3636,1909,97,5642,64.44523218716766,33.835519319390286,30.609712867777382,Trump
19191,Winneshiek County,IA,Iowa,6427,5321,231,11979,53.65222472660489,44.419400617747726,9.232824108857168,Trump
19193,Woodbury County,IA,Iowa,25969,16145,807,42921,60.504182102001344,37.61561939376995,22.8885627082314,Trump
19195,Worth County,IA,Iowa,2715,1508,64,4287,63.33100069979006,35.17611383251691,28.15488686727315,Trump
19197,Wright County,IA,Iowa,3853,1770,100,5723,67.32482963480692,30.927835051546392,36.39699458326053,Trump
20001,Allen County,KS,Kansas,4029,1445,126,5600,71.94642857142857,25.80357142857143,46.14285714285714,Trump
20003,Anderson County,KS,Kansas,2998,732,61,3791,79.08203640200475,19.30888947507254,59.773146926932206,Trump
20005,Atchison County,KS,Kansas,4911,2201,143,7255,67.69124741557546,30.337698139214336,37.35354927636113,Trump
20007,Barber County,KS,Kansas,1854,288,28,2170,85.43778801843318,13.27188940092166,72.16589861751153,Trump
20009,Barton County,KS,Kansas,8205,2207,158,10570,77.62535477767265,20.879848628193,56.74550614947967,Trump
20011,Bourbon County,KS,Kansas,5003,1444,125,6572,76.12598904443092,21.972002434570907,54.15398660986001,Trump
20013,Brown County,KS,Kansas,3106,1065,87,4258,72.94504462188821,25.01174260216064,47.93330201972757,Trump
20015,Butler County,KS,Kansas,22426,9150,660,32236,69.56818463829259,28.384414939818836,41.18376969847375,Trump
20017,Chase County,KS,Kansas,1090,348,24,1462,74.55540355677155,23.803009575923394,50.752393980848154,Trump
20019,Chautauqua County,KS,Kansas,1299,211,17,1527,85.0687622789784,13.817943680419123,71.25081859855926,Trump
20021,Cherokee County,KS,Kansas,6584,1970,163,8717,75.53057244464839,22.599518182861075,52.93105426178732,Trump
20023,Cheyenne County,KS,Kansas,1185,206,31,1422,83.33333333333334,14.486638537271448,68.84669479606188,Trump
20025,Clark County,KS,Kansas,867,129,18,1014,85.50295857988166,12.721893491124261,72.7810650887574,Trump
20027,Clay County,KS,Kansas,3150,867,96,4113,76.58643326039387,21.079504011670313,55.50692924872356,Trump
20029,Cloud County,KS,Kansas,3218,767,62,4047,79.51569063503831,18.95231035334816,60.56338028169014,Trump
20031,Coffey County,KS,Kansas,3371,934,72,4377,77.01622115604295,21.338816541009827,55.67740461503313,Trump
20033,Comanche County,KS,Kansas,727,130,17,874,83.18077803203661,14.874141876430205,68.3066361556064,Trump
20035,Cowley County,KS,Kansas,9360,3919,226,13505,69.30766382821177,29.018881895594223,40.28878193261755,Trump
20037,Crawford County,KS,Kansas,10084,5956,294,16334,61.73625566303416,36.463817803354964,25.272437859679197,Trump
20039,Decatur County,KS,Kansas,1217,215,20,1452,83.81542699724518,14.807162534435262,69.00826446280992,Trump
20041,Dickinson County,KS,Kansas,7014,1989,141,9144,76.70603674540682,21.751968503937007,54.95406824146981,Trump
20043,Doniphan County,KS,Kansas,2899,626,52,3577,81.0455689124965,17.500698909700866,63.54487000279564,Trump
20045,Douglas County,KS,Kansas,17523,39582,936,58041,30.190727244534038,68.19661963095054,-38.0058923864165,Harris
20047,Edwards County,KS,Kansas,1042,213,14,1269,82.11189913317573,16.78486997635934,65.3270291568164,Trump
20049,Elk County,KS,Kansas,1123,191,24,1338,83.93124065769805,14.275037369207771,69.65620328849027,Trump
20051,Ellis County,KS,Kansas,9743,3511,257,13511,72.11161275997335,25.98623343941973,46.12537932055362,Trump
20053,Ellsworth County,KS,Kansas,2078,636,44,2758,75.34445250181291,23.060188542422043,52.28426395939086,Trump
20055,Finney County,KS,Kansas,7166,3425,191,10782,66.46262289000185,31.765906139862732,34.696716750139124,Trump
20057,Ford County,KS,Kansas,5616,2461,147,8224,68.28793774319067,29.924610894941633,38.36332684824903,Trump
20059,Franklin County,KS,Kansas,8773,3676,259,12708,69.0352533836953,28.926660371419576,40.10859301227573,Trump
20061,Geary County,KS,Kansas,5288,3674,201,9163,57.71035687002074,40.096038415366145,17.61431845465459,Trump
20063,Gove County,KS,Kansas,1227,150,19,1396,87.89398280802291,10.744985673352435,77.14899713467048,Trump
20065,Graham County,KS,Kansas,1055,210,22,1287,81.97358197358197,16.317016317016318,65.65656565656566,Trump
20067,Grant County,KS,Kansas,1793,395,32,2220,80.76576576576576,17.792792792792792,62.972972972972975,Trump
20069,Gray County,KS,Kansas,1837,324,32,2193,83.76652986776105,14.774281805745554,68.9922480620155,Trump
20071,Greeley County,KS,Kansas,510,75,8,593,86.00337268128162,12.647554806070826,73.35581787521079,Trump
20073,Greenwood County,KS,Kansas,2299,541,44,2884,79.71567267683773,18.75866851595007,60.95700416088765,Trump
20075,Hamilton County,KS,Kansas,671,131,13,815,82.33128834355828,16.07361963190184,66.25766871165644,Trump
20077,Harper County,KS,Kansas,2072,437,46,2555,81.0958904109589,17.10371819960861,63.992172211350294,Trump
20079,Harvey County,KS,Kansas,9591,6202,293,16086,59.623274897426334,38.55526544821584,21.068009449210493,Trump
20081,Haskell County,KS,Kansas,1045,221,12,1278,81.76838810641628,17.29264475743349,64.47574334898279,Trump
20083,Hodgeman County,KS,Kansas,817,136,13,966,84.57556935817804,14.078674948240167,70.4968944099379,Trump
20085,Jackson County,KS,Kansas,4557,1799,118,6474,70.38924930491196,27.788075378436822,42.601173926475134,Trump
20087,Jefferson County,KS,Kansas,6694,3030,203,9927,67.43225546489371,30.522816560894526,36.909438903999195,Trump
20089,Jewell County,KS,Kansas,1370,176,28,1574,87.03939008894537,11.181702668360865,75.8576874205845,Trump
20091,Johnson County,KS,Kansas,154247,183451,6082,343780,44.86793879806853,53.362906509977314,-8.494967711908778,Harris
20093,Kearny County,KS,Kansas,1082,192,27,1301,83.16679477325134,14.757878554957724,68.40891621829363,Trump
20095,Kingman County,KS,Kansas,3119,753,75,3947,79.02204205725867,19.077780592855333,59.94426146440335,Trump
20097,Kiowa County,KS,Kansas,941,151,15,1107,85.00451671183379,13.640469738030713,71.36404697380307,Trump
20099,Labette County,KS,Kansas,5410,2385,126,7921,68.2994571392501,30.109834616841308,38.18962252240879,Trump
20101,Lane County,KS,Kansas,709,111,23,843,84.10438908659549,13.167259786476867,70.93712930011863,Trump
20103,Leavenworth County,KS,Kansas,22055,13732,760,36547,60.3469505020932,37.573535447505954,22.773415054587243,Trump
20105,Lincoln County,KS,Kansas,1233,250,24,1507,81.81818181818183,16.5892501658925,65.22893165228932,Trump
20107,Linn County,KS,Kansas,4093,854,69,5016,81.59888357256779,17.025518341307816,64.57336523125997,Trump
20109,Logan County,KS,Kansas,1186,183,31,1400,84.71428571428572,13.071428571428573,71.64285714285714,Trump
20111,Lyon County,KS,Kansas,7462,5515,279,13256,56.29149064574533,41.60380205190102,14.687688593844298,Trump
20115,Marion County,KS,Kansas,4312,1429,129,5870,73.45826235093696,24.344122657580918,49.114139693356044,Trump
20117,Marshall County,KS,Kansas,3644,1205,119,4968,73.34943639291465,24.255233494363928,49.094202898550726,Trump
20113,McPherson County,KS,Kansas,9816,4021,267,14104,69.59727736812252,28.50964265456608,41.08763471355644,Trump
20119,Meade County,KS,Kansas,1427,247,21,1695,84.18879056047197,14.57227138643068,69.6165191740413,Trump
20121,Miami County,KS,Kansas,12854,5472,359,18685,68.7931495852288,29.285523146909288,39.50762643831951,Trump
20123,Mitchell County,KS,Kansas,2608,528,36,3172,82.21941992433796,16.64564943253468,65.57377049180327,Trump
20125,Montgomery County,KS,Kansas,9287,2934,220,12441,74.64834016558154,23.583313238485655,51.06502692709589,Trump
20127,Morris County,KS,Kansas,2021,721,50,2792,72.38538681948424,25.823782234957022,46.561604584527224,Trump
20129,Morton County,KS,Kansas,909,131,20,1060,85.75471698113208,12.358490566037736,73.39622641509433,Trump
20131,Nemaha County,KS,Kansas,4655,888,77,5620,82.82918149466192,15.800711743772242,67.02846975088967,Trump
20133,Neosho County,KS,Kansas,4961,1696,127,6784,73.12794811320755,25.0,48.127948113207545,Trump
20135,Ness County,KS,Kansas,1205,129,29,1363,88.40792369772561,9.46441672780631,78.9435069699193,Trump
20137,Norton County,KS,Kansas,1882,346,42,2270,82.90748898678414,15.242290748898679,67.66519823788546,Trump
20139,Osage County,KS,Kansas,5736,1946,210,7892,72.68119614799798,24.657881398884946,48.02331474911303,Trump
20141,Osborne County,KS,Kansas,1477,261,36,1774,83.25817361894025,14.71251409244645,68.5456595264938,Trump
20143,Ottawa County,KS,Kansas,2475,476,52,3003,82.41758241758241,15.85081585081585,66.56676656676656,Trump
20145,Pawnee County,KS,Kansas,2003,625,47,2675,74.8785046728972,23.364485981308412,51.51401869158878,Trump
20147,Phillips County,KS,Kansas,2356,331,60,2747,85.76629049872588,12.04950855478704,73.71678194393884,Trump
20149,Pottawatomie County,KS,Kansas,9811,3394,267,13472,72.82511876484561,25.192992874109265,47.63212589073634,Trump
20151,Pratt County,KS,Kansas,3054,954,74,4082,74.81626653601175,23.37089661930426,51.44536991670749,Trump
20153,Rawlins County,KS,Kansas,1194,176,33,1403,85.10334996436208,12.544547398431932,72.55880256593015,Trump
20155,Reno County,KS,Kansas,17847,8554,539,26940,66.24721603563475,31.752041573867857,34.495174461766894,Trump
20157,Republic County,KS,Kansas,2001,396,46,2443,81.90749079001229,16.209578387228817,65.69791240278346,Trump
20159,Rice County,KS,Kansas,3073,825,68,3966,77.48361069087241,20.8018154311649,56.68179525970751,Trump
20161,Riley County,KS,Kansas,11630,12063,620,24313,47.83449183564348,49.61543207337638,-1.7809402377329,Harris
20163,Rooks County,KS,Kansas,2153,349,32,2534,84.96448303078137,13.772691397000788,71.19179163378058,Trump
20165,Rush County,KS,Kansas,1315,264,27,1606,81.88044831880448,16.43835616438356,65.44209215442092,Trump
20167,Russell County,KS,Kansas,2632,608,61,3301,79.73341411693427,18.418661011814603,61.31475310511966,Trump
20169,Saline County,KS,Kansas,15069,7734,423,23226,64.87987600103332,33.298889175923534,31.58098682510979,Trump
20171,Scott County,KS,Kansas,1843,248,44,2135,86.3231850117096,11.61592505854801,74.7072599531616,Trump
20173,Sedgwick County,KS,Kansas,120118,90506,3528,214152,56.09006686839254,42.26250513653853,13.82756173185401,Trump
20175,Seward County,KS,Kansas,3133,1354,78,4565,68.63088718510404,29.660460021905806,38.970427163198245,Trump
20177,Shawnee County,KS,Kansas,39874,40291,1610,81775,48.760623662488534,49.27055946193825,-0.5099357994497096,Harris
20179,Sheridan County,KS,Kansas,1229,126,18,1373,89.51201747997086,9.176984705025491,80.33503277494538,Trump
20181,Sherman County,KS,Kansas,2161,379,53,2593,83.33976089471655,14.616274585422289,68.72348630929426,Trump
20183,Smith County,KS,Kansas,1675,300,31,2006,83.49950149551346,14.955134596211368,68.54436689930209,Trump
20185,Stafford County,KS,Kansas,1548,326,35,1909,81.08957569408068,17.07700366684128,64.01257202723939,Trump
20187,Stanton County,KS,Kansas,537,115,12,664,80.87349397590361,17.319277108433734,63.55421686746988,Trump
20189,Stevens County,KS,Kansas,1595,210,30,1835,86.92098092643052,11.444141689373296,75.47683923705722,Trump
20191,Sumner County,KS,Kansas,7810,2527,212,10549,74.0354535974974,23.95487723954877,50.08057635794862,Trump
20193,Thomas County,KS,Kansas,3007,597,60,3664,82.06877729257643,16.293668122270745,65.77510917030568,Trump
20195,Trego County,KS,Kansas,1343,216,28,1587,84.62507876496534,13.610586011342155,71.01449275362319,Trump
20197,Wabaunsee County,KS,Kansas,2816,944,76,3836,73.40980187695516,24.608967674661105,48.800834202294055,Trump
20199,Wallace County,KS,Kansas,686,52,10,748,91.71122994652407,6.951871657754011,84.75935828877004,Trump
20201,Washington County,KS,Kansas,2263,396,41,2700,83.81481481481482,14.666666666666666,69.14814814814815,Trump
20203,Wichita County,KS,Kansas,740,107,13,860,86.04651162790698,12.44186046511628,73.6046511627907,Trump
20205,Wilson County,KS,Kansas,2894,647,62,3603,80.32195392728282,17.957257840688314,62.364696086594506,Trump
20207,Woodson County,KS,Kansas,1205,282,19,1506,80.0132802124834,18.725099601593627,61.288180610889775,Trump
20209,Wyandotte County,KS,Kansas,18867,30938,797,50602,37.2850875459468,61.139875894233434,-23.85478834828663,Harris
21001,Adair County,KY,Kentucky,7643,1257,74,8974,85.16826387341207,14.007131713839982,71.16113215957209,Trump
21003,Allen County,KY,Kentucky,7824,1505,89,9418,83.07496283712041,15.980038224676152,67.09492461244425,Trump
21005,Anderson County,KY,Kentucky,9650,3226,219,13095,73.69224894998091,24.635357006491027,49.05689194348988,Trump
21007,Ballard County,KY,Kentucky,3331,697,60,4088,81.48238747553816,17.04990215264188,64.43248532289628,Trump
21009,Barren County,KY,Kentucky,15019,4565,218,19802,75.84587415412585,23.05322694677305,52.79264720735279,Trump
21011,Bath County,KY,Kentucky,4041,1278,70,5389,74.98608276118019,23.714974948970124,51.27110781221006,Trump
21013,Bell County,KY,Kentucky,7831,1419,90,9340,83.84368308351178,15.192719486081371,68.6509635974304,Trump
21015,Boone County,KY,Kentucky,45650,20601,1170,67421,67.70887408967532,30.55576155797155,37.15311253170377,Trump
21017,Bourbon County,KY,Kentucky,6284,3088,165,9537,65.89074132326728,32.37915487050435,33.51158645276293,Trump
21019,Boyd County,KY,Kentucky,14363,6291,297,20951,68.555200229106,30.027206338599587,38.527993890506416,Trump
21021,Boyle County,KY,Kentucky,9159,4990,224,14373,63.72364850761845,34.71787379113616,29.005774716482293,Trump
21023,Bracken County,KY,Kentucky,3399,702,52,4153,81.84444979532867,16.903443294004333,64.94100650132434,Trump
21025,Breathitt County,KY,Kentucky,4036,1002,75,5113,78.9360453745355,19.597105417563075,59.338939956972425,Trump
21027,Breckinridge County,KY,Kentucky,7882,2038,128,10048,78.44347133757962,20.28264331210191,58.160828025477706,Trump
21029,Bullitt County,KY,Kentucky,32299,10280,630,43209,74.75063065565044,23.791339767178137,50.95929088847231,Trump
21031,Butler County,KY,Kentucky,4905,965,73,5943,82.53407370015144,16.23759044253744,66.296483257614,Trump
21033,Caldwell County,KY,Kentucky,4860,1256,72,6188,78.53910795087266,20.297349709114414,58.24175824175825,Trump
21035,Calloway County,KY,Kentucky,11539,5111,295,16945,68.09678371200944,30.162289760991445,37.934493951018,Trump
21037,Campbell County,KY,Kentucky,28450,18952,932,48334,58.861257086109156,39.21049364836347,19.650763437745685,Trump
21039,Carlisle County,KY,Kentucky,2182,408,20,2610,83.6015325670498,15.632183908045977,67.96934865900384,Trump
21041,Carroll County,KY,Kentucky,3014,963,48,4025,74.88198757763975,23.925465838509314,50.95652173913044,Trump
21043,Carter County,KY,Kentucky,8981,2305,136,11422,78.62896165295045,20.180353703379446,58.448607949571006,Trump
21045,Casey County,KY,Kentucky,6216,804,60,7080,87.79661016949153,11.35593220338983,76.4406779661017,Trump
21047,Christian County,KY,Kentucky,14332,7055,284,21671,66.1344654146094,32.555027456047256,33.57943795856214,Trump
21049,Clark County,KY,Kentucky,11950,5639,296,17885,66.81576740285155,31.529214425496228,35.28655297735532,Trump
21051,Clay County,KY,Kentucky,6729,692,96,7517,89.51709458560596,9.205800186244513,80.31129439936144,Trump
21053,Clinton County,KY,Kentucky,4276,549,55,4880,87.62295081967213,11.25,76.37295081967214,Trump
21055,Crittenden County,KY,Kentucky,3349,608,53,4010,83.51620947630923,15.162094763092268,68.35411471321696,Trump
21057,Cumberland County,KY,Kentucky,2922,483,37,3442,84.89250435793143,14.032539221382917,70.85996513654852,Trump
21059,Daviess County,KY,Kentucky,30705,15673,719,47097,65.19523536530988,33.278128118563814,31.917107246746077,Trump
21061,Edmonson County,KY,Kentucky,5048,1118,81,6247,80.80678725788378,17.896590363374422,62.91019689450936,Trump
21063,Elliott County,KY,Kentucky,2335,532,44,2911,80.21298522844383,18.27550669872896,61.93747852971487,Trump
21065,Estill County,KY,Kentucky,5091,1114,85,6290,80.93799682034977,17.710651828298886,63.227344992050874,Trump
21067,Fayette County,KY,Kentucky,57347,83387,3201,143935,39.842289922534476,57.9337895577865,-18.091499635252024,Harris
21069,Fleming County,KY,Kentucky,5578,1334,88,7000,79.68571428571428,19.057142857142857,60.62857142857143,Trump
21071,Floyd County,KY,Kentucky,12326,3061,265,15652,78.75031944799386,19.55660618451316,59.19371326348071,Trump
21073,Franklin County,KY,Kentucky,13246,11996,521,25763,51.41481970267437,46.56290028335209,4.851919419322284,Trump
21075,Fulton County,KY,Kentucky,1491,636,18,2145,69.51048951048952,29.65034965034965,39.86013986013986,Trump
21077,Gallatin County,KY,Kentucky,3109,761,47,3917,79.37196834311973,19.428133775848863,59.94383456727087,Trump
21079,Garrard County,KY,Kentucky,7086,1719,112,8917,79.46618817988113,19.277784008074462,60.18840417180667,Trump
21081,Grant County,KY,Kentucky,9372,1944,153,11469,81.71592989798587,16.950039236201935,64.76589066178394,Trump
21083,Graves County,KY,Kentucky,13378,3105,195,16678,80.21345485070152,18.617340208658113,61.59611464204341,Trump
21085,Grayson County,KY,Kentucky,9710,2235,150,12095,80.28110789582472,18.478710210830922,61.80239768499381,Trump
21087,Green County,KY,Kentucky,5033,782,42,5857,85.93136417961414,13.35154515963804,72.5798190199761,Trump
21089,Greenup County,KY,Kentucky,12961,4181,232,17374,74.59997697709221,24.064694370899044,50.535282606193164,Trump
21091,Hancock County,KY,Kentucky,3375,1173,85,4633,72.84696740772716,25.318368227930065,47.52859917979711,Trump
21093,Hardin County,KY,Kentucky,30672,16572,838,48082,63.79102366790067,34.466120377688114,29.324903290212557,Trump
21095,Harlan County,KY,Kentucky,9109,1199,80,10388,87.68771659607239,11.542164035425492,76.1455525606469,Trump
21097,Harrison County,KY,Kentucky,6639,2265,114,9018,73.61942781104457,25.116433799068528,48.50299401197605,Trump
21099,Hart County,KY,Kentucky,6691,1642,76,8409,79.56950885955524,19.526697585919848,60.04281127363539,Trump
21101,Henderson County,KY,Kentucky,12592,6837,259,19688,63.957740755790326,34.72673709874035,29.231003657049982,Trump
21103,Henry County,KY,Kentucky,6093,1857,124,8074,75.46445380232846,22.999752291305427,52.46470151102304,Trump
21105,Hickman County,KY,Kentucky,1656,394,19,2069,80.03866602223296,19.043015949734173,60.9956500724988,Trump
21107,Hopkins County,KY,Kentucky,15361,4916,260,20537,74.79670837999709,23.937283926571553,50.859424453425525,Trump
21109,Jackson County,KY,Kentucky,5358,506,70,5934,90.29322548028311,8.527131782945736,81.76609369733738,Trump
21111,Jefferson County,KY,Kentucky,144553,203070,6471,354094,40.82334069484374,57.34917846673482,-16.52583777189108,Harris
21113,Jessamine County,KY,Kentucky,17854,8303,528,26685,66.90650178002623,31.114858534757357,35.79164324526888,Trump
21115,Johnson County,KY,Kentucky,8150,1350,122,9622,84.70172521305341,14.030347121180627,70.6713780918728,Trump
21117,Kenton County,KY,Kentucky,48444,30859,1645,80948,59.84582695063497,38.12200424964175,21.72382270099323,Trump
21119,Knott County,KY,Kentucky,4732,1181,90,6003,78.82725304014659,19.673496585040812,59.15375645510578,Trump
21121,Knox County,KY,Kentucky,11178,1821,157,13156,84.96503496503497,13.841593189419276,71.12344177561569,Trump
21123,LaRue County,KY,Kentucky,5773,1389,97,7259,79.52886072461772,19.13486706157873,60.393993663038984,Trump
21125,Laurel County,KY,Kentucky,23516,4037,334,27887,84.32603004984401,14.47627926991071,69.8497507799333,Trump
21127,Lawrence County,KY,Kentucky,5464,1044,66,6574,83.11530270763615,15.880742318223303,67.23456038941283,Trump
21129,Lee County,KY,Kentucky,2227,406,57,2690,82.78810408921933,15.092936802973977,67.69516728624535,Trump
21131,Leslie County,KY,Kentucky,3908,382,67,4357,89.69474408997016,8.767500573789306,80.92724351618085,Trump
21133,Letcher County,KY,Kentucky,6848,1457,126,8431,81.22405408611078,17.281461273870242,63.94259281224054,Trump
21135,Lewis County,KY,Kentucky,4997,666,58,5721,87.34486977801083,11.641321447299422,75.70354833071141,Trump
21137,Lincoln County,KY,Kentucky,8833,2080,121,11034,80.05256479970998,18.850824723581656,61.20174007612833,Trump
21139,Livingston County,KY,Kentucky,4021,886,65,4972,80.87288817377313,17.819790828640386,63.05309734513275,Trump
21141,Logan County,KY,Kentucky,9620,2734,157,12511,76.89233474542402,21.85276956278475,55.03956518263928,Trump
21143,Lyon County,KY,Kentucky,3187,950,50,4187,76.11655122999761,22.68927633150227,53.42727489849535,Trump
21151,Madison County,KY,Kentucky,29130,15180,878,45188,64.46401699566256,33.59298928919182,30.871027706470745,Trump
21153,Magoffin County,KY,Kentucky,4288,909,77,5274,81.30451270383011,17.235494880546078,64.06901782328404,Trump
21155,Marion County,KY,Kentucky,6473,2513,116,9102,71.11623818940892,27.609316633706875,43.50692155570204,Trump
21157,Marshall County,KY,Kentucky,13677,3700,225,17602,77.70139756845813,21.020338597886603,56.68105897057153,Trump
21159,Martin County,KY,Kentucky,3343,287,25,3655,91.46374829001368,7.852257181942544,83.61149110807114,Trump
21161,Mason County,KY,Kentucky,5621,2170,110,7901,71.14289330464499,27.464877863561576,43.6780154410834,Trump
21145,McCracken County,KY,Kentucky,21349,10191,407,31947,66.82630606942749,31.89970889285379,34.9265971765737,Trump
21147,McCreary County,KY,Kentucky,5531,641,40,6212,89.03734707018674,10.31873792659369,78.71860914359304,Trump
21149,McLean County,KY,Kentucky,3578,989,67,4634,77.21191195511437,21.342252913249894,55.86965904186448,Trump
21163,Meade County,KY,Kentucky,10630,3279,214,14123,75.26729448417476,23.21744671811938,52.049847766055365,Trump
21165,Menifee County,KY,Kentucky,2563,664,67,3294,77.80813600485732,20.157862780813602,57.650273224043715,Trump
21167,Mercer County,KY,Kentucky,8826,2838,187,11851,74.47472787106574,23.947346215509242,50.52738165555649,Trump
21169,Metcalfe County,KY,Kentucky,4197,884,46,5127,81.86073727325922,17.242051882192317,64.6186853910669,Trump
21171,Monroe County,KY,Kentucky,4679,576,53,5308,88.14996232102487,10.851544837980406,77.29841748304446,Trump
21173,Montgomery County,KY,Kentucky,9302,3329,190,12821,72.5528429919663,25.965213321893764,46.58762967007254,Trump
21175,Morgan County,KY,Kentucky,4353,939,81,5373,81.01619207146845,17.476270240089338,63.53992183137912,Trump
21177,Muhlenberg County,KY,Kentucky,10491,3048,153,13692,76.62138475021911,22.261174408413673,54.360210341805434,Trump
21179,Nelson County,KY,Kentucky,16052,6515,285,22852,70.24330474356731,28.509539646420446,41.73376509714686,Trump
21181,Nicholas County,KY,Kentucky,2451,824,44,3319,73.84754444109672,24.826755046700814,49.020789394395905,Trump
21183,Ohio County,KY,Kentucky,8679,2094,164,10937,79.35448477644692,19.14601810368474,60.208466672762185,Trump
21185,Oldham County,KY,Kentucky,23025,14402,783,38210,60.25909447788537,37.69170374247579,22.567390735409578,Trump
21187,Owen County,KY,Kentucky,4434,988,78,5500,80.61818181818182,17.963636363636365,62.65454545454545,Trump
21189,Owsley County,KY,Kentucky,1625,203,11,1839,88.36324089178902,11.038607939097336,77.32463295269169,Trump
21191,Pendleton County,KY,Kentucky,5593,1210,97,6900,81.05797101449276,17.53623188405797,63.52173913043478,Trump
21193,Perry County,KY,Kentucky,7913,1966,113,9992,79.193354683747,19.67574059247398,59.51761409127302,Trump
21195,Pike County,KY,Kentucky,19684,4025,241,23950,82.18789144050105,16.805845511482254,65.38204592901879,Trump
21197,Powell County,KY,Kentucky,4092,1174,94,5360,76.34328358208955,21.902985074626866,54.44029850746268,Trump
21199,Pulaski County,KY,Kentucky,26051,5351,333,31735,82.08917598865607,16.86150937450764,65.22766661414842,Trump
21201,Robertson County,KY,Kentucky,915,215,14,1144,79.98251748251748,18.793706293706293,61.18881118881119,Trump
21203,Rockcastle County,KY,Kentucky,6635,986,103,7724,85.90108751941999,12.765406525116521,73.13568099430347,Trump
21205,Rowan County,KY,Kentucky,6224,3484,165,9873,63.04061582092576,35.28815962726628,27.752456193659476,Trump
21207,Russell County,KY,Kentucky,7622,1200,71,8893,85.70786011469696,13.493759136399417,72.21410097829754,Trump
21209,Scott County,KY,Kentucky,18747,10501,521,29769,62.974906782223115,35.27495045181229,27.69995633041083,Trump
21211,Shelby County,KY,Kentucky,16356,7822,442,24620,66.43379366368805,31.77091795288384,34.66287571080422,Trump
21213,Simpson County,KY,Kentucky,6253,2403,120,8776,71.25113947128531,27.381494986326345,43.86964448495898,Trump
21215,Spencer County,KY,Kentucky,8927,2415,138,11480,77.76132404181185,21.036585365853657,56.724738675958186,Trump
21217,Taylor County,KY,Kentucky,9523,2576,162,12261,77.66903188973167,21.009705570508117,56.65932631922356,Trump
21219,Todd County,KY,Kentucky,4009,1051,52,5112,78.42331768388107,20.559467918622847,57.863849765258216,Trump
21221,Trigg County,KY,Kentucky,5436,1667,93,7196,75.5419677598666,23.165647581989994,52.3763201778766,Trump
21223,Trimble County,KY,Kentucky,3283,923,43,4249,77.26523887973642,21.722758296069664,55.542480583666745,Trump
21225,Union County,KY,Kentucky,4758,1225,75,6058,78.54077253218884,20.221195113898975,58.31957741828987,Trump
21227,Warren County,KY,Kentucky,34862,21065,964,56891,61.27858536499622,37.02694626566592,24.251639099330298,Trump
21229,Washington County,KY,Kentucky,4720,1533,88,6341,74.43620879987384,24.175997476738683,50.26021132313515,Trump
21231,Wayne County,KY,Kentucky,7203,1444,86,8733,82.48024733768465,16.53498225123096,65.94526508645369,Trump
21233,Webster County,KY,Kentucky,4339,1153,64,5556,78.09575233981282,20.752339812814974,57.34341252699784,Trump
21235,Whitley County,KY,Kentucky,12687,2237,151,15075,84.1592039800995,14.839137645107794,69.32006633499171,Trump
21237,Wolfe County,KY,Kentucky,2163,689,63,2915,74.20240137221269,23.636363636363637,50.56603773584906,Trump
21239,Woodford County,KY,Kentucky,8419,6282,292,14993,56.152871339958644,41.899553124791574,14.253318215167077,Trump
22001,Acadia Parish,LA,Louisiana,21783,4695,242,26720,81.52320359281437,17.571107784431135,63.952095808383234,Trump
22003,Allen Parish,LA,Louisiana,7003,1661,87,8751,80.02513998400183,18.98068792138041,61.04445206262141,Trump
22005,Ascension Parish,LA,Louisiana,41319,20113,1041,62473,66.13897203591952,32.19470811390521,33.944263922014315,Trump
22007,Assumption Parish,LA,Louisiana,6963,3273,131,10367,67.1650429246648,31.571332111507665,35.59371081315713,Trump
22009,Avoyelles Parish,LA,Louisiana,11379,4460,198,16037,70.95466733179522,27.81068778449835,43.14397954729687,Trump
22011,Beauregard Parish,LA,Louisiana,13504,2192,178,15874,85.06992566460879,13.808743857880811,71.26118180672798,Trump
22013,Bienville Parish,LA,Louisiana,3660,2531,65,6256,58.50383631713555,40.45716112531969,18.046675191815854,Trump
22015,Bossier Parish,LA,Louisiana,37105,14467,660,52232,71.03882677285955,27.69758002756931,43.34124674529025,Trump
22017,Caddo Parish,LA,Louisiana,44471,48864,1364,94699,46.960369169685,51.59927771148587,-4.6389085418008635,Harris
22019,Calcasieu Parish,LA,Louisiana,56064,23918,1219,81201,69.04348468614918,29.45530227460253,39.588182411546654,Trump
22021,Caldwell Parish,LA,Louisiana,3724,580,30,4334,85.92524227041993,13.382556529764653,72.54268574065529,Trump
22023,Cameron Parish,LA,Louisiana,3120,219,23,3362,92.80190362879239,6.513979773944081,86.2879238548483,Trump
22025,Catahoula Parish,LA,Louisiana,3258,1060,30,4348,74.93100275988961,24.379024839006437,50.55197792088316,Trump
22027,Claiborne Parish,LA,Louisiana,3522,2239,55,5816,60.557083906464925,38.49724896836314,22.059834938101787,Trump
22029,Concordia Parish,LA,Louisiana,4974,2698,83,7755,64.13926499032881,34.790457769181174,29.34880722114765,Trump
22031,De Soto Parish,LA,Louisiana,9359,4426,128,13913,67.26802271257097,31.811974412420042,35.45604830015094,Trump
22033,East Baton Rouge Parish,LA,Louisiana,82720,103820,4103,190643,43.39000120644346,54.4578085741412,-11.067807367697739,Harris
22035,East Carroll Parish,LA,Louisiana,931,1338,37,2306,40.37294015611448,58.022549869904594,-17.649609713790113,Harris
22037,East Feliciana Parish,LA,Louisiana,6020,3809,118,9947,60.52076002814919,38.29295264903991,22.22780737910928,Trump
22039,Evangeline Parish,LA,Louisiana,10483,3526,167,14176,73.94892776523702,24.873024830699777,49.07590293453725,Trump
22041,Franklin Parish,LA,Louisiana,6524,2196,78,8798,74.15321664014549,24.96021823141623,49.19299840872925,Trump
22043,Grant Parish,LA,Louisiana,7925,996,97,9018,87.87979596362831,11.04457751164338,76.83521845198491,Trump
22045,Iberia Parish,LA,Louisiana,19511,9504,316,29331,66.52006409600763,32.402577477753916,34.11748661825372,Trump
22047,Iberville Parish,LA,Louisiana,7616,7503,235,15354,49.602709391689466,48.866744822196175,0.7359645694932917,Trump
22049,Jackson Parish,LA,Louisiana,5291,1852,83,7226,73.22169941876557,25.62967063382231,47.59202878494326,Trump
22053,Jefferson Davis Parish,LA,Louisiana,11478,2699,181,14358,79.94149603008776,18.797882713469843,61.143613316617916,Trump
22051,Jefferson Parish,LA,Louisiana,98810,75731,3664,178205,55.447378019696416,42.49656294716759,12.95081507252883,Trump
22059,LaSalle Parish,LA,Louisiana,6023,546,51,6620,90.98187311178248,8.24773413897281,82.73413897280967,Trump
22055,Lafayette Parish,LA,Louisiana,72007,37170,1909,111086,64.82094953459482,33.46056208703167,31.36038744756315,Trump
22057,Lafourche Parish,LA,Louisiana,34461,7864,520,42845,80.43178900688528,18.354533784572297,62.077255222312985,Trump
22061,Lincoln Parish,LA,Louisiana,11248,6627,282,18157,61.948559784105306,36.49832020708267,25.450239577022636,Trump
22063,Livingston Parish,LA,Louisiana,55101,9965,840,65906,83.60543804812916,15.12001942160046,68.4854186265287,Trump
22065,Madison Parish,LA,Louisiana,1846,2094,52,3992,46.24248496993988,52.45490981963928,-6.212424849699398,Harris
22067,Morehouse Parish,LA,Louisiana,5961,4008,128,10097,59.03733782311578,39.69495889868278,19.342378924433,Trump
22069,Natchitoches Parish,LA,Louisiana,9100,5740,200,15040,60.50531914893617,38.16489361702128,22.340425531914892,Trump
22071,Orleans Parish,LA,Louisiana,24119,130749,4262,159130,15.156790045874441,82.16489662540062,-67.00810657952617,Harris
22073,Ouachita Parish,LA,Louisiana,40808,22845,783,64436,63.33105717300887,35.45378359923024,27.877273573778634,Trump
22075,Plaquemines Parish,LA,Louisiana,6803,3023,119,9945,68.40623428858723,30.397184514831572,38.009049773755656,Trump
22077,Pointe Coupee Parish,LA,Louisiana,7319,4132,119,11570,63.258426966292134,35.71305099394987,27.545375972342264,Trump
22079,Rapides Parish,LA,Louisiana,36171,16537,687,53395,67.74229796797454,30.97106470643319,36.77123326154134,Trump
22081,Red River Parish,LA,Louisiana,2337,1321,67,3725,62.738255033557046,35.463087248322154,27.2751677852349,Trump
22083,Richland Parish,LA,Louisiana,6354,2732,107,9193,69.11780702708583,29.71826389644295,39.399543130642876,Trump
22085,Sabine Parish,LA,Louisiana,8613,1488,69,10170,84.69026548672566,14.631268436578171,70.0589970501475,Trump
22087,St. Bernard Parish,LA,Louisiana,11033,5967,292,17292,63.80407124681934,34.507286606523245,29.296784640296092,Trump
22089,St. Charles Parish,LA,Louisiana,17443,8812,430,26685,65.36631066142027,33.02229717069515,32.344013490725125,Trump
22091,St. Helena Parish,LA,Louisiana,2804,2848,93,5745,48.8076588337685,49.57354221061793,-0.7658833768494343,Harris
22093,St. James Parish,LA,Louisiana,5902,5792,95,11789,50.06361862753415,49.13054542370006,0.9330732038340827,Trump
22095,St. John the Baptist Parish,LA,Louisiana,6557,12043,227,18827,34.82764115366229,63.96664365007702,-29.139002496414722,Harris
22097,St. Landry Parish,LA,Louisiana,21812,14833,398,37043,58.88291984990417,40.042653132845615,18.840266717058554,Trump
22099,St. Martin Parish,LA,Louisiana,17466,7284,256,25006,69.84723666320083,29.129009037830922,40.71822762536991,Trump
22101,St. Mary Parish,LA,Louisiana,13671,7011,215,20897,65.42087380963775,33.55027037373786,31.87060343589989,Trump
22103,St. Tammany Parish,LA,Louisiana,98377,37777,2230,138384,71.08986588044861,27.29867614753151,43.791189732917104,Trump
22105,Tangipahoa Parish,LA,Louisiana,37500,16886,718,55104,68.05313588850174,30.643873403019743,37.409262485481996,Trump
22107,Tensas Parish,LA,Louisiana,1093,1002,33,2128,51.36278195488722,47.08646616541353,4.276315789473684,Trump
22109,Terrebonne Parish,LA,Louisiana,31115,9702,510,41327,75.28976214097321,23.476177801437316,51.8135843395359,Trump
22111,Union Parish,LA,Louisiana,8176,2206,93,10475,78.05250596658712,21.05966587112172,56.99284009546539,Trump
22113,Vermilion Parish,LA,Louisiana,21510,4637,282,26429,81.38786938590185,17.545120889931514,63.84274849597033,Trump
22115,Vernon Parish,LA,Louisiana,13474,2513,162,16149,83.43550684252895,15.561335067186825,67.87417177534213,Trump
22117,Washington Parish,LA,Louisiana,12846,5411,198,18455,69.60715253318884,29.319967488485503,40.287185044703335,Trump
22119,Webster Parish,LA,Louisiana,10965,5053,187,16205,67.66430114162296,31.181734032705954,36.482567108917,Trump
22121,West Baton Rouge Parish,LA,Louisiana,7627,6008,201,13836,55.124313385371494,43.42295461115929,11.701358774212201,Trump
22123,West Carroll Parish,LA,Louisiana,3986,578,39,4603,86.5956984575277,12.557028025200957,74.03867043232675,Trump
22125,West Feliciana Parish,LA,Louisiana,3923,2004,81,6008,65.29627163781625,33.3555259653795,31.940745672436748,Trump
22127,Winn Parish,LA,Louisiana,4437,1292,52,5781,76.75142708873898,22.34907455457533,54.40235253416365,Trump
23001,Androscoggin County,ME,Maine,30605,27019,1223,58847,52.00774890818563,45.91398032185158,6.093768586334053,Trump
23003,Aroostook County,ME,Maine,22246,12900,507,35653,62.39587131517684,36.182088463803886,26.213782851372958,Trump
23005,Cumberland County,ME,Maine,59964,127971,4721,192656,31.124906569221828,66.42461174321069,-35.29970517398887,Harris
23007,Franklin County,ME,Maine,9459,7990,387,17836,53.033191298497414,44.79703969499888,8.236151603498543,Trump
23009,Hancock County,ME,Maine,15551,19817,885,36253,42.89576035086751,54.663062367252365,-11.76730201638485,Harris
23011,Kennebec County,ME,Maine,36589,34585,1712,72886,50.20031281727629,47.45081359931949,2.749499217956809,Trump
23013,Knox County,ME,Maine,10262,15076,555,25893,39.63233306299,58.22423048700421,-18.59189742401421,Harris
23015,Lincoln County,ME,Maine,10409,13110,484,24003,43.36541265675124,54.61817272840895,-11.25276007165771,Harris
23017,Oxford County,ME,Maine,19228,14765,597,34590,55.588320323793006,42.685747325816706,12.902572997976295,Trump
23019,Penobscot County,ME,Maine,47438,37945,1690,87073,54.4807230714458,43.57837676432419,10.90234630712161,Trump
23021,Piscataquis County,ME,Maine,6487,3510,208,10205,63.566878980891715,34.394904458598724,29.17197452229299,Trump
23023,Sagadahoc County,ME,Maine,9917,13982,557,24456,40.550376185803074,57.172064115145574,-16.621687929342492,Harris
23025,Somerset County,ME,Maine,17826,10134,481,28441,62.67712105762807,35.63165852114905,27.045462536479025,Trump
23027,Waldo County,ME,Maine,11815,12661,654,25130,47.01551929964186,50.38201352964584,-3.3664942300039793,Harris
23029,Washington County,ME,Maine,11001,6763,282,18046,60.96087775684362,37.476449074587165,23.484428682256457,Trump
23031,York County,ME,Maine,58054,71813,2585,132452,43.83021773925648,54.21813185153867,-10.387914112282186,Harris
24001,Allegany County,MD,Maryland,22141,9231,765,32137,68.89566543236768,28.72390079970128,40.171764632666395,Trump
24003,Anne Arundel County,MD,Maryland,128892,171945,10735,311572,41.36828726586471,55.18628118059389,-13.817993914729179,Harris
24510,Baltimore City,MD,Maryland,27984,195109,7661,230754,12.127200395226085,84.5528138190454,-72.4256134238193,Harris
24005,Baltimore County,MD,Maryland,149560,249958,13397,412915,36.22052964895923,60.53497693229841,-24.314447283339184,Harris
24009,Calvert County,MD,Maryland,29361,23438,1392,54191,54.18058349172372,43.250724290011256,10.929859201712462,Trump
24011,Caroline County,MD,Maryland,11053,4860,417,16330,67.6852418860992,29.76117575015309,37.92406613594611,Trump
24013,Carroll County,MD,Maryland,62273,36867,3511,102651,60.66477676788341,35.91489610427565,24.749880663607758,Trump
24015,Cecil County,MD,Maryland,33871,17628,1332,52831,64.11197970888304,33.36677329598153,30.745206412901517,Trump
24017,Charles County,MD,Maryland,26145,63454,2498,92097,28.38854685820385,68.89909551885512,-40.51054866065127,Harris
24019,Dorchester County,MD,Maryland,9390,6954,428,16772,55.986167421893626,41.46196041020749,14.524207011686144,Trump
24021,Frederick County,MD,Maryland,68753,82409,4952,156114,44.040252635894284,52.78770641966768,-8.747453783773397,Harris
24023,Garrett County,MD,Maryland,11983,3456,399,15838,75.6598055310014,21.82093698699331,53.83886854400808,Trump
24025,Harford County,MD,Maryland,83050,62453,4587,150090,55.33346658671464,41.61036711306549,13.723099473649144,Trump
24027,Howard County,MD,Maryland,49425,124764,8102,182291,27.113242014142223,68.44221601724715,-41.328974003104925,Harris
24029,Kent County,MD,Maryland,5561,5251,316,11128,49.97304097771387,47.18727534148095,2.785765636232926,Trump
24031,Montgomery County,MD,Maryland,112637,386581,20003,519221,21.69346001028464,74.45403787597189,-52.76057786568725,Harris
24033,Prince George's County,MD,Maryland,45008,347038,11963,404009,11.140345883383786,85.89858146724454,-74.75823558386075,Harris
24035,Queen Anne's County,MD,Maryland,20200,11273,874,32347,62.447831329025874,34.850217949114295,27.597613379911586,Trump
24039,Somerset County,MD,Maryland,5805,4054,278,10137,57.26546315477952,39.99210811877281,17.273355036006706,Trump
24037,St. Mary's County,MD,Maryland,33582,23531,1841,58954,56.963055941920814,39.91417037011908,17.048885571801744,Trump
24041,Talbot County,MD,Maryland,11125,11119,586,22830,48.72974156811213,48.70346035917652,0.026281208935611037,Trump
24043,Washington County,MD,Maryland,44054,27260,2018,73332,60.074728631429664,37.173403152784594,22.901325478645067,Trump
24045,Wicomico County,MD,Maryland,24065,21513,1334,46912,51.2981753069577,45.85820259208731,5.439972714870396,Trump
24047,Worcester County,MD,Maryland,19632,12431,818,32881,59.70621331468021,37.80602779720812,21.900185517472096,Trump
25001,Barnstable County,MA,Massachusetts,57451,88129,3205,148785,38.61343549416944,59.232449507678865,-20.619014013509425,Harris
25003,Berkshire County,MA,Massachusetts,19805,47094,1775,68674,28.839153100154352,68.57617147683257,-39.737018376678215,Harris
25005,Bristol County,MA,Massachusetts,134201,137813,5988,278002,48.27339371659197,49.57266494485651,-1.2992712282645449,Harris
25007,Dukes County,MA,Massachusetts,2745,9137,327,12209,22.48341387501024,74.83823408960603,-52.35482021459579,Harris
25009,Essex County,MA,Massachusetts,155336,236624,9891,401851,38.65512341639065,58.88351652727006,-20.228393110879406,Harris
25011,Franklin County,MA,Massachusetts,12428,28305,1515,42248,29.416777125544403,66.99725430789624,-37.58047718235183,Harris
25013,Hampden County,MA,Massachusetts,92474,110937,5193,208604,44.329926559414005,53.18066767655461,-8.850741117140611,Harris
25015,Hampshire County,MA,Massachusetts,23256,58617,2847,84720,27.450424929178467,69.18909348441926,-41.73866855524079,Harris
25017,Middlesex County,MA,Massachusetts,235118,554471,25243,814832,28.854782335499834,68.04727845739981,-39.19249612189997,Harris
25019,Nantucket County,MA,Massachusetts,2171,4784,163,7118,30.50014048890138,67.20989041865693,-36.709749929755546,Harris
25021,Norfolk County,MA,Massachusetts,132497,242712,11238,386447,34.285943479959734,62.80602514704474,-28.520081667085005,Harris
25023,Plymouth County,MA,Massachusetts,133544,159962,6623,300129,44.49553358722416,53.29774863475373,-8.802215047529563,Harris
25025,Suffolk County,MA,Massachusetts,66480,222280,10433,299193,22.219771184486266,74.29318199289422,-52.07341080840795,Harris
25027,Worcester County,MA,Massachusetts,183802,225680,11359,420841,43.674927110238784,53.62595374500108,-9.951026634762297,Harris
26001,Alcona County,MI,Michigan,5257,2140,86,7483,70.25257249766138,28.598155819858345,41.65441667780302,Trump
26003,Alger County,MI,Michigan,3116,2075,67,5258,59.26207683529859,39.46367440091289,19.798402434385697,Trump
26005,Allegan County,MI,Michigan,45206,25637,1070,71913,62.86206944502385,35.65002155382198,27.21204789120187,Trump
26007,Alpena County,MI,Michigan,10967,6038,208,17213,63.713472375530124,35.0781386161622,28.63533375936792,Trump
26009,Antrim County,MI,Michigan,10341,6330,212,16883,61.25096250666351,37.49333649232956,23.757626014333947,Trump
26011,Arenac County,MI,Michigan,6379,2662,117,9158,69.65494649486787,29.067481982965717,40.58746451190216,Trump
26013,Baraga County,MI,Michigan,2779,1488,65,4332,64.1505078485688,34.34903047091413,29.801477377654663,Trump
26015,Barry County,MI,Michigan,25650,12391,584,38625,66.40776699029126,32.08025889967637,34.32750809061489,Trump
26017,Bay County,MI,Michigan,34792,25767,779,61338,56.721771169584926,42.008216766115616,14.7135544034693,Trump
26019,Benzie County,MI,Michigan,6895,5780,171,12846,53.67429550054492,44.99455083294411,8.67974466760081,Trump
26021,Berrien County,MI,Michigan,44975,38323,1190,84488,53.23241170343718,45.35910425149133,7.873307451945838,Trump
26023,Branch County,MI,Michigan,14848,5911,330,21089,70.40637299065864,28.02883019583669,42.37754279482194,Trump
26025,Calhoun County,MI,Michigan,38606,28988,911,68505,56.355010583169104,42.31515947741041,14.039851105758705,Trump
26027,Cass County,MI,Michigan,18505,9050,316,27871,66.39517778335905,32.47102723260737,33.924150550751676,Trump
26029,Charlevoix County,MI,Michigan,10183,7197,281,17661,57.658116754430665,40.750806862578564,16.907309891852105,Trump
26031,Cheboygan County,MI,Michigan,10653,5543,227,16423,64.8663459782013,33.751446142604884,31.11489983559642,Trump
26033,Chippewa County,MI,Michigan,11249,6796,320,18365,61.252382248842906,37.005172883201745,24.247209365641165,Trump
26035,Clare County,MI,Michigan,11772,5273,243,17288,68.09347524294309,30.500925497454883,37.5925497454882,Trump
26037,Clinton County,MI,Michigan,26751,22450,785,49986,53.5169847557316,44.91257552114592,8.604409234585685,Trump
26039,Crawford County,MI,Michigan,5613,2752,111,8476,66.22227465785748,32.46814535158094,33.754129306276546,Trump
26041,Delta County,MI,Michigan,14109,7462,303,21874,64.50123434214136,34.113559477004664,30.387674865136695,Trump
26043,Dickinson County,MI,Michigan,10324,4763,225,15312,67.42424242424242,31.106321839080458,36.317920585161964,Trump
26045,Eaton County,MI,Michigan,33102,31056,1050,65208,50.76370997423629,47.62605815237394,3.137651821862348,Trump
26047,Emmet County,MI,Michigan,12465,10005,381,22851,54.549035053170535,43.78364185374819,10.765393199422345,Trump
26049,Genesee County,MI,Michigan,105303,114670,3295,223268,47.16439436014117,51.35980077754089,-4.195406417399717,Harris
26051,Gladwin County,MI,Michigan,10809,4501,178,15488,69.78951446280992,29.06120867768595,40.72830578512397,Trump
26053,Gogebic County,MI,Michigan,4803,3385,107,8295,57.90235081374322,40.80771549125979,17.094635322483423,Trump
26055,Grand Traverse County,MI,Michigan,31423,30339,1010,62772,50.05894347798382,48.33205887975531,1.7268845982285095,Trump
26057,Gratiot County,MI,Michigan,12894,6682,272,19848,64.96372430471584,33.665860540104795,31.297863764611044,Trump
26059,Hillsdale County,MI,Michigan,18631,5875,322,24828,75.04027710649267,23.66280006444337,51.3774770420493,Trump
26061,Houghton County,MI,Michigan,11181,7881,312,19374,57.71136574790957,40.678228553731806,17.033137194177765,Trump
26063,Huron County,MI,Michigan,13224,5522,223,18969,69.713743476198,29.110654225314985,40.603089250883016,Trump
26065,Ingham County,MI,Michigan,50564,94542,2995,148101,34.14156555323732,63.83616585978488,-29.694600306547557,Harris
26067,Ionia County,MI,Michigan,22179,11338,504,34021,65.19208724023397,33.32647482437318,31.865612415860795,Trump
26069,Iosco County,MI,Michigan,10155,5344,232,15731,64.55406522153709,33.97113978768038,30.582925433856715,Trump
26071,Iron County,MI,Michigan,4501,2441,85,7027,64.05293866514872,34.73744129785115,29.315497367297567,Trump
26073,Isabella County,MI,Michigan,16320,14011,504,30835,52.92686881790174,45.43862493919247,7.48824387870926,Trump
26075,Jackson County,MI,Michigan,50199,32348,1280,83827,59.8840469061281,38.588998771278945,21.295048134849154,Trump
26077,Kalamazoo County,MI,Michigan,58671,84501,2538,145710,40.26559604694256,57.99258801729462,-17.726991970352067,Harris
26079,Kalkaska County,MI,Michigan,8149,3206,174,11529,70.68262642033135,27.808136004857314,42.87449041547402,Trump
26081,Kent County,MI,Michigan,172720,192668,6559,371947,46.43672351168311,51.7998532048921,-5.363129693208979,Harris
26083,Keweenaw County,MI,Michigan,896,690,25,1611,55.61762880198634,42.83054003724395,12.787088764742396,Trump
26085,Lake County,MI,Michigan,4523,2298,94,6915,65.40853217642805,33.232104121475054,32.176428054953,Trump
26087,Lapeer County,MI,Michigan,38398,16338,703,55439,69.2617110698245,29.47022853947582,39.791482530348674,Trump
26089,Leelanau County,MI,Michigan,8035,9406,244,17685,45.433983601922534,53.18631608707945,-7.752332485156913,Harris
26091,Lenawee County,MI,Michigan,33463,20787,766,55016,60.82412389123164,37.7835538752363,23.040570015995346,Trump
26093,Livingston County,MI,Michigan,81217,49503,1728,132448,61.319914230490454,37.37542280744141,23.944491423049048,Trump
26095,Luce County,MI,Michigan,2170,769,46,2985,72.69681742043551,25.76214405360134,46.934673366834176,Trump
26097,Mackinac County,MI,Michigan,4476,2675,87,7238,61.84028737220226,36.95772312793589,24.882564244266373,Trump
26099,Macomb County,MI,Michigan,284660,214977,9515,509152,55.90864810508454,42.222558293004845,13.686089812079693,Trump
26101,Manistee County,MI,Michigan,8748,6309,240,15297,57.187683859580304,41.24338105510885,15.944302804471466,Trump
26103,Marquette County,MI,Michigan,17459,20866,684,39009,44.75633828090954,53.49022020559359,-8.733881924684047,Harris
26105,Mason County,MI,Michigan,10830,6973,261,18064,59.95349867139061,38.601638618246234,21.351860053144375,Trump
26107,Mecosta County,MI,Michigan,14445,7688,356,22489,64.23140201876473,34.18560184979324,30.0458001689715,Trump
26109,Menominee County,MI,Michigan,8647,4256,157,13060,66.20980091883614,32.588055130168456,33.62174578866769,Trump
26111,Midland County,MI,Michigan,28571,20926,804,50301,56.80006361702551,41.60155861712491,15.198504999900598,Trump
26113,Missaukee County,MI,Michigan,7066,1945,141,9152,77.20716783216784,21.252185314685317,55.95498251748252,Trump
26115,Monroe County,MI,Michigan,57405,32622,1329,91356,62.836595297517405,35.708656245895185,27.127939051622224,Trump
26117,Montcalm County,MI,Michigan,23946,10368,531,34845,68.72148084373654,29.754627636676712,38.966853207059835,Trump
26119,Montmorency County,MI,Michigan,4599,1702,90,6391,71.960569550931,26.63120012517603,45.32936942575497,Trump
26121,Muskegon County,MI,Michigan,47733,46028,1420,95181,50.14971475399502,48.358390855317765,1.791323898677257,Trump
26123,Newaygo County,MI,Michigan,20630,8131,440,29201,70.6482654703606,27.844936817232284,42.80332865312832,Trump
26125,Oakland County,MI,Michigan,337791,419519,14835,772145,43.74709413387382,54.33163460230915,-10.584540468435332,Harris
26127,Oceana County,MI,Michigan,9547,5085,238,14870,64.20309347679893,34.19636852723605,30.00672494956288,Trump
26129,Ogemaw County,MI,Michigan,8879,3578,165,12622,70.345428616701,28.347330058627797,41.9980985580732,Trump
26131,Ontonagon County,MI,Michigan,2479,1313,49,3841,64.54048424889352,34.18380630044259,30.356677948450923,Trump
26133,Osceola County,MI,Michigan,9639,3326,219,13184,73.11134708737865,25.22754854368932,47.88379854368932,Trump
26135,Oscoda County,MI,Michigan,3716,1414,62,5192,71.57164869029276,27.23420647149461,44.33744221879815,Trump
26137,Otsego County,MI,Michigan,10693,5052,226,15971,66.95260159038257,31.63233360465844,35.32026798572412,Trump
26139,Ottawa County,MI,Michigan,106133,69653,2721,178507,59.455931700157414,39.01975832880503,20.436173371352385,Trump
26141,Presque Isle County,MI,Michigan,5568,3036,138,8742,63.692518874399454,34.72889498970487,28.963623884694577,Trump
26143,Roscommon County,MI,Michigan,10582,5290,196,16068,65.85760517799353,32.92257903908389,32.935026138909635,Trump
26145,Saginaw County,MI,Michigan,52912,49515,1419,103846,50.952371781291525,47.68118174989889,3.2711900313926394,Trump
26151,Sanilac County,MI,Michigan,17080,5957,302,23339,73.18222717340075,25.523801362526243,47.6584258108745,Trump
26153,Schoolcraft County,MI,Michigan,3196,1631,71,4898,65.2511229073091,33.29930583911801,31.951817068191097,Trump
26155,Shiawassee County,MI,Michigan,24718,15335,632,40685,60.75457785424604,37.69202408750154,23.0625537667445,Trump
26147,St. Clair County,MI,Michigan,64277,30844,1403,96524,66.59172848203555,31.954747005925988,34.63698147610957,Trump
26149,St. Joseph County,MI,Michigan,19403,9452,452,29307,66.20602586412802,32.251680485890745,33.954345378237285,Trump
26157,Tuscola County,MI,Michigan,21764,8562,391,30717,70.85327343165022,27.873815802324447,42.97945762932578,Trump
26159,Van Buren County,MI,Michigan,23407,17175,587,41169,56.85588671087469,41.71828317423304,15.137603536641647,Trump
26161,Washtenaw County,MI,Michigan,58844,157152,5546,221542,26.561103537929604,70.93553366855946,-44.37443013062986,Harris
26163,Wayne County,MI,Michigan,288860,537032,30798,856690,33.71814775473042,62.68685288727545,-28.96870513254503,Harris
26165,Wexford County,MI,Michigan,12968,6224,284,19476,66.58451427397823,31.957280755802014,34.62723351817621,Trump
27001,Aitkin County,MN,Minnesota,6741,3524,181,10446,64.53187823090178,33.73540111047291,30.79647712042887,Trump
27003,Anoka County,MN,Minnesota,106974,97667,5840,210481,50.82358977769965,46.40181299024615,4.421776787453499,Trump
27005,Becker County,MN,Minnesota,12961,6435,343,19739,65.66188763361872,32.600435685698365,33.06145194792036,Trump
27007,Beltrami County,MN,Minnesota,12898,11493,483,24874,51.85334083782263,46.20487255769076,5.648468280131865,Trump
27009,Benton County,MN,Minnesota,15260,7084,480,22824,66.85944619698563,31.03750438135296,35.82194181563267,Trump
27011,Big Stone County,MN,Minnesota,1796,964,64,2824,63.59773371104816,34.13597733711048,29.461756373937675,Trump
27013,Blue Earth County,MN,Minnesota,18001,17558,883,36442,49.39630097140662,48.18067065473904,1.2156303166675815,Trump
27015,Brown County,MN,Minnesota,9692,4576,330,14598,66.39265652829155,31.34675983011371,35.04589669817783,Trump
27017,Carlton County,MN,Minnesota,10435,9905,475,20815,50.13211626231083,47.58587557050204,2.5462406918087916,Trump
27019,Carver County,MN,Minnesota,35586,31869,1705,69160,51.45459803354541,46.080104106419896,5.374493927125505,Trump
27021,Cass County,MN,Minnesota,12759,6300,304,19363,65.89371481691887,32.53628053504106,33.35743428187781,Trump
27023,Chippewa County,MN,Minnesota,4175,2026,117,6318,66.08103830326053,32.06710984488762,34.0139284583729,Trump
27025,Chisago County,MN,Minnesota,23047,11894,660,35601,64.73694559141597,33.40917389960956,31.32777169180641,Trump
27027,Clay County,MN,Minnesota,15965,16121,788,32874,48.56421488106102,49.03875403054086,-0.4745391494798321,Harris
27029,Clearwater County,MN,Minnesota,3575,1169,70,4814,74.26256751142502,24.283340257582054,49.97922725384296,Trump
27031,Cook County,MN,Minnesota,1142,2416,102,3660,31.20218579234973,66.01092896174863,-34.80874316939891,Harris
27033,Cottonwood County,MN,Minnesota,4157,1705,126,5988,69.42217768871075,28.47361389445558,40.94856379425518,Trump
27035,Crow Wing County,MN,Minnesota,27423,14173,770,42366,64.72879195581362,33.45371288297219,31.27507907284143,Trump
27037,Dakota County,MN,Minnesota,109995,143267,6543,259805,42.33752237254864,55.144050345451404,-12.806527972902753,Harris
27039,Dodge County,MN,Minnesota,8095,4108,281,12484,64.84299903876962,32.90611983338674,31.93687920538289,Trump
27041,Douglas County,MN,Minnesota,16726,7938,442,25106,66.62152473512309,31.61793993467697,35.003584800446106,Trump
27043,Faribault County,MN,Minnesota,5247,2352,162,7761,67.60726710475454,30.305373018940855,37.301894085813686,Trump
27045,Fillmore County,MN,Minnesota,7638,4491,256,12385,61.671376665320956,36.26160678239806,25.409769882922888,Trump
27047,Freeborn County,MN,Minnesota,10003,6448,253,16704,59.883860153256705,38.60153256704981,21.282327586206897,Trump
27049,Goodhue County,MN,Minnesota,16461,11731,625,28817,57.12253183884513,40.70860950133602,16.41392233750911,Trump
27051,Grant County,MN,Minnesota,2266,1187,90,3543,63.95709850409258,33.50268134349421,30.454417160598364,Trump
27053,Hennepin County,MN,Minnesota,197244,502710,20219,720173,27.388419171504623,69.80406096868391,-42.41564179717929,Harris
27055,Houston County,MN,Minnesota,6547,4667,214,11428,57.28911445572279,40.83829191459573,16.450822541127057,Trump
27057,Hubbard County,MN,Minnesota,8809,4536,272,13617,64.69119482999193,33.311302048909454,31.379892781082468,Trump
27059,Isanti County,MN,Minnesota,18027,7384,507,25918,69.55397793039586,28.489852612084267,41.0641253183116,Trump
27061,Itasca County,MN,Minnesota,15863,10467,510,26840,59.102086438152014,38.997764530551414,20.104321907600596,Trump
27063,Jackson County,MN,Minnesota,3949,1581,114,5644,69.96810772501772,28.012048192771083,41.956059532246634,Trump
27065,Kanabec County,MN,Minnesota,6818,2718,167,9703,70.26692775430278,28.01195506544368,42.25497268885911,Trump
27067,Kandiyohi County,MN,Minnesota,15014,7814,455,23283,64.48481724863633,33.560967229308936,30.923850019327404,Trump
27069,Kittson County,MN,Minnesota,1535,911,54,2500,61.4,36.44,24.959999999999997,Trump
27071,Koochiching County,MN,Minnesota,4204,2465,120,6789,61.92370010310797,36.30873471792606,25.61496538518191,Trump
27073,Lac qui Parle County,MN,Minnesota,2600,1314,82,3996,65.06506506506507,32.88288288288289,32.18218218218218,Trump
27075,Lake County,MN,Minnesota,3265,3534,155,6954,46.95139488064423,50.81967213114754,-3.8682772505033074,Harris
27077,Lake of the Woods County,MN,Minnesota,1710,604,33,2347,72.85896889646357,25.734980826587133,47.12398806987644,Trump
27079,Le Sueur County,MN,Minnesota,11503,5636,330,17469,65.8480737306085,32.26286564771881,33.585208082889686,Trump
27081,Lincoln County,MN,Minnesota,2190,972,73,3235,67.69706336939721,30.046367851622875,37.65069551777434,Trump
27083,Lyon County,MN,Minnesota,8400,4284,306,12990,64.66512702078522,32.979214780600465,31.685912240184756,Trump
27087,Mahnomen County,MN,Minnesota,1165,975,43,2183,53.36692624828218,44.66330737517178,8.703618873110399,Trump
27089,Marshall County,MN,Minnesota,3774,1177,80,5031,75.01490757304711,23.394951301928046,51.61995627111906,Trump
27091,Martin County,MN,Minnesota,7442,3171,183,10796,68.93293812523157,29.371989625787332,39.56094849944424,Trump
27085,McLeod County,MN,Minnesota,14394,6374,431,21199,67.89942921835936,30.067456012076043,37.831973206283315,Trump
27093,Meeker County,MN,Minnesota,9645,3802,247,13694,70.43230611946838,27.763984226668615,42.66832189279977,Trump
27095,Mille Lacs County,MN,Minnesota,10570,4374,246,15190,69.5852534562212,28.79526003949967,40.78999341672153,Trump
27097,Morrison County,MN,Minnesota,15666,4306,341,20313,77.12302466400827,21.198247427755625,55.924777236252645,Trump
27099,Mower County,MN,Minnesota,10297,8312,360,18969,54.283304338657814,43.81886235436765,10.464441984290158,Trump
27101,Murray County,MN,Minnesota,3346,1329,94,4769,70.16145942545607,27.867477458586702,42.29398196686937,Trump
27103,Nicollet County,MN,Minnesota,9540,9441,436,19417,49.132203738991606,48.62234124736056,0.509862491631045,Trump
27105,Nobles County,MN,Minnesota,5541,2599,135,8275,66.9607250755287,31.40785498489426,35.55287009063444,Trump
27107,Norman County,MN,Minnesota,1963,1233,98,3294,59.59319975713419,37.43169398907104,22.161505768063144,Trump
27109,Olmsted County,MN,Minnesota,39467,49121,2336,90924,43.40658132066341,54.02424002463596,-10.617658703972548,Harris
27111,Otter Tail County,MN,Minnesota,24276,11752,708,36736,66.08231707317073,31.990418118466902,34.09189895470383,Trump
27113,Pennington County,MN,Minnesota,4756,2439,186,7381,64.4357133179786,33.04430293998104,31.391410377997563,Trump
27115,Pine County,MN,Minnesota,11274,5339,298,16911,66.66666666666666,31.57116669623322,35.095499970433444,Trump
27117,Pipestone County,MN,Minnesota,3537,1215,85,4837,73.12383708910481,25.118875335952033,48.00496175315278,Trump
27119,Polk County,MN,Minnesota,10162,4967,290,15419,65.90570075880407,32.21350282119463,33.69219793760944,Trump
27121,Pope County,MN,Minnesota,4677,2398,143,7218,64.79634247714048,33.22249930728734,31.573843169853145,Trump
27123,Ramsey County,MN,Minnesota,75284,195168,7573,278025,27.078140454995054,70.1980037766388,-43.119863321643734,Harris
27125,Red Lake County,MN,Minnesota,1425,642,49,2116,67.34404536862004,30.340264650283554,37.00378071833648,Trump
27127,Redwood County,MN,Minnesota,5895,2300,131,8326,70.80230602930578,27.624309392265197,43.17799663704059,Trump
27129,Renville County,MN,Minnesota,5610,2280,168,8058,69.62025316455697,28.294862248696944,41.32539091586002,Trump
27131,Rice County,MN,Minnesota,18264,17353,795,36412,50.1592881467648,47.65736570361419,2.50192244315061,Trump
27133,Rock County,MN,Minnesota,3690,1585,98,5373,68.67671691792296,29.49934859482598,39.177368323096964,Trump
27135,Roseau County,MN,Minnesota,6279,2093,127,8499,73.87927991528414,24.62642663842805,49.2528532768561,Trump
27139,Scott County,MN,Minnesota,47837,40214,2090,90141,53.06908066251761,44.612329572558544,8.456751089959063,Trump
27141,Sherburne County,MN,Minnesota,38491,18329,1140,57960,66.4095928226363,31.62353347135956,34.78605935127674,Trump
27143,Sibley County,MN,Minnesota,6014,2351,172,8537,70.44629260864473,27.538948108234745,42.90734450040998,Trump
27137,St. Louis County,MN,Minnesota,50065,66335,2609,119009,42.068246939307116,55.73948188792445,-13.67123494861733,Harris
27145,Stearns County,MN,Minnesota,53932,30829,1871,86632,62.254132422199646,35.58615753993905,26.667974882260598,Trump
27147,Steele County,MN,Minnesota,12742,7650,480,20872,61.04829436565734,36.65197393637409,24.39632042928325,Trump
27149,Stevens County,MN,Minnesota,3213,1827,99,5139,62.521891418563925,35.551663747810856,26.970227670753065,Trump
27151,Swift County,MN,Minnesota,3340,1618,96,5054,66.08626830233479,32.014246141669965,34.07202216066482,Trump
27153,Todd County,MN,Minnesota,10392,3072,254,13718,75.75448316081062,22.393934975944017,53.360548184866595,Trump
27155,Traverse County,MN,Minnesota,1165,597,40,1802,64.6503884572697,33.12985571587125,31.520532741398444,Trump
27157,Wabasha County,MN,Minnesota,8523,4721,265,13509,63.091272485009995,34.9470723221556,28.144200162854393,Trump
27159,Wadena County,MN,Minnesota,6028,1898,121,8047,74.90990431216602,23.586429725363487,51.32347458680253,Trump
27161,Waseca County,MN,Minnesota,6770,3402,215,10387,65.17762587850197,32.75247906036392,32.42514681813805,Trump
27163,Washington County,MN,Minnesota,75271,90324,3941,169536,44.398239901849756,53.27718006795017,-8.878940166100415,Harris
27165,Watonwan County,MN,Minnesota,3087,1723,123,4933,62.57855260490574,34.92803567808635,27.65051692681938,Trump
27167,Wilkin County,MN,Minnesota,2290,986,77,3353,68.29704742022071,29.406501640322098,38.8905457798986,Trump
27169,Winona County,MN,Minnesota,14288,12929,580,27797,51.40123034859877,46.51221354822463,4.889016800374141,Trump
27171,Wright County,MN,Minnesota,57211,30883,1947,90041,63.53883230972557,34.29881942670561,29.240012883019954,Trump
27173,Yellow Medicine County,MN,Minnesota,3738,1548,124,5410,69.09426987060998,28.613678373382623,40.48059149722736,Trump
28001,Adams County,MS,Mississippi,5081,6743,104,11928,42.5972501676727,56.530851777330646,-13.933601609657947,Harris
28003,Alcorn County,MS,Mississippi,12657,2328,127,15112,83.75463208046585,15.404976177871891,68.34965590259397,Trump
28005,Amite County,MS,Mississippi,4484,2246,85,6815,65.7960381511372,32.95671313279531,32.83932501834189,Trump
28007,Attala County,MS,Mississippi,4723,2930,50,7703,61.31377385434247,38.03712839153576,23.276645462806698,Trump
28009,Benton County,MS,Mississippi,2535,1318,27,3880,65.33505154639175,33.96907216494846,31.3659793814433,Trump
28011,Bolivar County,MS,Mississippi,3943,6419,73,10435,37.78629611883086,61.51413512218495,-23.7278390033541,Harris
28013,Calhoun County,MS,Mississippi,4443,1547,44,6034,73.63274776267815,25.638051044083525,47.99469671859463,Trump
28015,Carroll County,MS,Mississippi,3730,1431,33,5194,71.81363111282249,27.55102040816326,44.262610704659224,Trump
28017,Chickasaw County,MS,Mississippi,4079,3090,65,7234,56.38650815593033,42.714957146806746,13.671551009123583,Trump
28019,Choctaw County,MS,Mississippi,2881,965,44,3890,74.06169665809769,24.80719794344473,49.254498714652954,Trump
28021,Claiborne County,MS,Mississippi,558,2950,33,3541,15.758260378424174,83.30979949166903,-67.55153911324484,Harris
28023,Clarke County,MS,Mississippi,5093,2430,48,7571,67.26984546295073,32.09615638621054,35.173689076740196,Trump
28025,Clay County,MS,Mississippi,4017,4960,80,9057,44.35243458098708,54.76427072982224,-10.411836148835155,Harris
28027,Coahoma County,MS,Mississippi,2008,4711,71,6790,29.572901325478647,69.38144329896907,-39.80854197349043,Harris
28029,Copiah County,MS,Mississippi,6134,5426,105,11665,52.58465495070725,46.51521645949421,6.069438491213031,Trump
28031,Covington County,MS,Mississippi,5869,2921,71,8861,66.23405936124591,32.96467667306173,33.26938268818418,Trump
28033,DeSoto County,MS,Mississippi,48064,29023,1995,79082,60.77742090488354,36.69988113603601,24.077539768847526,Trump
28035,Forrest County,MS,Mississippi,16579,11475,412,28466,58.24141080587367,40.31124850699079,17.93016229888288,Trump
28037,Franklin County,MS,Mississippi,2831,1213,22,4066,69.62616822429906,29.832759468765374,39.79340875553369,Trump
28039,George County,MS,Mississippi,9858,1138,73,11069,89.0595356400759,10.2809648568073,78.77857078326859,Trump
28041,Greene County,MS,Mississippi,4776,835,38,5649,84.54593733404143,14.781377234908833,69.7645600991326,Trump
28043,Grenada County,MS,Mississippi,5651,4060,55,9766,57.86401802170796,41.572803604341594,16.291214417366373,Trump
28045,Hancock County,MS,Mississippi,16684,4262,229,21175,78.79102715466352,20.12750885478158,58.663518299881936,Trump
28047,Harrison County,MS,Mississippi,48497,26555,871,75923,63.876559145449995,34.976225913096165,28.90033323235383,Trump
28049,Hinds County,MS,Mississippi,22816,62840,1174,86830,26.276632500287917,72.3713002418519,-46.094667741563974,Harris
28051,Holmes County,MS,Mississippi,1243,5420,67,6730,18.46953937592868,80.53491827637444,-62.065378900445765,Harris
28053,Humphreys County,MS,Mississippi,990,2443,35,3468,28.546712802768166,70.44405997693195,-41.897347174163784,Harris
28055,Issaquena County,MS,Mississippi,296,287,39,622,47.58842443729904,46.141479099678456,1.4469453376205788,Trump
28057,Itawamba County,MS,Mississippi,9523,1027,71,10621,89.66199039638451,9.66952264381885,79.99246775256567,Trump
28059,Jackson County,MS,Mississippi,36376,15469,565,52410,69.40660179355085,29.515359664186224,39.89124212936462,Trump
28061,Jasper County,MS,Mississippi,4118,3722,50,7890,52.19264892268695,47.173637515842834,5.019011406844107,Trump
28063,Jefferson County,MS,Mississippi,541,2727,31,3299,16.398908760230373,82.66141254925735,-66.26250378902698,Harris
28065,Jefferson Davis County,MS,Mississippi,2302,3041,35,5378,42.804016362960205,56.545184083302345,-13.741167720342135,Harris
28067,Jones County,MS,Mississippi,20265,7272,218,27755,73.01387137452711,26.2006845613403,46.81318681318681,Trump
28069,Kemper County,MS,Mississippi,1691,2381,14,4086,41.38521781693588,58.272148800783164,-16.886930983847286,Harris
28071,Lafayette County,MS,Mississippi,14050,8956,403,23409,60.01965056174975,38.25878935452177,21.76086120722799,Trump
28073,Lamar County,MS,Mississippi,20775,7038,358,28171,73.74605090341132,24.983138688722445,48.76291221468886,Trump
28075,Lauderdale County,MS,Mississippi,16487,10677,243,27407,60.15616448352611,38.95720071514577,21.19896376838034,Trump
28077,Lawrence County,MS,Mississippi,4113,1899,41,6053,67.94977697009747,31.372872955559227,36.57690401453825,Trump
28079,Leake County,MS,Mississippi,5143,3182,55,8380,61.37231503579952,37.97136038186157,23.400954653937948,Trump
28081,Lee County,MS,Mississippi,24339,10616,383,35338,68.87486558379082,30.04131529797951,38.833550285811306,Trump
28083,Leflore County,MS,Mississippi,2854,6476,91,9421,30.294023988960834,68.74004882708842,-38.446024838127585,Harris
28085,Lincoln County,MS,Mississippi,11432,4262,108,15802,72.34527275028478,26.97126945956208,45.37400329072269,Trump
28087,Lowndes County,MS,Mississippi,13087,11096,243,24426,53.578154425612055,45.42700401211823,8.151150413493818,Trump
28089,Madison County,MS,Mississippi,32333,22700,677,55710,58.03805420929815,40.74672410698259,17.291330102315563,Trump
28091,Marion County,MS,Mississippi,7874,3215,99,11188,70.378977475867,28.73614587057562,41.642831605291384,Trump
28093,Marshall County,MS,Mississippi,7977,6888,118,14983,53.240339050924376,45.97210171527731,7.268237335647067,Trump
28095,Monroe County,MS,Mississippi,10861,5090,118,16069,67.58976912066711,31.67589769120667,35.91387142946046,Trump
28097,Montgomery County,MS,Mississippi,2658,1737,29,4424,60.08137432188065,39.26311030741411,20.818264014466546,Trump
28099,Neshoba County,MS,Mississippi,8154,2622,85,10861,75.07595985636681,24.14142344167204,50.934536414694776,Trump
28101,Newton County,MS,Mississippi,6641,2603,79,9323,71.23243591118738,27.92019736136437,43.312238549823014,Trump
28103,Noxubee County,MS,Mississippi,1151,3269,29,4449,25.870982243200718,73.47718588446843,-47.606203641267705,Harris
28105,Oktibbeha County,MS,Mississippi,8901,8851,299,18051,49.310287518697024,49.03329455431832,0.2769929643787048,Trump
28107,Panola County,MS,Mississippi,8202,6061,159,14422,56.871446401331305,42.026071279988905,14.845375121342395,Trump
28109,Pearl River County,MS,Mississippi,20438,3982,251,24671,82.84220339670057,16.140407766203236,66.70179563049734,Trump
28111,Perry County,MS,Mississippi,4425,1078,36,5539,79.88806643798519,19.46199675031594,60.42606968766926,Trump
28113,Pike County,MS,Mississippi,6504,6091,120,12715,51.15218246165946,47.90405033425088,3.2481321274085726,Trump
28115,Pontotoc County,MS,Mississippi,11740,2214,114,14068,83.45180551606482,15.73784475405175,67.71396076201309,Trump
28117,Prentiss County,MS,Mississippi,8581,1727,73,10381,82.6606299971101,16.63616221943936,66.02446777767075,Trump
28119,Quitman County,MS,Mississippi,902,1725,50,2677,33.69443406798655,64.43780351139335,-30.7433694434068,Harris
28121,Rankin County,MS,Mississippi,50896,18060,722,69678,73.04457648038118,25.919228450874023,47.125348029507165,Trump
28123,Scott County,MS,Mississippi,6098,3729,64,9891,61.652006874936816,37.70094024871095,23.951066626225863,Trump
28125,Sharkey County,MS,Mississippi,551,1201,14,1766,31.200453001132505,68.00679501698754,-36.80634201585504,Harris
28127,Simpson County,MS,Mississippi,7552,3479,63,11094,68.07283216152875,31.35929331170002,36.71353884982874,Trump
28129,Smith County,MS,Mississippi,6146,1486,44,7676,80.06774361646691,19.359041167274622,60.70870244919229,Trump
28131,Stone County,MS,Mississippi,6214,1620,85,7919,78.46950372521782,20.457128425306227,58.012375299911604,Trump
28133,Sunflower County,MS,Mississippi,2515,5312,49,7876,31.932453021838498,67.44540375825292,-35.512950736414425,Harris
28135,Tallahatchie County,MS,Mississippi,2333,2630,49,5012,46.54828411811652,52.474062250598564,-5.925778132482043,Harris
28137,Tate County,MS,Mississippi,9185,3555,121,12861,71.41746364979396,27.641707487753674,43.775756162040274,Trump
28139,Tippah County,MS,Mississippi,7984,1547,60,9591,83.24470858096132,16.129704931706808,67.11500364925452,Trump
28141,Tishomingo County,MS,Mississippi,8064,921,65,9050,89.10497237569061,10.176795580110497,78.9281767955801,Trump
28143,Tunica County,MS,Mississippi,799,1837,32,2668,29.94752623688156,68.85307346326837,-38.90554722638681,Harris
28145,Union County,MS,Mississippi,10559,1807,112,12478,84.62093284180156,14.481487417855426,70.13944542394614,Trump
28147,Walthall County,MS,Mississippi,4114,2355,60,6529,63.01118088528105,36.069842242303565,26.941338642977485,Trump
28149,Warren County,MS,Mississippi,9407,8683,208,18298,51.40999016285933,47.45327358181222,3.9567165810471088,Trump
28151,Washington County,MS,Mississippi,4649,9735,156,14540,31.97386519944979,66.95323246217332,-34.97936726272352,Harris
28153,Wayne County,MS,Mississippi,6013,3028,78,9119,65.9392477245312,33.20539532843513,32.73385239609606,Trump
28155,Webster County,MS,Mississippi,4195,872,28,5095,82.33562315996075,17.114818449460255,65.22080471050049,Trump
28157,Wilkinson County,MS,Mississippi,1075,1817,39,2931,36.67690208120096,61.99249402934153,-25.315591948140565,Harris
28159,Winston County,MS,Mississippi,4922,3392,70,8384,58.707061068702295,40.458015267175576,18.249045801526716,Trump
28161,Yalobusha County,MS,Mississippi,3518,2289,71,5878,59.85028921401837,38.94181694453896,20.908472269479415,Trump
28163,Yazoo County,MS,Mississippi,4558,4342,71,8971,50.808159625459815,48.4004012930554,2.407758332404414,Trump
29001,Adair County,MO,Missouri,6771,3334,134,10239,66.12950483445648,32.56177361070417,33.56773122375232,Trump
29003,Andrew County,MO,Missouri,7407,2312,128,9847,75.22087945567178,23.479232253478216,51.74164720219356,Trump
29005,Atchison County,MO,Missouri,2152,529,32,2713,79.32178400294877,19.498709915223,59.82307408772577,Trump
29007,Audrain County,MO,Missouri,7699,2688,136,10523,73.1635465171529,25.544046374608005,47.6195001425449,Trump
29009,Barry County,MO,Missouri,13138,2873,154,16165,81.2743581812558,17.77296628518404,63.50139189607176,Trump
29011,Barton County,MO,Missouri,5159,820,36,6015,85.76891105569409,13.632585203657523,72.13632585203658,Trump
29013,Bates County,MO,Missouri,6702,1563,79,8344,80.32118887823586,18.7320230105465,61.58916586768935,Trump
29015,Benton County,MO,Missouri,8526,2166,77,10769,79.17169653635435,20.113288141888756,59.0584083944656,Trump
29017,Bollinger County,MO,Missouri,5365,756,40,6161,87.08001947735757,12.270735270248338,74.80928420710924,Trump
29019,Boone County,MO,Missouri,39673,48452,1985,90110,44.02729996670735,53.7698368660526,-9.742536899345245,Harris
29021,Buchanan County,MO,Missouri,22606,12598,539,35743,63.245950255994174,35.24606216601852,27.99988808997566,Trump
29023,Butler County,MO,Missouri,14549,3160,151,17860,81.46136618141098,17.69316909294513,63.76819708846585,Trump
29025,Caldwell County,MO,Missouri,3771,888,44,4703,80.18286200297682,18.881564958537105,61.30129704443972,Trump
29027,Callaway County,MO,Missouri,15206,5926,323,21455,70.87392216266605,27.620601258447913,43.25332090421813,Trump
29029,Camden County,MO,Missouri,19597,5724,227,25548,76.70659151401283,22.404884922498823,54.30170659151401,Trump
29031,Cape Girardeau County,MO,Missouri,29315,10561,477,40353,72.64639555919015,26.17153619309593,46.474859366094215,Trump
29033,Carroll County,MO,Missouri,3708,789,31,4528,81.8904593639576,17.424911660777383,64.46554770318022,Trump
29035,Carter County,MO,Missouri,2488,364,10,2862,86.93221523410203,12.718378756114603,74.21383647798741,Trump
29037,Cass County,MO,Missouri,38792,19753,804,59349,65.36251663886502,33.28278488264335,32.079731756221676,Trump
29039,Cedar County,MO,Missouri,6064,1060,64,7188,84.36282693377852,14.746800222593212,69.61602671118531,Trump
29041,Chariton County,MO,Missouri,3179,875,35,4089,77.74516996820738,21.398875030569823,56.346294937637566,Trump
29043,Christian County,MO,Missouri,38379,11850,560,50789,75.56557522298135,23.33182382011853,52.23375140286283,Trump
29045,Clark County,MO,Missouri,2679,628,26,3333,80.37803780378037,18.84188418841884,61.536153615361535,Trump
29047,Clay County,MO,Missouri,67688,60345,2127,130160,52.00368776889982,46.36216963736939,5.641518131530424,Trump
29049,Clinton County,MO,Missouri,8235,2855,140,11230,73.33036509349955,25.422974176313446,47.90739091718611,Trump
29051,Cole County,MO,Missouri,26686,12874,592,40152,66.46244271767284,32.06315999203028,34.39928272564256,Trump
29053,Cooper County,MO,Missouri,6393,2347,95,8835,72.35993208828523,26.564799094510473,45.795132993774764,Trump
29055,Crawford County,MO,Missouri,8742,2007,80,10829,80.72767568565888,18.53356727306307,62.1941084125958,Trump
29057,Dade County,MO,Missouri,3480,671,35,4186,83.13425704730054,16.029622551361683,67.10463449593884,Trump
29059,Dallas County,MO,Missouri,6907,1458,76,8441,81.82679777277573,17.272834972159696,64.55396280061603,Trump
29061,Daviess County,MO,Missouri,3185,701,39,3925,81.14649681528662,17.85987261146497,63.28662420382165,Trump
29063,DeKalb County,MO,Missouri,3885,870,59,4814,80.70211882010801,18.072289156626507,62.629829663481516,Trump
29065,Dent County,MO,Missouri,6013,1025,65,7103,84.65437139236943,14.430522314514993,70.22384907785442,Trump
29067,Douglas County,MO,Missouri,6242,996,51,7289,85.6358896968034,13.664425847166964,71.97146384963644,Trump
29069,Dunklin County,MO,Missouri,8096,1885,70,10051,80.54919908466819,18.754352800716347,61.79484628395184,Trump
29071,Franklin County,MO,Missouri,40126,14694,644,55464,72.34602625126207,26.492860233665077,45.853166017597005,Trump
29073,Gasconade County,MO,Missouri,6370,1555,72,7997,79.65487057646618,19.444791796923848,60.21007877954233,Trump
29075,Gentry County,MO,Missouri,2651,616,25,3292,80.52855407047387,18.712029161603887,61.81652490886999,Trump
29077,Greene County,MO,Missouri,85956,55971,2110,144037,59.67633316439526,38.85876545609809,20.817567708297176,Trump
29079,Grundy County,MO,Missouri,3582,784,38,4404,81.33514986376021,17.80199818346957,63.53315168029064,Trump
29081,Harrison County,MO,Missouri,3293,534,18,3845,85.64369310793238,13.88816644993498,71.75552665799741,Trump
29083,Henry County,MO,Missouri,8286,2535,111,10932,75.79582875960483,23.18880351262349,52.607025246981344,Trump
29085,Hickory County,MO,Missouri,4108,978,34,5120,80.234375,19.1015625,61.1328125,Trump
29087,Holt County,MO,Missouri,1982,357,13,2352,84.2687074829932,15.178571428571427,69.09013605442176,Trump
29089,Howard County,MO,Missouri,3534,1341,81,4956,71.30750605326877,27.058111380145277,44.24939467312349,Trump
29091,Howell County,MO,Missouri,15733,3073,162,18968,82.94495993251793,16.200970054829185,66.74398987768873,Trump
29093,Iron County,MO,Missouri,3644,824,50,4518,80.65515714918105,18.2381584772023,62.41699867197875,Trump
29095,Jackson County,MO,Missouri,99385,91366,2978,193729,51.301044242214644,47.161756887198095,4.139287355016544,Trump
29097,Jasper County,MO,Missouri,39084,13943,780,53807,72.63738918728046,25.9129852993105,46.72440388796997,Trump
29099,Jefferson County,MO,Missouri,80796,36965,1553,119314,67.71711618083377,30.981276296159717,36.73583988467406,Trump
29101,Johnson County,MO,Missouri,16298,6960,344,23602,69.05347004491145,29.48902635369884,39.56444369121261,Trump
,Kansas City,MO,Missouri,26225,95660,2403,124288,21.10018666323378,76.96640061791967,-55.8662139546859,Harris
29103,Knox County,MO,Missouri,1479,311,20,1810,81.71270718232044,17.18232044198895,64.5303867403315,Trump
29105,Laclede County,MO,Missouri,14155,2756,165,17076,82.89412040290466,16.139611150152263,66.7545092527524,Trump
29107,Lafayette County,MO,Missouri,12720,4294,234,17248,73.74768089053804,24.895640074211503,48.85204081632653,Trump
29109,Lawrence County,MO,Missouri,15001,3248,178,18427,81.40771693710316,17.62630922016606,63.781407716937096,Trump
29111,Lewis County,MO,Missouri,3565,872,49,4486,79.46946054391441,19.438252340615247,60.03120820329916,Trump
29113,Lincoln County,MO,Missouri,24866,6908,359,32133,77.38462017240842,21.498148321040674,55.88647185136776,Trump
29115,Linn County,MO,Missouri,4437,1183,67,5687,78.02004571830491,20.80182873219624,57.21821698610867,Trump
29117,Livingston County,MO,Missouri,5395,1422,56,6873,78.49556234540958,20.689655172413794,57.80590717299579,Trump
29121,Macon County,MO,Missouri,6300,1481,58,7839,80.36739380022962,18.892715907641282,61.47467789258834,Trump
29123,Madison County,MO,Missouri,4721,986,46,5753,82.06153311315835,17.138884060490177,64.92264905266816,Trump
29125,Maries County,MO,Missouri,3987,755,44,4786,83.3054743000418,15.775177601337234,67.53029669870455,Trump
29127,Marion County,MO,Missouri,9991,3032,130,13153,75.95985706682886,23.051775260396866,52.908081806431994,Trump
29119,McDonald County,MO,Missouri,7843,1423,72,9338,83.99014778325123,15.238809166845149,68.75133861640609,Trump
29129,Mercer County,MO,Missouri,1545,235,12,1792,86.21651785714286,13.113839285714285,73.10267857142857,Trump
29131,Miller County,MO,Missouri,10826,2067,118,13011,83.20651756206287,15.886557528245332,67.31996003381754,Trump
29133,Mississippi County,MO,Missouri,3404,1015,30,4449,76.51157563497415,22.814115531580132,53.69746010339402,Trump
29135,Moniteau County,MO,Missouri,5877,1313,85,7275,80.78350515463917,18.04810996563574,62.73539518900344,Trump
29137,Monroe County,MO,Missouri,3476,857,45,4378,79.39698492462311,19.57514846962083,59.821836455002284,Trump
29139,Montgomery County,MO,Missouri,4776,1170,52,5998,79.62654218072691,19.50650216738913,60.120040013337785,Trump
29141,Morgan County,MO,Missouri,7725,1914,96,9735,79.35285053929123,19.661016949152543,59.69183359013868,Trump
29143,New Madrid County,MO,Missouri,5203,1561,47,6811,76.39113199236529,22.918807810894144,53.47232418147115,Trump
29145,Newton County,MO,Missouri,22923,5867,307,29097,78.78131766161461,20.163590748187097,58.617726913427504,Trump
29147,Nodaway County,MO,Missouri,6909,2674,106,9689,71.30766849004026,27.598307358860563,43.70936113117968,Trump
29149,Oregon County,MO,Missouri,3884,696,33,4613,84.1968350314329,15.087795360936484,69.10903967049641,Trump
29151,Osage County,MO,Missouri,6657,1009,61,7727,86.15245243949786,13.058107933221171,73.09434450627668,Trump
29153,Ozark County,MO,Missouri,4044,698,38,4780,84.60251046025104,14.602510460251045,70.0,Trump
29155,Pemiscot County,MO,Missouri,3917,1331,22,5270,74.32637571157495,25.256166982922203,49.07020872865275,Trump
29157,Perry County,MO,Missouri,7986,1757,81,9824,81.29071661237785,17.884771986970684,63.40594462540716,Trump
29159,Pettis County,MO,Missouri,13907,4703,272,18882,73.65215549200298,24.90731913992162,48.74483635208135,Trump
29161,Phelps County,MO,Missouri,13658,5379,263,19300,70.76683937823834,27.870466321243526,42.89637305699482,Trump
29163,Pike County,MO,Missouri,6151,1618,55,7824,78.61707566462167,20.6799591002045,57.93711656441718,Trump
29165,Platte County,MO,Missouri,29381,27566,870,57817,50.817233685594196,47.6780185758514,3.139215109742809,Trump
29167,Polk County,MO,Missouri,12691,2948,187,15826,80.19082522431442,18.62757487678504,61.56325034752938,Trump
29169,Pulaski County,MO,Missouri,11579,3765,205,15549,74.46781143481897,24.21377580551804,50.25403562930092,Trump
29171,Putnam County,MO,Missouri,2021,347,12,2380,84.91596638655462,14.57983193277311,70.33613445378151,Trump
29173,Ralls County,MO,Missouri,4575,1154,48,5777,79.19335295135885,19.97576596849576,59.21758698286308,Trump
29175,Randolph County,MO,Missouri,8322,2571,135,11028,75.46245919477693,23.313384113166485,52.14907508161044,Trump
29177,Ray County,MO,Missouri,8602,2927,133,11662,73.76093294460642,25.098610872920595,48.662322071685814,Trump
29179,Reynolds County,MO,Missouri,2560,472,27,3059,83.68747956848644,15.429879045439687,68.25760052304675,Trump
29181,Ripley County,MO,Missouri,5002,763,39,5804,86.18194348725017,13.146106133700897,73.03583735354927,Trump
29195,Saline County,MO,Missouri,6498,2726,106,9330,69.64630225080386,29.217577706323688,40.42872454448017,Trump
29197,Schuyler County,MO,Missouri,1588,334,23,1945,81.6452442159383,17.17223650385604,64.47300771208226,Trump
29199,Scotland County,MO,Missouri,1537,358,23,1918,80.13555787278415,18.665276329509904,61.47028154327424,Trump
29201,Scott County,MO,Missouri,13786,3525,110,17421,79.13437804948052,20.234200103323573,58.90017794615694,Trump
29203,Shannon County,MO,Missouri,3364,625,29,4018,83.72324539571926,15.5550024888004,68.16824290691886,Trump
29205,Shelby County,MO,Missouri,2691,550,21,3262,82.49540159411404,16.860821581851624,65.6345800122624,Trump
29183,St. Charles County,MO,Missouri,130588,92226,3352,226166,57.739890169167786,40.77801261020666,16.961877558961117,Trump
29185,St. Clair County,MO,Missouri,3982,959,49,4990,79.79959919839679,19.218436873747493,60.5811623246493,Trump
29187,St. Francois County,MO,Missouri,21521,6811,283,28615,75.20880656998078,23.802201642495195,51.40660492748559,Trump
29510,St. Louis City,MO,Missouri,19342,94458,2471,116271,16.635274488049472,81.23951802255075,-64.6042435345013,Harris
29189,St. Louis County,MO,Missouri,187982,305635,9121,502738,37.391643360955406,60.794091554646755,-23.402448193691345,Harris
29186,Ste. Genevieve County,MO,Missouri,7031,2629,116,9776,71.92103109656301,26.892389525368248,45.02864157119476,Trump
29207,Stoddard County,MO,Missouri,11783,1736,80,13599,86.6460769174204,12.765644532686228,73.88043238473418,Trump
29209,Stone County,MO,Missouri,15357,3620,146,19123,80.30643727448621,18.93008419181091,61.376353082675315,Trump
29211,Sullivan County,MO,Missouri,2035,408,20,2463,82.62281770198945,16.56516443361754,66.05765326837191,Trump
29213,Taney County,MO,Missouri,21236,5329,259,26824,79.16790933492395,19.86653742916791,59.30137190575604,Trump
29215,Texas County,MO,Missouri,9855,1589,81,11525,85.50976138828634,13.787418655097614,71.72234273318871,Trump
29217,Vernon County,MO,Missouri,7112,1774,87,8973,79.26000222890896,19.77042237824585,59.4895798506631,Trump
29219,Warren County,MO,Missouri,14915,4970,210,20095,74.22244339387908,24.7325205274944,49.489922866384674,Trump
29221,Washington County,MO,Missouri,8424,1747,66,10237,82.28973332030868,17.065546546839894,65.2241867734688,Trump
29223,Wayne County,MO,Missouri,5030,783,34,5847,86.02702240465196,13.391482811698307,72.63553959295365,Trump
29225,Webster County,MO,Missouri,15984,3653,177,19814,80.67023316846674,18.436459069344906,62.23377409912183,Trump
29227,Worth County,MO,Missouri,904,190,11,1105,81.80995475113122,17.194570135746606,64.61538461538461,Trump
29229,Wright County,MO,Missouri,7850,1057,73,8980,87.41648106904232,11.770601336302896,75.64587973273942,Trump
30001,Beaverhead County,MT,Montana,4058,1543,193,5794,70.03797031411804,26.630997583707284,43.40697273041077,Trump
30003,Big Horn County,MT,Montana,2188,2112,170,4470,48.94854586129754,47.24832214765101,1.7002237136465326,Trump
30005,Blaine County,MT,Montana,1526,1348,145,3019,50.54653858893673,44.650546538588934,5.895992050347798,Trump
30007,Broadwater County,MT,Montana,3770,885,155,4810,78.37837837837837,18.3991683991684,59.97920997920998,Trump
30009,Carbon County,MT,Montana,4719,2353,225,7297,64.67041249828696,32.2461285459778,32.42428395230917,Trump
30011,Carter County,MT,Montana,760,75,19,854,88.99297423887587,8.782201405152225,80.21077283372365,Trump
30013,Cascade County,MT,Montana,22419,14021,1143,37583,59.65197030572333,37.306761035574596,22.34520927014874,Trump
30015,Chouteau County,MT,Montana,1885,940,109,2934,64.24676209952284,32.03817314246762,32.20858895705521,Trump
30017,Custer County,MT,Montana,4208,1385,204,5797,72.58927031223047,23.891668104191822,48.697602208038646,Trump
30019,Daniels County,MT,Montana,778,154,19,951,81.80862250262881,16.19348054679285,65.61514195583597,Trump
30021,Dawson County,MT,Montana,3627,894,117,4638,78.20181112548512,19.27554980595084,58.92626131953428,Trump
30023,Deer Lodge County,MT,Montana,2329,2376,165,4870,47.82340862422998,48.78850102669405,-0.9650924024640658,Harris
30025,Fallon County,MT,Montana,1303,163,41,1507,86.46317186463172,10.816191108161911,75.6469807564698,Trump
30027,Fergus County,MT,Montana,4965,1522,225,6712,73.9719904648391,22.67580452920143,51.29618593563766,Trump
30029,Flathead County,MT,Montana,41390,20062,1688,63140,65.55273994298385,31.773835920177383,33.77890402280646,Trump
30031,Gallatin County,MT,Montana,32695,34938,2264,69897,46.775970356381535,49.98497789604704,-3.209007539665508,Harris
30033,Garfield County,MT,Montana,756,39,5,800,94.5,4.875,89.625,Trump
30035,Glacier County,MT,Montana,1939,2933,206,5078,38.184324537219375,57.758960220559274,-19.574635683339896,Harris
30037,Golden Valley County,MT,Montana,440,67,8,515,85.43689320388349,13.009708737864079,72.42718446601941,Trump
30039,Granite County,MT,Montana,1537,579,60,2176,70.63419117647058,26.608455882352942,44.025735294117645,Trump
30041,Hill County,MT,Montana,3871,2634,299,6804,56.89300411522634,38.71252204585538,18.18048206937096,Trump
30043,Jefferson County,MT,Montana,5544,2516,231,8291,66.86768785429985,30.34615848510433,36.52152936919551,Trump
30045,Judith Basin County,MT,Montana,1051,265,37,1353,77.67923133776792,19.58610495195861,58.09312638580931,Trump
30047,Lake County,MT,Montana,9880,6510,520,16910,58.42696629213483,38.49793021880544,19.92903607332939,Trump
30049,Lewis and Clark County,MT,Montana,21479,19085,1459,42023,51.11248601956072,45.41560573971397,5.69688027984675,Trump
30051,Liberty County,MT,Montana,752,214,22,988,76.11336032388664,21.65991902834008,54.453441295546554,Trump
30053,Lincoln County,MT,Montana,8909,2615,265,11789,75.57044702688948,22.18169480023751,53.38875222665196,Trump
30057,Madison County,MT,Montana,4615,1689,157,6461,71.42857142857143,26.14146416963318,45.28710725893825,Trump
30055,McCone County,MT,Montana,931,129,22,1082,86.04436229205176,11.922365988909426,74.12199630314234,Trump
30059,Meagher County,MT,Montana,888,256,28,1172,75.76791808873719,21.843003412969285,53.92491467576792,Trump
30061,Mineral County,MT,Montana,2049,689,95,2833,72.3261560183551,24.32050829509354,48.00564772326156,Trump
30063,Missoula County,MT,Montana,27306,42903,2564,72773,37.52215794319322,58.954557322083744,-21.432399378890523,Harris
30065,Musselshell County,MT,Montana,2550,396,66,3012,84.66135458167331,13.147410358565736,71.51394422310757,Trump
30067,Park County,MT,Montana,6128,5224,365,11717,52.30007681147051,44.58479132883844,7.715285482632073,Trump
30069,Petroleum County,MT,Montana,284,37,3,324,87.65432098765432,11.419753086419753,76.23456790123457,Trump
30071,Phillips County,MT,Montana,1753,385,51,2189,80.08222932846049,17.587939698492463,62.49428962996802,Trump
30073,Pondera County,MT,Montana,1972,782,98,2852,69.14446002805049,27.419354838709676,41.72510518934081,Trump
30075,Powder River County,MT,Montana,963,131,12,1106,87.07052441229656,11.844484629294756,75.22603978300181,Trump
30077,Powell County,MT,Montana,2466,710,106,3282,75.13711151736746,21.633150517976844,53.50396099939062,Trump
30079,Prairie County,MT,Montana,546,122,20,688,79.36046511627907,17.732558139534884,61.627906976744185,Trump
30081,Ravalli County,MT,Montana,20617,8485,802,29904,68.94395398608881,28.374130551096844,40.569823434991974,Trump
30083,Richland County,MT,Montana,4387,778,144,5309,82.63326426822377,14.654360519871915,67.97890374835185,Trump
30085,Roosevelt County,MT,Montana,2055,1680,179,3914,52.5038323965253,42.922841083290756,9.580991313234541,Trump
30087,Rosebud County,MT,Montana,2466,1095,132,3693,66.77497969130788,29.65069049553209,37.124289195775795,Trump
30089,Sanders County,MT,Montana,6150,1705,214,8069,76.2176230016111,21.130251580121453,55.08737142148965,Trump
30091,Sheridan County,MT,Montana,1321,509,82,1912,69.08995815899581,26.62133891213389,42.46861924686193,Trump
30093,Silver Bow County,MT,Montana,8110,9386,730,18226,44.496872599583014,51.497860199714694,-7.000987600131681,Harris
30095,Stillwater County,MT,Montana,4699,1056,151,5906,79.56315611242803,17.880121909922114,61.68303420250593,Trump
30097,Sweet Grass County,MT,Montana,1789,525,67,2381,75.1364972700546,22.049559008819823,53.08693826123477,Trump
30099,Teton County,MT,Montana,2533,927,108,3568,70.99215246636771,25.980941704035875,45.011210762331835,Trump
30101,Toole County,MT,Montana,1571,415,60,2046,76.78396871945259,20.283479960899314,56.50048875855328,Trump
30103,Treasure County,MT,Montana,367,57,18,442,83.0316742081448,12.895927601809957,70.13574660633483,Trump
30105,Valley County,MT,Montana,3019,935,125,4079,74.01323853885756,22.922284873743564,51.090953665114,Trump
30107,Wheatland County,MT,Montana,843,209,34,1086,77.62430939226519,19.244935543278086,58.3793738489871,Trump
30109,Wibaux County,MT,Montana,463,71,12,546,84.7985347985348,13.003663003663005,71.7948717948718,Trump
30111,Yellowstone County,MT,Montana,50460,28392,2539,81391,61.9970266982836,34.8834637736359,27.113562924647688,Trump
31001,Adams County,NE,Nebraska,10077,4100,187,14364,70.15455304928989,28.54358117516012,41.610971874129774,Trump
31003,Antelope County,NE,Nebraska,3032,396,19,3447,87.96054540179867,11.488250652741515,76.47229474905714,Trump
31005,Arthur County,NE,Nebraska,264,17,1,282,93.61702127659575,6.028368794326241,87.58865248226951,Trump
31007,Banner County,NE,Nebraska,348,34,4,386,90.15544041450777,8.808290155440414,81.34715025906736,Trump
31009,Blaine County,NE,Nebraska,250,37,4,291,85.91065292096219,12.714776632302405,73.19587628865979,Trump
31011,Boone County,NE,Nebraska,2499,496,36,3031,82.44803695150115,16.364236225668098,66.08380072583306,Trump
31013,Box Butte County,NE,Nebraska,3827,1043,61,4931,77.61103224498073,21.151896167106063,56.459136077874675,Trump
31015,Boyd County,NE,Nebraska,938,132,5,1075,87.25581395348837,12.279069767441861,74.9767441860465,Trump
31017,Brown County,NE,Nebraska,1428,201,13,1642,86.96711327649209,12.241169305724727,74.72594397076736,Trump
31019,Buffalo County,NE,Nebraska,17064,6386,309,23759,71.82120459615304,26.878235615977104,44.942968980175934,Trump
31021,Burt County,NE,Nebraska,2632,983,41,3656,71.99124726477024,26.887308533916848,45.10393873085339,Trump
31023,Butler County,NE,Nebraska,3642,906,39,4587,79.39829954218443,19.7514715500327,59.64682799215173,Trump
31025,Cass County,NE,Nebraska,10685,4824,246,15755,67.81973976515391,30.618851158362425,37.200888606791494,Trump
31027,Cedar County,NE,Nebraska,4141,702,69,4912,84.30374592833876,14.291530944625407,70.01221498371335,Trump
31029,Chase County,NE,Nebraska,1648,204,14,1866,88.31725616291533,10.932475884244374,77.38478027867095,Trump
31031,Cherry County,NE,Nebraska,2687,349,33,3069,87.55294884327142,11.371782339524275,76.18116650374715,Trump
31033,Cheyenne County,NE,Nebraska,3692,787,51,4530,81.50110375275939,17.373068432671083,64.1280353200883,Trump
31035,Clay County,NE,Nebraska,2677,577,56,3310,80.8761329305136,17.43202416918429,63.44410876132931,Trump
31037,Colfax County,NE,Nebraska,2636,845,35,3516,74.97155858930603,24.032992036405005,50.93856655290102,Trump
31039,Cuming County,NE,Nebraska,3536,867,42,4445,79.55005624296962,19.50506186726659,60.04499437570304,Trump
31041,Custer County,NE,Nebraska,5042,786,58,5886,85.6608902480462,13.353720693170235,72.30716955487597,Trump
31043,Dakota County,NE,Nebraska,3934,2109,77,6120,64.281045751634,34.46078431372549,29.820261437908496,Trump
31045,Dawes County,NE,Nebraska,2812,992,64,3868,72.69906928645294,25.64632885211996,47.05274043433299,Trump
31047,Dawson County,NE,Nebraska,6312,2101,78,8491,74.33753385938053,24.743846425627133,49.59368743375339,Trump
31049,Deuel County,NE,Nebraska,843,151,18,1012,83.300395256917,14.920948616600791,68.37944664031622,Trump
31051,Dixon County,NE,Nebraska,2271,573,51,2895,78.44559585492227,19.792746113989637,58.652849740932645,Trump
31053,Dodge County,NE,Nebraska,10795,5434,214,16443,65.65103691540473,33.04749741531351,32.60353950009122,Trump
31055,Douglas County,NE,Nebraska,120919,148733,3751,273403,44.2273859467526,54.40064666444771,-10.173260717695124,Harris
31057,Dundy County,NE,Nebraska,829,96,4,929,89.23573735199139,10.333692142088267,78.90204520990312,Trump
31059,Fillmore County,NE,Nebraska,2315,662,36,3013,76.83372054430801,21.971457019581813,54.86226352472619,Trump
31061,Franklin County,NE,Nebraska,1351,236,13,1600,84.4375,14.75,69.6875,Trump
31063,Frontier County,NE,Nebraska,1213,185,12,1410,86.02836879432624,13.120567375886525,72.90780141843972,Trump
31065,Furnas County,NE,Nebraska,2043,358,12,2413,84.66639038541234,14.83630335681724,69.83008702859512,Trump
31067,Gage County,NE,Nebraska,7523,3242,151,10916,68.91718578233785,29.699523635031145,39.217662147306704,Trump
31069,Garden County,NE,Nebraska,949,162,6,1117,84.95971351835273,14.50313339301701,70.45658012533572,Trump
31071,Garfield County,NE,Nebraska,893,116,6,1015,87.98029556650246,11.428571428571429,76.55172413793103,Trump
31073,Gosper County,NE,Nebraska,907,203,8,1118,81.12701252236137,18.157423971377458,62.9695885509839,Trump
31075,Grant County,NE,Nebraska,351,15,0,366,95.90163934426229,4.098360655737705,91.80327868852459,Trump
31077,Greeley County,NE,Nebraska,1030,192,13,1235,83.40080971659918,15.546558704453442,67.85425101214575,Trump
31079,Hall County,NE,Nebraska,15566,6956,282,22804,68.25995439396597,30.50342045255218,37.75653394141379,Trump
31081,Hamilton County,NE,Nebraska,4416,1067,64,5547,79.61060032449973,19.235622859203172,60.37497746529655,Trump
31083,Harlan County,NE,Nebraska,1506,280,16,1802,83.57380688124306,15.538290788013317,68.03551609322975,Trump
31085,Hayes County,NE,Nebraska,472,19,3,494,95.54655870445345,3.8461538461538463,91.7004048582996,Trump
31087,Hitchcock County,NE,Nebraska,1269,152,12,1433,88.55547801814375,10.60711793440335,77.94836008374041,Trump
31089,Holt County,NE,Nebraska,4708,681,53,5442,86.51231165012862,12.513781697905182,73.99852995222345,Trump
31091,Hooker County,NE,Nebraska,369,55,3,427,86.41686182669788,12.88056206088993,73.53629976580797,Trump
31093,Howard County,NE,Nebraska,2868,642,40,3550,80.78873239436619,18.08450704225352,62.70422535211267,Trump
31095,Jefferson County,NE,Nebraska,2614,968,49,3631,71.99118700082622,26.659322500688514,45.331864500137705,Trump
31097,Johnson County,NE,Nebraska,1496,625,31,2152,69.51672862453532,29.042750929368026,40.473977695167285,Trump
31099,Kearney County,NE,Nebraska,2828,736,40,3604,78.46836847946726,20.42175360710322,58.046614872364046,Trump
31101,Keith County,NE,Nebraska,3416,731,52,4199,81.35270302452965,17.408906882591094,63.943796141938556,Trump
31103,Keya Paha County,NE,Nebraska,500,44,0,544,91.91176470588235,8.088235294117647,83.82352941176471,Trump
31105,Kimball County,NE,Nebraska,1424,272,24,1720,82.7906976744186,15.813953488372093,66.97674418604652,Trump
31107,Knox County,NE,Nebraska,3593,786,57,4436,80.99639314697926,17.718665464382326,63.27772768259693,Trump
31109,Lancaster County,NE,Nebraska,74215,81012,2406,157633,47.080877734992036,51.39279211840161,-4.311914383409565,Harris
31111,Lincoln County,NE,Nebraska,12674,3586,204,16464,76.98007774538387,21.780855199222547,55.19922254616132,Trump
31113,Logan County,NE,Nebraska,409,25,6,440,92.95454545454545,5.681818181818182,87.27272727272727,Trump
31115,Loup County,NE,Nebraska,354,73,1,428,82.71028037383178,17.056074766355138,65.65420560747664,Trump
31119,Madison County,NE,Nebraska,12145,3360,185,15690,77.40599107711918,21.414913957934992,55.9910771191842,Trump
31117,McPherson County,NE,Nebraska,267,12,4,283,94.34628975265018,4.240282685512367,90.10600706713781,Trump
31121,Merrick County,NE,Nebraska,3551,730,61,4342,81.78258866881622,16.812528788576692,64.97005988023952,Trump
31123,Morrill County,NE,Nebraska,2026,366,34,2426,83.51195383347073,15.08656224237428,68.42539159109646,Trump
31125,Nance County,NE,Nebraska,1462,352,23,1837,79.58628198149155,19.16167664670659,60.42460533478498,Trump
31127,Nemaha County,NE,Nebraska,2443,915,60,3418,71.47454651843184,26.77004095962551,44.70450555880632,Trump
31129,Nuckolls County,NE,Nebraska,1836,399,23,2258,81.31089459698848,17.67050487156776,63.64038972542073,Trump
31131,Otoe County,NE,Nebraska,5651,2463,84,8198,68.9314466943157,30.04391314954867,38.88753354476702,Trump
31133,Pawnee County,NE,Nebraska,1085,284,10,1379,78.68020304568529,20.594633792603336,58.08556925308195,Trump
31135,Perkins County,NE,Nebraska,1224,187,15,1426,85.83450210378682,13.113604488078542,72.72089761570828,Trump
31137,Phelps County,NE,Nebraska,4158,758,49,4965,83.74622356495468,15.26686807653575,68.47935548841893,Trump
31139,Pierce County,NE,Nebraska,3420,446,31,3897,87.75981524249423,11.444701052091352,76.31511419040288,Trump
31141,Platte County,NE,Nebraska,12326,3191,141,15658,78.72014305786179,20.379358794226594,58.3407842636352,Trump
31143,Polk County,NE,Nebraska,2296,501,22,2819,81.44732174529975,17.772259666548422,63.67506207875133,Trump
31145,Red Willow County,NE,Nebraska,4457,815,51,5323,83.73097877136952,15.310914897614127,68.4200638737554,Trump
31147,Richardson County,NE,Nebraska,2962,934,46,3942,75.13952308472857,23.693556570268896,51.44596651445966,Trump
31149,Rock County,NE,Nebraska,745,85,4,834,89.32853717026379,10.191846522781775,79.13669064748201,Trump
31151,Saline County,NE,Nebraska,3734,1855,66,5655,66.03006189213086,32.802829354553495,33.227232537577365,Trump
31153,Sarpy County,NE,Nebraska,55567,43825,1343,100735,55.161562515511,43.50523651163945,11.656326003871543,Trump
31155,Saunders County,NE,Nebraska,9854,3558,153,13565,72.6428308145964,26.229266494655363,46.413564319941024,Trump
31157,Scotts Bluff County,NE,Nebraska,11033,3856,151,15040,73.35771276595744,25.638297872340427,47.71941489361702,Trump
31159,Seward County,NE,Nebraska,6667,2388,129,9184,72.59364111498257,26.001742160278745,46.59189895470383,Trump
31161,Sheridan County,NE,Nebraska,2102,362,20,2484,84.62157809983897,14.573268921095009,70.04830917874396,Trump
31163,Sherman County,NE,Nebraska,1344,328,15,1687,79.66804979253112,19.442797866034383,60.22525192649674,Trump
31165,Sioux County,NE,Nebraska,597,77,4,678,88.05309734513274,11.35693215339233,76.69616519174042,Trump
31167,Stanton County,NE,Nebraska,2536,492,36,3064,82.76762402088774,16.057441253263708,66.71018276762402,Trump
31169,Thayer County,NE,Nebraska,2278,544,30,2852,79.87377279102384,19.074333800841515,60.79943899018233,Trump
31171,Thomas County,NE,Nebraska,348,44,1,393,88.54961832061069,11.195928753180661,77.35368956743002,Trump
31173,Thurston County,NE,Nebraska,1125,978,20,2123,52.99105040037683,46.066886481394256,6.924163918982572,Trump
31175,Valley County,NE,Nebraska,1872,403,24,2299,81.42670726402784,17.52936059156155,63.89734667246629,Trump
31177,Washington County,NE,Nebraska,8855,3538,152,12545,70.58589079314469,28.202471104025506,42.38341968911917,Trump
31179,Wayne County,NE,Nebraska,3011,1006,56,4073,73.92585317947459,24.699238890252882,49.2266142892217,Trump
31181,Webster County,NE,Nebraska,1449,296,18,1763,82.18944980147475,16.789563244469655,65.3998865570051,Trump
31183,Wheeler County,NE,Nebraska,424,57,5,486,87.24279835390946,11.728395061728394,75.51440329218107,Trump
31185,York County,NE,Nebraska,5234,1648,102,6984,74.94272623138602,23.596792668957615,51.3459335624284,Trump
32510,Carson City,NV,Nevada,16873,13375,820,31068,54.30990086262392,43.050727436590705,11.259173426033216,Trump
32001,Churchill County,NV,Nevada,9962,3179,362,13503,73.77619788195216,23.542916388950605,50.233281493001556,Trump
32003,Clark County,NV,Nevada,493052,520187,17984,1031223,47.81235484468442,50.443696465265035,-2.6313416205806113,Harris
32005,Douglas County,NV,Nevada,23237,11553,766,35556,65.3532455844302,32.49240634492069,32.8608392395095,Trump
32007,Elko County,NV,Nevada,17352,4632,481,22465,77.24015134653907,20.61874026263076,56.6214110839083,Trump
32009,Esmeralda County,NV,Nevada,376,73,12,461,81.56182212581345,15.835140997830802,65.72668112798264,Trump
32011,Eureka County,NV,Nevada,910,104,22,1036,87.83783783783784,10.038610038610038,77.7992277992278,Trump
32013,Humboldt County,NV,Nevada,6141,1711,178,8030,76.47571606475717,21.307596513075964,55.168119551681194,Trump
32015,Lander County,NV,Nevada,2180,482,63,2725,80.0,17.68807339449541,62.31192660550459,Trump
32017,Lincoln County,NV,Nevada,2108,314,50,2472,85.27508090614887,12.702265372168284,72.57281553398059,Trump
32019,Lyon County,NV,Nevada,23861,8954,726,33541,71.13979905190662,26.695685876986374,44.44411317492025,Trump
32021,Mineral County,NV,Nevada,1528,711,56,2295,66.57952069716777,30.980392156862745,35.59912854030501,Trump
32023,Nye County,NV,Nevada,18946,7559,492,26997,70.17816794458643,27.99940734155647,42.17876060302997,Trump
32027,Pershing County,NV,Nevada,1764,496,48,2308,76.42980935875217,21.49046793760832,54.93934142114385,Trump
32029,Storey County,NV,Nevada,2108,913,54,3075,68.5528455284553,29.69105691056911,38.86178861788618,Trump
32031,Washoe County,NV,Nevada,127443,130071,6220,263734,48.32255226857364,49.31901082150955,-0.9964585529359128,Harris
32033,White Pine County,NV,Nevada,3364,883,104,4351,77.31555964146173,20.294185244771317,57.02137439669042,Trump
33001,Belknap County,NH,New Hampshire,22765,17469,442,40676,55.96666338873045,42.94670075720327,13.019962631527191,Trump
33003,Carroll County,NH,New Hampshire,17426,16822,410,34658,50.27987766172313,48.53713428357089,1.7427433781522303,Trump
33005,Cheshire County,NH,New Hampshire,20083,24579,727,45389,44.24640331357818,54.1518870210844,-9.905483707506225,Harris
33007,Coos County,NH,New Hampshire,9734,7367,221,17322,56.194434822768734,42.52973097794712,13.664703844821613,Trump
33009,Grafton County,NH,New Hampshire,21910,32995,993,55898,39.19639343089198,59.02715660667644,-19.830763175784462,Harris
33011,Hillsborough County,NH,New Hampshire,112059,118777,3607,234443,47.79797221499469,50.66348750015995,-2.865515285165264,Harris
33013,Merrimack County,NH,New Hampshire,43365,48181,1433,92979,46.63956377246475,51.81922799771992,-5.179664225255165,Harris
33015,Rockingham County,NH,New Hampshire,102542,97615,2772,202929,50.53097388741875,48.10303110940279,2.4279427780159564,Trump
33017,Strafford County,NH,New Hampshire,33163,42374,1153,76690,43.24292606597992,55.253618463945756,-12.010692397965835,Harris
33019,Sullivan County,NH,New Hampshire,12484,12317,420,25221,49.49843384481186,48.83628722096665,0.6621466238452084,Trump
34001,Atlantic County,NJ,New Jersey,65817,61879,2063,129759,50.7224932374633,47.6876363103908,3.0348569270724957,Trump
34003,Bergen County,NJ,New Jersey,217096,232660,9321,459077,47.28967036030993,50.67995129357384,-3.3902809332639188,Harris
34005,Burlington County,NJ,New Jersey,94116,132275,3075,229466,41.015226656672446,57.64470553371741,-16.629478877044964,Harris
34007,Camden County,NJ,New Jersey,87767,155522,3665,246954,35.5398171319355,62.976100812297034,-27.436283680361523,Harris
34009,Cape May County,NJ,New Jersey,32151,21648,769,54568,58.91914675267556,39.67160240433954,19.24754434833602,Trump
34011,Cumberland County,NJ,New Jersey,28675,26577,633,55885,51.31072738659748,47.55658942471146,3.754137961886016,Trump
34013,Essex County,NJ,New Jersey,83908,224596,4779,313283,26.78345138421172,71.69109080288429,-44.907639418672574,Harris
34015,Gloucester County,NJ,New Jersey,83326,78708,2601,164635,50.61256719409602,47.807574331096056,2.8049928629999696,Trump
34017,Hudson County,NJ,New Jersey,79913,144765,6503,231181,34.56728710404402,62.619765465155005,-28.05247836111099,Harris
34019,Hunterdon County,NJ,New Jersey,42391,36995,1539,80925,52.38307074451652,45.71516836577077,6.667902378745752,Trump
34021,Mercer County,NJ,New Jersey,52274,107558,3438,163270,32.01690451399522,65.87738102529552,-33.860476511300305,Harris
34023,Middlesex County,NJ,New Jersey,162459,191802,10926,365187,44.48652334283531,52.52158483188065,-8.035061489045338,Harris
34025,Monmouth County,NJ,New Jersey,197409,156382,6352,360143,54.81405997062277,43.42219618318279,11.39186378743999,Trump
34027,Morris County,NJ,New Jersey,143439,135672,5555,284666,50.38852550005972,47.66006477766927,2.7284607223904507,Trump
34029,Ocean County,NJ,New Jersey,227232,105789,4114,337135,67.40089281741736,31.378824506503328,36.02206831091402,Trump
34031,Passaic County,NJ,New Jersey,100954,95156,6657,202767,49.788180522471606,46.92874087006268,2.8594396524089225,Trump
34033,Salem County,NJ,New Jersey,18229,12275,497,31001,58.801328989387436,39.595496919454206,19.20583206993323,Trump
34035,Somerset County,NJ,New Jersey,74101,98790,4521,177412,41.76774964489437,55.6839447162537,-13.916195071359322,Harris
34037,Sussex County,NJ,New Jersey,52123,31019,1487,84629,61.58999870020915,36.65292039371846,24.937078306490683,Trump
34039,Union County,NJ,New Jersey,89063,147327,4242,240632,37.012118089032214,61.225024103194926,-24.212906014162705,Harris
34041,Warren County,NJ,New Jersey,35772,23318,1060,60150,59.4713216957606,38.766417290108066,20.704904405652535,Trump
35001,Bernalillo County,NM,New Mexico,118762,184117,7965,310844,38.20630284000978,59.231318603543905,-21.025015763534117,Harris
35003,Catron County,NM,New Mexico,1752,571,31,2354,74.42650807136788,24.25658453695837,50.16992353440951,Trump
35005,Chaves County,NM,New Mexico,15894,5941,365,22200,71.5945945945946,26.76126126126126,44.83333333333333,Trump
35006,Cibola County,NM,New Mexico,4311,4450,216,8977,48.022724741004794,49.5711262114292,-1.548401470424418,Harris
35007,Colfax County,NM,New Mexico,3252,2436,125,5813,55.943574746258385,41.90607259590573,14.037502150352656,Trump
35009,Curry County,NM,New Mexico,10714,4230,279,15223,70.38034552979045,27.786901399198584,42.59344413059187,Trump
35011,DeBaca County,NM,New Mexico,649,206,12,867,74.8558246828143,23.760092272203,51.095732410611305,Trump
35013,Dona Ana County,NM,New Mexico,37594,45937,1876,85407,44.01746929408596,53.78598943880478,-9.768520144718817,Harris
35015,Eddy County,NM,New Mexico,18141,5032,299,23472,77.28783231083844,21.43830947511929,55.849522835719156,Trump
35017,Grant County,NM,New Mexico,6580,7301,343,14224,46.25984251968504,51.32874015748031,-5.068897637795276,Harris
35019,Guadalupe County,NM,New Mexico,945,959,24,1928,49.01452282157676,49.74066390041494,-0.7261410788381742,Harris
35021,Harding County,NM,New Mexico,297,128,0,425,69.88235294117648,30.117647058823525,39.76470588235294,Trump
35023,Hidalgo County,NM,New Mexico,1140,705,16,1861,61.25738850080602,37.882858678130034,23.374529822675978,Trump
35025,Lea County,NM,New Mexico,16997,3930,282,21209,80.1405063887972,18.529869395068133,61.610636993729074,Trump
35027,Lincoln County,NM,New Mexico,6942,3033,190,10165,68.29316281357599,29.83767830791933,38.45548450565667,Trump
35028,Los Alamos County,NM,New Mexico,4047,7726,414,12187,33.207516205793056,63.39542135061951,-30.187905144826455,Harris
35029,Luna County,NM,New Mexico,4698,3176,182,8056,58.316782522343594,39.4240317775571,18.892750744786493,Trump
35031,McKinley County,NM,New Mexico,9364,15711,792,25867,36.200564425716166,60.737619360575245,-24.537054934859086,Harris
35033,Mora County,NM,New Mexico,1010,1439,30,2479,40.74223477208552,58.047599838644615,-17.305365066559098,Harris
35035,Otero County,NM,New Mexico,15117,8582,543,24242,62.35871627753485,35.40136952396667,26.95734675356819,Trump
35037,Quay County,NM,New Mexico,2570,1055,75,3700,69.45945945945947,28.513513513513512,40.945945945945944,Trump
35039,Rio Arriba County,NM,New Mexico,6268,9373,348,15989,39.201951341547314,58.62155231721808,-19.41960097567077,Harris
35041,Roosevelt County,NM,New Mexico,4687,1820,132,6639,70.59798162373852,27.41376713360446,43.18421449013405,Trump
35045,San Juan County,NM,New Mexico,3887,6985,236,11108,34.992797983435366,62.8826071299964,-27.88980914656104,Harris
35047,San Miguel County,NM,New Mexico,36605,41205,1730,79540,46.02087000251446,51.80412371134021,-5.7832537088257485,Harris
35043,Sandoval County,NM,New Mexico,34264,17464,1198,52926,64.7394475305143,32.99701469976949,31.742432830744814,Trump
35049,Santa Fe County,NM,New Mexico,20457,61405,1857,83719,24.435313369724913,73.34655215661917,-48.91123878689425,Harris
35051,Sierra County,NM,New Mexico,3473,2332,148,5953,58.34033260540904,39.17352595330086,19.166806652108182,Trump
35053,Socorro County,NM,New Mexico,3651,3384,198,7233,50.4769805060141,46.78556615512235,3.691414350891746,Trump
35055,Taos County,NM,New Mexico,4139,12038,459,16636,24.87977879297908,72.36114450589083,-47.48136571291175,Harris
35057,Torrance County,NM,New Mexico,4880,2144,155,7179,67.97604123136927,29.864883688536008,38.11115754283326,Trump
35059,Union County,NM,New Mexico,1247,378,38,1663,74.98496692723992,22.730006013229104,52.25496091401083,Trump
35061,Valencia County,NM,New Mexico,19057,13609,611,33277,57.267782552513744,40.896114433392434,16.371668119121317,Trump
36001,Albany County,NY,New York,54560,92589,1428,148577,36.7216998593322,62.31718233643161,-25.595482477099416,Harris
36003,Allegany County,NY,New York,13826,5483,67,19376,71.35631709331132,28.297894302229565,43.05842279108175,Trump
36005,Bronx County,NY,New York,98174,261670,3046,362890,27.05337705640828,72.10725013089366,-45.05387307448538,Harris
36007,Broome County,NY,New York,44763,45142,554,90459,49.484296753225216,49.903271095192295,-0.41897434196707906,Harris
36009,Cattaraugus County,NY,New York,22586,11424,97,34107,66.22101034978158,33.49459055325886,32.72641979652271,Trump
36011,Cayuga County,NY,New York,20482,15772,89,36343,56.3574828715296,43.39762815397738,12.959854717552211,Trump
36013,Chautauqua County,NY,New York,34528,22085,138,56751,60.841218656939965,38.91561382178288,21.92560483515709,Trump
36015,Chemung County,NY,New York,21861,15572,127,37560,58.20287539936102,41.45899893503727,16.743876464323748,Trump
36017,Chenango County,NY,New York,14294,8177,69,22540,63.41614906832298,36.27772848269743,27.138420585625557,Trump
36019,Clinton County,NY,New York,18247,17478,92,35817,50.94508194432811,48.79805678867577,2.1470251556523436,Trump
36021,Columbia County,NY,New York,15168,20396,333,35897,42.25422737276096,56.81811850572471,-14.563891132963757,Harris
36023,Cortland County,NY,New York,11706,10290,67,22063,53.05715451207904,46.639169650546165,6.417984861532883,Trump
36025,Delaware County,NY,New York,13789,9237,130,23156,59.548281223009155,39.89030920711695,19.65797201589221,Trump
36027,Dutchess County,NY,New York,71778,79994,887,152659,47.01851839721209,52.4004480574352,-5.381929660223111,Harris
36029,Erie County,NY,New York,204774,248651,3125,456550,44.852480560727194,54.46303800240937,-9.61055744168218,Harris
36031,Essex County,NY,New York,9533,9629,74,19236,49.558120191307964,50.057184445830735,-0.4990642545227698,Harris
36033,Franklin County,NY,New York,10569,8821,68,19458,54.316990440949745,45.333538904306714,8.983451536643026,Trump
36035,Fulton County,NY,New York,16237,7666,50,23953,67.78691604391935,32.00434183609569,35.78257420782365,Trump
36037,Genesee County,NY,New York,18997,9367,80,28444,66.78737167768246,32.93137392771762,33.85599774996484,Trump
36039,Greene County,NY,New York,14702,10436,172,25310,58.0877123666535,41.23271434215725,16.854998024496247,Trump
36041,Hamilton County,NY,New York,2223,1211,5,3439,64.64088397790056,35.21372492003489,29.42715905786566,Trump
36043,Herkimer County,NY,New York,19557,9110,58,28725,68.08355091383812,31.714534377719755,36.369016536118366,Trump
36045,Jefferson County,NY,New York,26417,16326,100,42843,61.66001447144224,38.106575169806035,23.553439301636207,Trump
36047,Kings County,NY,New York,233964,601265,12705,847934,27.592241849011835,70.90941040222471,-43.31716855321287,Harris
36049,Lewis County,NY,New York,9353,3600,13,12966,72.13481412926114,27.76492364645997,44.369890482801175,Trump
36051,Livingston County,NY,New York,18780,12148,107,31035,60.51232479458676,39.14290317383599,21.369421620750764,Trump
36053,Madison County,NY,New York,19025,14629,160,33814,56.26367776660555,43.26314544271603,13.000532323889512,Trump
36055,Monroe County,NY,New York,145940,214757,2018,362715,40.23544656272831,59.20819376094178,-18.972747198213476,Harris
36057,Montgomery County,NY,New York,13286,7356,70,20712,64.14638856701428,35.515643105446124,28.630745461568175,Trump
36059,Nassau County,NY,New York,368117,338424,5758,712299,51.6801230943747,47.51150850976907,4.1686145846056215,Trump
36061,New York County,NY,New York,113921,533782,6669,654372,17.40921066304793,81.57164426350761,-64.16243360045968,Harris
36063,Niagara County,NY,New York,58678,43438,315,102431,57.28539211762064,42.40708379299235,14.878308324628286,Trump
36065,Oneida County,NY,New York,60687,39415,156,100258,60.53083045741986,39.31357098685392,21.217259470565942,Trump
36067,Onondaga County,NY,New York,93916,133155,1310,228381,41.12251019130313,58.303886925795055,-17.181376734491923,Harris
36069,Ontario County,NY,New York,30221,29520,246,59987,50.37924883724807,49.2106623101672,1.1685865270808675,Trump
36071,Orange County,NY,New York,94936,80253,471,175660,54.045314812706366,45.68655356939542,8.35876124331094,Trump
36073,Orleans County,NY,New York,12659,5366,46,18071,70.0514636710752,29.69398483758508,40.35747883349012,Trump
36075,Oswego County,NY,New York,33548,20483,132,54163,61.93896202204458,37.81732917305172,24.121632848992856,Trump
36077,Otsego County,NY,New York,15256,13031,149,28436,53.65030243353496,45.82571388380926,7.8245885497257,Trump
36079,Putnam County,NY,New York,31553,23956,256,55765,56.58208553752354,42.958845153770284,13.623240383753249,Trump
36081,Queens County,NY,New York,264628,437282,10281,712191,37.15688628471857,61.399540291859914,-24.242654007141343,Harris
36083,Rensselaer County,NY,New York,38601,39668,467,78736,49.02585856533225,50.38102011786222,-1.3551615525299736,Harris
36085,Richmond County,NY,New York,128151,69345,2124,199620,64.19747520288549,34.73850315599639,29.458972046889087,Trump
36087,Rockland County,NY,New York,83543,65880,649,150072,55.66861239938164,43.89892851431313,11.7696838850685,Trump
36091,Saratoga County,NY,New York,63940,66321,551,130812,48.8793077087729,50.69947711219154,-1.8201694034186466,Harris
36093,Schenectady County,NY,New York,31975,39733,457,72165,44.3081826370124,55.05854638675258,-10.75036374974018,Harris
36095,Schoharie County,NY,New York,10423,5547,72,16042,64.9731953621743,34.5779827951627,30.395212567011594,Trump
36097,Schuyler County,NY,New York,5717,3736,33,9486,60.26776301918617,39.38435589289479,20.883407126291374,Trump
36099,Seneca County,NY,New York,8379,6610,45,15034,55.733670347212986,43.96700811493947,11.766662232273513,Trump
36089,St. Lawrence County,NY,New York,25919,18010,97,44026,58.872030163994005,40.90764548221505,17.96438468177895,Trump
36101,Steuben County,NY,New York,29777,15413,154,45344,65.66910726887791,33.99126676076217,31.67784050811574,Trump
36103,Suffolk County,NY,New York,417549,341812,3488,762849,54.73547189548652,44.80729475951335,9.928177135973176,Trump
36105,Sullivan County,NY,New York,20386,14549,127,35062,58.14271861274314,41.495065883292455,16.647652729450687,Trump
36107,Tioga County,NY,New York,15038,9437,84,24559,61.232134858911195,38.42583167067063,22.806303188240566,Trump
36109,Tompkins County,NY,New York,11354,34631,547,46532,24.400412619272757,74.42405226510789,-50.023639645835125,Harris
36111,Ulster County,NY,New York,39743,57974,817,98534,40.334300850467855,58.83654373109789,-18.50224288063004,Harris
36113,Warren County,NY,New York,18606,17099,124,35829,51.930000837310565,47.72391079851517,4.206090038795389,Trump
36115,Washington County,NY,New York,17268,11224,94,28586,60.40719233191073,39.26397537256,21.14321695935073,Trump
36117,Wayne County,NY,New York,27286,17056,101,44443,61.395495353598996,38.37724726053597,23.018248093063022,Trump
36119,Westchester County,NY,New York,167795,287434,2609,457838,36.6494262162599,62.780721565269815,-26.131295349009914,Harris
36121,Wyoming County,NY,New York,14112,4929,0,19041,74.11375452969907,25.886245470300928,48.22750905939814,Trump
36123,Yates County,NY,New York,6098,4401,43,10542,57.84481123126541,41.747296528173024,16.09751470309239,Trump
37001,Alamance County,NC,North Carolina,47937,40624,1270,89831,53.363538199507964,45.222695951286305,8.140842248221661,Trump
37003,Alexander County,NC,North Carolina,16404,4060,213,20677,79.33452628524448,19.635343618513325,59.699182666731154,Trump
37005,Alleghany County,NC,North Carolina,4900,1533,63,6496,75.43103448275862,23.599137931034484,51.831896551724135,Trump
37007,Anson County,NC,North Carolina,5525,5253,97,10875,50.804597701149426,48.303448275862074,2.5011494252873563,Trump
37009,Ashe County,NC,North Carolina,11629,4431,193,16253,71.54986771672922,27.26265920137821,44.28720851535101,Trump
37011,Avery County,NC,North Carolina,7181,2220,88,9489,75.67709979976816,23.395510591210876,52.28158920855728,Trump
37013,Beaufort County,NC,North Carolina,17296,9049,227,26572,65.09107331025139,34.054643986150836,31.036429324100556,Trump
37015,Bertie County,NC,North Carolina,3840,5279,67,9186,41.802743305029395,57.46788591334639,-15.665142608317003,Harris
37017,Bladen County,NC,North Carolina,10035,6620,109,16764,59.860415175375806,39.48938200906705,20.37103316630876,Trump
37019,Brunswick County,NC,North Carolina,67658,40557,1163,109378,61.85704620673261,37.079668671945,24.777377534787618,Trump
37021,Buncombe County,NC,North Carolina,59016,98662,2832,160510,36.767802629119686,61.46782131954396,-24.700018690424272,Harris
37023,Burke County,NC,North Carolina,32130,13272,445,45847,70.08092132527756,28.94845900495125,41.132462320326304,Trump
37025,Cabarrus County,NC,North Carolina,63746,54494,1962,120202,53.03239546762949,45.33535215720204,7.697043310427447,Trump
37027,Caldwell County,NC,North Carolina,33009,10146,385,43540,75.8130454754249,23.302710151584748,52.51033532384015,Trump
37029,Camden County,NC,North Carolina,4716,1522,66,6304,74.80964467005076,24.143401015228427,50.66624365482234,Trump
37031,Carteret County,NC,North Carolina,32508,12813,496,45817,70.95183010672895,27.965602287360586,42.98622781936835,Trump
37033,Caswell County,NC,North Carolina,7445,4493,102,12040,61.83554817275747,37.317275747508305,24.51827242524917,Trump
37035,Catawba County,NC,North Carolina,59577,26569,963,87109,68.39362178420141,30.500866730188612,37.89275505401279,Trump
37037,Chatham County,NC,North Carolina,22507,29014,780,52301,43.03359400393874,55.47503871818894,-12.441444714250204,Harris
37039,Cherokee County,NC,North Carolina,13883,3686,255,17824,77.88936265709157,20.679982046678635,57.20938061041293,Trump
37041,Chowan County,NC,North Carolina,4587,2895,70,7552,60.73887711864406,38.33421610169492,22.404661016949152,Trump
37043,Clay County,NC,North Carolina,5761,1899,68,7728,74.54710144927536,24.57298136645963,49.97412008281574,Trump
37045,Cleveland County,NC,North Carolina,34654,16603,449,51706,67.02123544656327,32.11039337794453,34.91084206861873,Trump
37047,Columbus County,NC,North Carolina,17592,8648,162,26402,66.63131580940838,32.75509431103704,33.876221498371336,Trump
37049,Craven County,NC,North Carolina,33477,22011,685,56173,59.59624730742527,39.184305627258645,20.411941680166628,Trump
37051,Cumberland County,NC,North Carolina,59840,78631,2042,140513,42.5868069146627,55.959946766491356,-13.373139851828656,Harris
37053,Currituck County,NC,North Carolina,13235,4604,214,18053,73.31191491718828,25.502686534094053,47.80922838309422,Trump
37055,Dare County,NC,North Carolina,14792,10074,330,25196,58.70773138593427,39.98253691062073,18.725194475313543,Trump
37057,Davidson County,NC,North Carolina,67959,24150,1343,93452,72.72075504002055,25.842143560330438,46.87861147969011,Trump
37059,Davie County,NC,North Carolina,19398,6988,464,26850,72.24581005586592,26.02607076350093,46.21973929236499,Trump
37061,Duplin County,NC,North Carolina,14677,8057,164,22898,64.09730107432964,35.18647916848633,28.910821905843303,Trump
37063,Durham County,NC,North Carolina,32853,144450,3609,180912,18.15965773414699,79.84544972141151,-61.68579198726453,Harris
37065,Edgecombe County,NC,North Carolina,9355,14900,193,24448,38.2648887434555,60.94568062827225,-22.680791884816752,Harris
37067,Forsyth County,NC,North Carolina,87292,114145,3289,204726,42.63845334740092,55.755009134159806,-13.116555786758887,Harris
37069,Franklin County,NC,North Carolina,23938,18167,562,42667,56.104249185553236,42.57857360489371,13.525675580659527,Trump
37071,Gaston County,NC,North Carolina,73828,44062,1366,119256,61.90715771114241,36.947407258335005,24.959750452807405,Trump
37073,Gates County,NC,North Carolina,3538,2268,62,5868,60.293115201090664,38.65030674846626,21.642808452624404,Trump
37075,Graham County,NC,North Carolina,3883,839,57,4779,81.25130780498012,17.555974053149196,63.69533375183093,Trump
37077,Granville County,NC,North Carolina,17383,14365,356,32104,54.145900822327434,44.745203089957634,9.400697732369798,Trump
37079,Greene County,NC,North Carolina,4965,3437,48,8450,58.757396449704146,40.67455621301775,18.08284023668639,Trump
37081,Guilford County,NC,North Carolina,109077,171118,4858,285053,38.265515535707394,60.030239990457915,-21.76472445475052,Harris
37083,Halifax County,NC,North Carolina,9778,14014,173,23965,40.80116837054037,58.47694554558731,-17.675777175046946,Harris
37085,Harnett County,NC,North Carolina,39440,23472,845,63757,61.85987420989068,36.81478112207287,25.04509308781781,Trump
37087,Haywood County,NC,North Carolina,23393,13913,545,37851,61.80285857705212,36.75728514438192,25.04557343267021,Trump
37089,Henderson County,NC,North Carolina,39497,29361,1116,69974,56.44525109326322,41.959870809157685,14.485380284105526,Trump
37091,Hertford County,NC,North Carolina,3561,6191,91,9843,36.17799451386772,62.8974906024586,-26.719496088590876,Harris
37093,Hoke County,NC,North Carolina,10547,11896,324,22767,46.325822462335836,52.25106513813853,-5.925242675802697,Harris
37095,Hyde County,NC,North Carolina,1465,931,25,2421,60.512185047501035,38.455183808343655,22.057001239157373,Trump
37097,Iredell County,NC,North Carolina,72801,36739,1335,110875,65.66042841037203,33.13551296505074,32.524915445321305,Trump
37099,Jackson County,NC,North Carolina,11796,9746,400,21942,53.7599124965819,44.41709962628749,9.342812870294411,Trump
37101,Johnston County,NC,North Carolina,74878,48116,1684,124678,60.05710710790998,38.59221354208441,21.464893565825566,Trump
37103,Jones County,NC,North Carolina,3409,2007,47,5463,62.401610836536705,36.73805601317957,25.66355482335713,Trump
37105,Lee County,NC,North Carolina,17489,12245,347,30081,58.139689505003155,40.70675841893554,17.43293108606762,Trump
37107,Lenoir County,NC,North Carolina,14564,12700,239,27503,52.95422317565357,46.17678071483111,6.7774424608224555,Trump
37109,Lincoln County,NC,North Carolina,40183,14842,557,55582,72.29498758590911,26.702889424633874,45.59209816127524,Trump
37113,Macon County,NC,North Carolina,14981,6675,278,21934,68.30035561229141,30.432205708033187,37.86814990425823,Trump
37115,Madison County,NC,North Carolina,8275,5090,256,13621,60.75178033918215,37.36876881286249,23.383011526319653,Trump
37117,Martin County,NC,North Carolina,6601,5360,79,12040,54.825581395348834,44.518272425249165,10.307308970099669,Trump
37111,McDowell County,NC,North Carolina,17520,5911,224,23655,74.06467977171846,24.98837455083492,49.07630522088353,Trump
37119,Mecklenburg County,NC,North Carolina,187770,376454,13281,577505,32.514004207755775,65.18627544350265,-32.67227123574688,Harris
37121,Mitchell County,NC,North Carolina,6843,1915,84,8842,77.3919927618186,21.657995928522958,55.73399683329563,Trump
37123,Montgomery County,NC,North Carolina,9044,4055,107,13206,68.48402241405421,30.7057398152355,37.77828259881872,Trump
37125,Moore County,NC,North Carolina,39617,21436,737,61790,64.11555267842694,34.69169768570966,29.423854992717267,Trump
37127,Nash County,NC,North Carolina,26431,25508,532,52471,50.372586762211505,48.61351984905948,1.7590669131520267,Trump
37129,New Hanover County,NC,North Carolina,67949,68814,1971,138734,48.977900154252026,49.6013954762351,-0.6234953219830754,Harris
37131,Northampton County,NC,North Carolina,3905,5239,71,9215,42.376559956592516,56.85295713510581,-14.476397178513292,Harris
37133,Onslow County,NC,North Carolina,54960,25684,1037,81681,67.28614977779411,31.44427712687161,35.84187265092249,Trump
37135,Orange County,NC,North Carolina,20806,65444,1557,87807,23.69514958944048,74.53164326306559,-50.83649367362511,Harris
37137,Pamlico County,NC,North Carolina,5229,2676,71,7976,65.55917753259779,33.55065195586761,32.00852557673019,Trump
37139,Pasquotank County,NC,North Carolina,10537,9549,257,20343,51.79668682101951,46.93997935407757,4.856707466941946,Trump
37141,Pender County,NC,North Carolina,26042,12460,407,38909,66.93053021151918,32.023439307101185,34.907090904418006,Trump
37143,Perquimans County,NC,North Carolina,5278,2269,119,7666,68.84946517088443,29.598225932689797,39.25123923819462,Trump
37145,Person County,NC,North Carolina,13509,8295,232,22036,61.304229442730076,37.64294790343075,23.661281539299328,Trump
37147,Pitt County,NC,North Carolina,40403,45595,1132,87130,46.37093997475038,52.329851945368986,-5.958911970618616,Harris
37149,Polk County,NC,North Carolina,8107,4827,134,13068,62.03703703703704,36.937557392102846,25.099479644934192,Trump
37151,Randolph County,NC,North Carolina,59357,15951,700,76008,78.09309546363541,20.985948847489738,57.10714661614566,Trump
37153,Richmond County,NC,North Carolina,11931,7787,155,19873,60.03623006088663,39.183817239470635,20.852412821415992,Trump
37155,Robeson County,NC,North Carolina,29647,16728,395,46770,63.3889245242677,35.76651699807569,27.622407526192006,Trump
37157,Rockingham County,NC,North Carolina,33447,15676,472,49595,67.44026615586249,31.608025002520417,35.83224115334207,Trump
37159,Rowan County,NC,North Carolina,50807,23788,799,75394,67.38865161683954,31.551582354033474,35.83706926280606,Trump
37161,Rutherford County,NC,North Carolina,25456,8914,300,34670,73.42370925872513,25.710989327949235,47.71271993077589,Trump
37163,Sampson County,NC,North Carolina,18178,9797,226,28201,64.45870713804474,34.73990284032481,29.718804297719934,Trump
37165,Scotland County,NC,North Carolina,7767,6754,105,14626,53.104061260768496,46.178039108437034,6.926022152331464,Trump
37167,Stanly County,NC,North Carolina,27518,8881,315,36714,74.95233425941058,24.18968240997984,50.76265184943074,Trump
37169,Stokes County,NC,North Carolina,21548,5380,247,27175,79.29346826126955,19.79760809567617,59.49586016559337,Trump
37171,Surry County,NC,North Carolina,28565,8613,330,37508,76.15708648821585,22.96310120507625,53.1939852831396,Trump
37173,Swain County,NC,North Carolina,4311,2643,98,7052,61.13159387407827,37.47872943845717,23.6528644356211,Trump
37175,Transylvania County,NC,North Carolina,11492,8972,316,20780,55.303176130895096,43.17613089509143,12.127045235803656,Trump
37177,Tyrrell County,NC,North Carolina,1057,680,20,1757,60.1593625498008,38.702333523050655,21.457029026750142,Trump
37179,Union County,NC,North Carolina,86271,51168,1916,139355,61.907358903519786,36.71773528039898,25.189623623120806,Trump
37181,Vance County,NC,North Carolina,8614,11292,186,20092,42.872785188134586,56.2014732231734,-13.328688035038821,Harris
37183,Wake County,NC,North Carolina,236735,402984,13861,653580,36.22127360078338,61.65794546956761,-25.436671868784234,Harris
37185,Warren County,NC,North Carolina,3976,5872,165,10013,39.70837910716069,58.64376310795966,-18.935384000798962,Harris
37187,Washington County,NC,North Carolina,2768,3138,38,5944,46.56796769851951,52.792732166890985,-6.224764468371467,Harris
37189,Watauga County,NC,North Carolina,15254,17225,616,33095,46.091554615500826,52.0471370297628,-5.955582414261973,Harris
37191,Wayne County,NC,North Carolina,31580,22618,564,54762,57.667725795259486,41.30236295241226,16.36536284284723,Trump
37193,Wilkes County,NC,North Carolina,28812,7194,314,36320,79.32819383259911,19.80726872246696,59.52092511013216,Trump
37195,Wilson County,NC,North Carolina,19750,19909,386,40045,49.31951554501186,49.71656886003246,-0.39705331502060176,Harris
37197,Yadkin County,NC,North Carolina,16439,3739,219,20397,80.59518556650488,18.331127126538217,62.26405843996666,Trump
37199,Yancey County,NC,North Carolina,7509,3635,139,11283,66.55144908269077,32.21660905787468,34.334840024816096,Trump
38001,Adams County,ND,North Dakota,962,215,24,1201,80.09991673605329,17.90174854288093,62.19816819317236,Trump
38003,Barnes County,ND,North Dakota,3531,1661,147,5339,66.13598052069676,31.1106948866829,35.025285634013855,Trump
38005,Benson County,ND,North Dakota,1163,795,44,2002,58.091908091908095,39.71028971028971,18.38161838161838,Trump
38007,Billings County,ND,North Dakota,543,93,11,647,83.9258114374034,14.374034003091191,69.55177743431221,Trump
38009,Bottineau County,ND,North Dakota,2628,735,84,3447,76.2402088772846,21.32288946910357,54.91731940818103,Trump
38011,Bowman County,ND,North Dakota,1384,207,27,1618,85.53770086526576,12.793572311495675,72.74412855377008,Trump
38013,Burke County,ND,North Dakota,909,130,17,1056,86.07954545454545,12.31060606060606,73.76893939393939,Trump
38015,Burleigh County,ND,North Dakota,36595,14215,1453,52263,70.02085605495283,27.19897441784819,42.82188163710464,Trump
38017,Cass County,ND,North Dakota,47873,40304,2674,90851,52.69397144775512,44.36274779584154,8.331223651913573,Trump
38019,Cavalier County,ND,North Dakota,1461,491,35,1987,73.52793155510821,24.71061902365375,48.817312531454455,Trump
38021,Dickey County,ND,North Dakota,1829,557,67,2453,74.56176110884631,22.706889523033023,51.85487158581329,Trump
38023,Divide County,ND,North Dakota,914,253,34,1201,76.10324729392173,21.065778517901748,55.037468776019985,Trump
38025,Dunn County,ND,North Dakota,1877,332,33,2242,83.71989295272078,14.80820695807315,68.91168599464763,Trump
38027,Eddy County,ND,North Dakota,862,316,27,1205,71.53526970954357,26.224066390041497,45.31120331950208,Trump
38029,Emmons County,ND,North Dakota,1697,205,28,1930,87.92746113989637,10.621761658031089,77.30569948186529,Trump
38031,Foster County,ND,North Dakota,1326,335,42,1703,77.86259541984732,19.67116852613036,58.191426893716965,Trump
38033,Golden Valley County,ND,North Dakota,847,122,22,991,85.46922300706358,12.31079717457114,73.15842583249244,Trump
38035,Grand Forks County,ND,North Dakota,18123,12469,819,31411,57.69634841297635,39.696284741014296,18.000063671962053,Trump
38037,Grant County,ND,North Dakota,1076,205,25,1306,82.38897396630934,15.696784073506892,66.69218989280245,Trump
38039,Griggs County,ND,North Dakota,963,301,25,1289,74.70907680372382,23.351435221101628,51.35764158262219,Trump
38041,Hettinger County,ND,North Dakota,1089,192,25,1306,83.3843797856049,14.701378254211333,68.68300153139357,Trump
38043,Kidder County,ND,North Dakota,1137,238,23,1398,81.3304721030043,17.02432045779685,64.30615164520745,Trump
38045,LaMoure County,ND,North Dakota,1614,453,56,2123,76.02449364107396,21.337729627885068,54.686764013188885,Trump
38047,Logan County,ND,North Dakota,898,117,18,1033,86.93126815101647,11.32623426911907,75.60503388189738,Trump
38049,McHenry County,ND,North Dakota,2223,479,50,2752,80.77761627906976,17.405523255813954,63.372093023255815,Trump
38051,McIntosh County,ND,North Dakota,1132,229,29,1390,81.43884892086331,16.47482014388489,64.96402877697842,Trump
38053,McKenzie County,ND,North Dakota,4627,809,85,5521,83.80728128962144,14.653142546640103,69.15413874298135,Trump
38055,McLean County,ND,North Dakota,4231,1093,97,5421,78.04833056631618,20.16233167312304,57.88599889319313,Trump
38057,Mercer County,ND,North Dakota,3798,672,85,4555,83.38090010976948,14.753018660812295,68.6278814489572,Trump
38059,Morton County,ND,North Dakota,12839,3748,449,17036,75.36393519605541,22.000469593801363,53.363465602254045,Trump
38061,Mountrail County,ND,North Dakota,2877,1125,71,4073,70.63589491775105,27.620918242082006,43.01497667566904,Trump
38063,Nelson County,ND,North Dakota,1141,580,40,1761,64.79273140261215,32.935831913685405,31.85689948892675,Trump
38065,Oliver County,ND,North Dakota,909,156,22,1087,83.62465501379944,14.351425942962281,69.27322907083716,Trump
38067,Pembina County,ND,North Dakota,2350,704,58,3112,75.51413881748073,22.62210796915167,52.89203084832905,Trump
38069,Pierce County,ND,North Dakota,1493,439,38,1970,75.78680203045685,22.284263959390863,53.502538071065985,Trump
38071,Ramsey County,ND,North Dakota,3609,1513,117,5239,68.88719221225425,28.879557167398357,40.00763504485589,Trump
38073,Ransom County,ND,North Dakota,1661,920,68,2649,62.702906757266895,34.730086825217064,27.97281993204983,Trump
38075,Renville County,ND,North Dakota,993,179,36,1208,82.20198675496688,14.817880794701988,67.3841059602649,Trump
38077,Richland County,ND,North Dakota,5576,2473,212,8261,67.49788161239559,29.935843118266554,37.56203849412904,Trump
38079,Rolette County,ND,North Dakota,1427,2567,81,4075,35.01840490797546,62.99386503067485,-27.975460122699385,Harris
38081,Sargent County,ND,North Dakota,1325,663,55,2043,64.8556045031816,32.45227606461087,32.403328438570725,Trump
38083,Sheridan County,ND,North Dakota,644,101,12,757,85.07265521796566,13.34214002642008,71.73051519154558,Trump
38085,Sioux County,ND,North Dakota,285,654,14,953,29.905561385099684,68.62539349422875,-38.719832109129065,Harris
38087,Slope County,ND,North Dakota,351,33,5,389,90.23136246786633,8.483290488431876,81.74807197943444,Trump
38089,Stark County,ND,North Dakota,12323,2473,304,15100,81.6092715231788,16.37748344370861,65.23178807947019,Trump
38091,Steele County,ND,North Dakota,622,367,26,1015,61.28078817733991,36.1576354679803,25.12315270935961,Trump
38093,Stutsman County,ND,North Dakota,7185,2692,257,10134,70.89994079336886,26.564041839352676,44.33589895401619,Trump
38095,Towner County,ND,North Dakota,796,289,29,1114,71.45421903052065,25.94254937163375,45.511669658886895,Trump
38097,Traill County,ND,North Dakota,2650,1359,106,4115,64.39854191980558,33.025516403402186,31.373025516403402,Trump
38099,Walsh County,ND,North Dakota,3186,1173,137,4496,70.86298932384342,26.089857651245552,44.77313167259786,Trump
38101,Ward County,ND,North Dakota,20635,7215,702,28552,72.27164471840852,25.269683384701597,47.00196133370692,Trump
38103,Wells County,ND,North Dakota,1815,405,33,2253,80.55925432756325,17.976031957390145,62.5832223701731,Trump
38105,Williams County,ND,North Dakota,12501,2276,345,15122,82.66763655601112,15.050919190583256,67.61671736542786,Trump
39001,Adams County,OH,Ohio,10269,2098,62,12429,82.6212889210717,16.879877705366482,65.7414112157052,Trump
39003,Allen County,OH,Ohio,33201,12754,414,46369,71.60171666415062,27.505445448467725,44.09627121568289,Trump
39005,Ashland County,OH,Ohio,19863,6544,256,26663,74.49649326782432,24.543374714023177,49.95311855380115,Trump
39007,Ashtabula County,OH,Ohio,27656,15345,373,43374,63.76170055793794,35.37833725273205,28.383363305205883,Trump
39009,Athens County,OH,Ohio,11369,14134,273,25776,44.10692116697703,54.83395406579764,-10.727032898820609,Harris
39011,Auglaize County,OH,Ohio,20988,4442,199,25629,81.8916071637598,17.331928674548365,64.55967848921144,Trump
39013,Belmont County,OH,Ohio,22758,8080,199,31037,73.32538582981603,26.0334439539904,47.29194187582563,Trump
39015,Brown County,OH,Ohio,17257,4069,118,21444,80.47472486476404,18.975004663309083,61.499720201454956,Trump
39017,Butler County,OH,Ohio,114831,66713,1653,183197,62.68170330300169,36.41598934480368,26.265713958198006,Trump
39019,Carroll County,OH,Ohio,10634,3071,114,13819,76.95202257761053,22.22302626818149,54.72899630942904,Trump
39021,Champaign County,OH,Ohio,15334,4944,197,20475,74.89133089133088,24.14652014652015,50.74481074481074,Trump
39023,Clark County,OH,Ohio,40403,21847,605,62855,64.27969135311432,34.75777583326704,29.52191551984727,Trump
39025,Clermont County,OH,Ohio,76964,36130,1049,114143,67.42770034080058,31.653277029690823,35.77442331110975,Trump
39027,Clinton County,OH,Ohio,15984,4633,162,20779,76.92381731555898,22.296549400837385,54.627267914721585,Trump
39029,Columbiana County,OH,Ohio,35607,12064,382,48053,74.09943187730215,25.105612552806278,48.99381932449587,Trump
39031,Coshocton County,OH,Ohio,12362,3835,140,16337,75.66872742853646,23.474322090959173,52.19440533757728,Trump
39033,Crawford County,OH,Ohio,15402,4683,160,20245,76.07804396147196,23.131637441343543,52.946406520128434,Trump
39035,Cuyahoga County,OH,Ohio,195164,376384,4972,576520,33.8520779851523,65.28550614029001,-31.433428155137722,Harris
39037,Darke County,OH,Ohio,22234,4583,185,27002,82.34204873713058,16.972816828383085,65.36923190874751,Trump
39039,Defiance County,OH,Ohio,13302,5667,187,19156,69.44038421382335,29.58342033827521,39.85696387554813,Trump
39041,Delaware County,OH,Ohio,70448,61657,1287,133392,52.812762384550794,46.22241213865899,6.590350245891807,Trump
39043,Erie County,OH,Ohio,22493,16871,385,39749,56.58758710910966,42.44383506503308,14.14375204407658,Trump
39045,Fairfield County,OH,Ohio,51999,31695,763,84457,61.568608877890526,37.52797281456836,24.04063606332216,Trump
39047,Fayette County,OH,Ohio,9706,2773,92,12571,77.20945032217007,22.058706546814097,55.150743775355984,Trump
39049,Franklin County,OH,Ohio,210830,380518,6877,598225,35.24259266998203,63.6078398595846,-28.36524718960257,Harris
39051,Fulton County,OH,Ohio,15893,6374,187,22454,70.78026186870936,28.38692437872985,42.393337489979515,Trump
39053,Gallia County,OH,Ohio,10314,2592,96,13002,79.32625749884633,19.935394554683896,59.390862944162436,Trump
39055,Geauga County,OH,Ohio,33844,20604,446,54894,61.6533683098335,37.53415673844136,24.11921157139214,Trump
39057,Greene County,OH,Ohio,53399,35575,1067,90041,59.30520540642596,39.5097788785109,19.795426527915062,Trump
39059,Guernsey County,OH,Ohio,13314,4154,133,17601,75.64342935060509,23.600931765240613,52.042497585364465,Trump
39061,Hamilton County,OH,Ohio,172365,233360,4360,410085,42.03153004864845,56.905275735518245,-14.873745686869796,Harris
39063,Hancock County,OH,Ohio,26052,11467,424,37943,68.66088606594101,30.221648261866484,38.43923780407453,Trump
39065,Hardin County,OH,Ohio,9911,2863,119,12893,76.87117040254402,22.205848134646708,54.66532226789731,Trump
39067,Harrison County,OH,Ohio,5484,1559,67,7110,77.13080168776372,21.92686357243319,55.20393811533052,Trump
39069,Henry County,OH,Ohio,10873,3905,134,14912,72.91443133047211,26.186963519313306,46.727467811158796,Trump
39071,Highland County,OH,Ohio,16269,3609,109,19987,81.39790864061641,18.05673687897133,63.341171761645064,Trump
39073,Hocking County,OH,Ohio,9679,3704,106,13489,71.75476314033658,27.459411372229226,44.29535176810735,Trump
39075,Holmes County,OH,Ohio,10384,1854,97,12335,84.18321848398865,15.030401297122012,69.15281718686664,Trump
39077,Huron County,OH,Ohio,19484,7496,236,27216,71.59024103468548,27.54262198706643,44.047619047619044,Trump
39079,Jackson County,OH,Ohio,11249,2953,85,14287,78.7359137677609,20.669139777420032,58.06677399034087,Trump
39081,Jefferson County,OH,Ohio,22317,8592,358,31267,71.37557168900118,27.47945117855886,43.89612051044232,Trump
39083,Knox County,OH,Ohio,23112,8698,294,32104,71.99102915524546,27.093197109394467,44.89783204585098,Trump
39085,Lake County,OH,Ohio,72924,54484,1171,128579,56.715326764090555,42.37394908966472,14.34137767442584,Trump
39087,Lawrence County,OH,Ohio,20013,6514,186,26713,74.91857896904129,24.385130835173886,50.53344813386741,Trump
39089,Licking County,OH,Ohio,61359,32832,869,95060,64.54765411319167,34.53818640858405,30.009467704607616,Trump
39091,Logan County,OH,Ohio,18182,5027,197,23406,77.68093651200547,21.477398957532255,56.203537554473215,Trump
39093,Lorain County,OH,Ohio,83297,74207,1503,159007,52.385744023848005,46.66901457168552,5.716729452162483,Trump
39095,Lucas County,OH,Ohio,82398,106320,1891,190609,43.22880871312477,55.7791080169352,-12.55029930381042,Harris
39097,Madison County,OH,Ohio,14737,5713,219,20669,71.3000145144903,27.64042769364749,43.65958682084281,Trump
39099,Mahoning County,OH,Ohio,61249,50636,820,112705,54.34452774943437,44.92790914333881,9.41661860609556,Trump
39101,Marion County,OH,Ohio,19219,7902,238,27359,70.24745056471362,28.88263459921781,41.364815965495815,Trump
39103,Medina County,OH,Ohio,66308,39771,966,107045,61.94404222523238,37.153533560652065,24.790508664580315,Trump
39105,Meigs County,OH,Ohio,8127,2202,71,10400,78.14423076923077,21.173076923076923,56.97115384615385,Trump
39107,Mercer County,OH,Ohio,19710,3865,178,23753,82.97899212731024,16.2716288468825,66.70736328042773,Trump
39109,Miami County,OH,Ohio,42677,15969,542,59188,72.1041427316348,26.98013110765696,45.124011623977836,Trump
39111,Monroe County,OH,Ohio,5396,1336,64,6796,79.39964685108887,19.658622719246615,59.74102413184226,Trump
39113,Montgomery County,OH,Ohio,125566,126767,2504,254837,49.27306474334575,49.74434638612132,-0.4712816427755781,Harris
39115,Morgan County,OH,Ohio,5168,1560,54,6782,76.20171040990859,23.002064287820705,53.199646122087884,Trump
39117,Morrow County,OH,Ohio,14609,4100,148,18857,77.47255661027735,21.742588959007264,55.72996765127009,Trump
39119,Muskingum County,OH,Ohio,28147,10874,310,39331,71.56441483816836,27.647402812031224,43.917012026137144,Trump
39121,Noble County,OH,Ohio,5050,1069,42,6161,81.9672131147541,17.351079370232107,64.616133744522,Trump
39123,Ottawa County,OH,Ohio,14872,8866,222,23960,62.07011686143573,37.003338898163605,25.06677796327212,Trump
39125,Paulding County,OH,Ohio,7203,1987,87,9277,77.64363479573137,21.41856203514067,56.22507276059071,Trump
39127,Perry County,OH,Ohio,13062,3800,130,16992,76.87146892655367,22.36346516007533,54.50800376647834,Trump
39129,Pickaway County,OH,Ohio,21607,7397,276,29280,73.79439890710383,25.262978142076502,48.53142076502732,Trump
39131,Pike County,OH,Ohio,9352,2793,73,12218,76.54280569651334,22.85971517433295,53.683090522180386,Trump
39133,Portage County,OH,Ohio,47681,34759,786,83226,57.29099079614544,41.764592795520635,15.526398000624805,Trump
39135,Preble County,OH,Ohio,17146,4343,167,21656,79.1743627632065,20.05448836350203,59.11987439970447,Trump
39137,Putnam County,OH,Ohio,16576,2996,186,19758,83.89513108614233,15.163478084826398,68.73165300131592,Trump
39139,Richland County,OH,Ohio,41298,16591,473,58362,70.76179705973064,28.427744080052086,42.33405297967856,Trump
39141,Ross County,OH,Ohio,22801,9846,285,32932,69.23660876958581,29.89797157779667,39.33863719178914,Trump
39143,Sandusky County,OH,Ohio,19311,10139,266,29716,64.98519316193297,34.119666173105394,30.86552698882757,Trump
39145,Scioto County,OH,Ohio,22978,8021,181,31180,73.69467607440667,25.72482360487492,47.96985246953175,Trump
39147,Seneca County,OH,Ohio,17241,7765,257,25263,68.24605153782211,30.736650437398566,37.509401100423545,Trump
39149,Shelby County,OH,Ohio,20740,4350,198,25288,82.01518506801645,17.201834862385322,64.81335020563112,Trump
39151,Stark County,OH,Ohio,111478,71090,1625,184193,60.522386844234035,38.59538636104521,21.92700048318883,Trump
39153,Summit County,OH,Ohio,125910,145005,2656,273571,46.02461518216477,53.004521678101845,-6.979906495937069,Harris
39155,Trumbull County,OH,Ohio,55983,39758,791,96532,57.99424025193718,41.18634235279493,16.807897899142255,Trump
39157,Tuscarawas County,OH,Ohio,30652,12032,339,43023,71.24561281175185,27.966436557190338,43.27917625456151,Trump
39159,Union County,OH,Ohio,23982,12934,385,37301,64.29318248840514,34.67467360124393,29.618508887161205,Trump
39161,Van Wert County,OH,Ohio,11616,3000,113,14729,78.86482449589246,20.367981533030076,58.49684296286238,Trump
39163,Vinton County,OH,Ohio,4531,1169,38,5738,78.96479609620076,20.372952248170094,58.59184384803068,Trump
39165,Warren County,OH,Ohio,91132,47128,1359,139619,65.27191857841697,33.754718197380015,31.517200381036965,Trump
39167,Washington County,OH,Ohio,22161,8600,239,31000,71.48709677419355,27.741935483870968,43.745161290322585,Trump
39169,Wayne County,OH,Ohio,36764,15898,488,53150,69.17027281279398,29.911571025399812,39.258701787394166,Trump
39171,Williams County,OH,Ohio,13461,4644,170,18275,73.65800273597812,25.41176470588235,48.24623803009576,Trump
39173,Wood County,OH,Ohio,36877,30016,693,67586,54.56307519308733,44.41156452519753,10.1515106678898,Trump
39175,Wyandot County,OH,Ohio,8564,2731,95,11390,75.18876207199298,23.977172958735732,51.21158911325724,Trump
40001,Adair County,OK,Oklahoma,5860,1289,107,7256,80.76074972436604,17.764608599779493,62.99614112458654,Trump
40003,Alfalfa County,OK,Oklahoma,1891,236,33,2160,87.5462962962963,10.925925925925926,76.62037037037037,Trump
40005,Atoka County,OK,Oklahoma,4832,779,51,5662,85.34086895090074,13.758389261744966,71.58247968915578,Trump
40007,Beaver County,OK,Oklahoma,1938,158,28,2124,91.24293785310734,7.43879472693032,83.80414312617702,Trump
40009,Beckham County,OK,Oklahoma,6474,1093,111,7678,84.31883302943474,14.23547798905965,70.0833550403751,Trump
40011,Blaine County,OK,Oklahoma,3054,671,61,3786,80.66561014263075,17.723190702588486,62.942419440042265,Trump
40013,Bryan County,OK,Oklahoma,13999,3569,244,17812,78.59308331461936,20.037053671682013,58.55602964293735,Trump
40015,Caddo County,OK,Oklahoma,6886,2414,196,9496,72.51474304970515,25.4212299915754,47.09351305812974,Trump
40017,Canadian County,OK,Oklahoma,50551,21038,1485,73074,69.17781974436872,28.78999370501136,40.387826039357364,Trump
40019,Carter County,OK,Oklahoma,14945,4277,266,19488,76.6882183908046,21.94683908045977,54.741379310344826,Trump
40021,Cherokee County,OK,Oklahoma,11637,5826,360,17823,65.29203837737755,32.68809964652416,32.60393873085339,Trump
40023,Choctaw County,OK,Oklahoma,4633,944,62,5639,82.15995743926227,16.740556836318497,65.4194006029438,Trump
40025,Cimarron County,OK,Oklahoma,860,66,9,935,91.97860962566845,7.0588235294117645,84.91978609625669,Trump
40027,Cleveland County,OK,Oklahoma,67225,49432,2637,119294,56.352373128573106,41.43712173286167,14.915251395711435,Trump
40029,Coal County,OK,Oklahoma,2155,345,38,2538,84.90937746256894,13.59338061465721,71.31599684791175,Trump
40031,Comanche County,OK,Oklahoma,20823,12823,638,34284,60.736786839341974,37.402286781005714,23.33450005833625,Trump
40033,Cotton County,OK,Oklahoma,2067,392,47,2506,82.48204309656823,15.64245810055866,66.83958499600958,Trump
40035,Craig County,OK,Oklahoma,4740,1212,104,6056,78.26948480845442,20.01321003963012,58.2562747688243,Trump
40037,Creek County,OK,Oklahoma,24098,6643,571,31312,76.960909555442,21.215508431272355,55.745401124169646,Trump
40039,Custer County,OK,Oklahoma,7693,2279,196,10168,75.65892997639654,22.41345397324941,53.24547600314713,Trump
40041,Delaware County,OK,Oklahoma,14407,3475,226,18108,79.56151977026728,19.190413077092998,60.37110669317429,Trump
40043,Dewey County,OK,Oklahoma,1984,209,22,2215,89.57110609480813,9.43566591422122,80.1354401805869,Trump
40045,Ellis County,OK,Oklahoma,1585,197,30,1812,87.47240618101544,10.8719646799117,76.60044150110376,Trump
40047,Garfield County,OK,Oklahoma,16593,4849,402,21844,75.96136238784106,22.19831532686321,53.76304706097784,Trump
40049,Garvin County,OK,Oklahoma,9063,1802,126,10991,82.45837503411883,16.395232462924213,66.06314257119462,Trump
40051,Grady County,OK,Oklahoma,20378,4536,369,25283,80.59961238777043,17.94090891112605,62.658703476644384,Trump
40053,Grant County,OK,Oklahoma,1794,295,36,2125,84.4235294117647,13.882352941176471,70.54117647058824,Trump
40055,Greer County,OK,Oklahoma,1511,304,21,1836,82.29847494553377,16.55773420479303,65.74074074074075,Trump
40057,Harmon County,OK,Oklahoma,709,165,8,882,80.38548752834467,18.70748299319728,61.67800453514739,Trump
40059,Harper County,OK,Oklahoma,1284,147,20,1451,88.49069607167472,10.130944176430049,78.35975189524466,Trump
40061,Haskell County,OK,Oklahoma,4156,718,62,4936,84.19773095623987,14.546191247974068,69.6515397082658,Trump
40063,Hughes County,OK,Oklahoma,3744,831,84,4659,80.36059240180296,17.83644558918223,62.52414681262073,Trump
40065,Jackson County,OK,Oklahoma,6295,1602,156,8053,78.16962622625108,19.893207500310442,58.27641872594065,Trump
40067,Jefferson County,OK,Oklahoma,2020,319,36,2375,85.05263157894737,13.431578947368422,71.62105263157895,Trump
40069,Johnston County,OK,Oklahoma,3462,684,84,4230,81.84397163120568,16.170212765957448,65.67375886524822,Trump
40071,Kay County,OK,Oklahoma,12483,4136,294,16913,73.80713060959026,24.45456157984982,49.35256902974044,Trump
40073,Kingfisher County,OK,Oklahoma,5745,923,86,6754,85.06070476754516,13.665975718092982,71.39472904945218,Trump
40075,Kiowa County,OK,Oklahoma,2569,658,51,3278,78.37095790115924,20.0732153752288,58.29774252593044,Trump
40077,Latimer County,OK,Oklahoma,3356,681,42,4079,82.27506741848492,16.695268448149054,65.57979897033587,Trump
40079,Le Flore County,OK,Oklahoma,15333,3184,237,18754,81.75855817425615,16.9777114215634,64.78084675269275,Trump
40081,Lincoln County,OK,Oklahoma,12495,2712,258,15465,80.79534432589719,17.536372453928227,63.25897187196896,Trump
40083,Logan County,OK,Oklahoma,17748,5901,500,24149,73.49372644830014,24.435794442834073,49.057932005466064,Trump
40085,Love County,OK,Oklahoma,3510,689,61,4260,82.3943661971831,16.173708920187792,66.22065727699531,Trump
40093,Major County,OK,Oklahoma,3087,327,64,3478,88.75790684301322,9.401955146635997,79.35595169637722,Trump
40095,Marshall County,OK,Oklahoma,5348,1169,72,6589,81.16557899529518,17.74169069661557,63.42388829867962,Trump
40097,Mayes County,OK,Oklahoma,13514,3529,331,17374,77.78289397950961,20.311960400598593,57.47093357891102,Trump
40087,McClain County,OK,Oklahoma,17005,4031,361,21397,79.47375800345843,18.839089591998878,60.63466841145954,Trump
40089,McCurtain County,OK,Oklahoma,9485,1696,128,11309,83.87125298434876,14.996905119816075,68.87434786453267,Trump
40091,McIntosh County,OK,Oklahoma,6387,1937,115,8439,75.68432278706008,22.952956511435005,52.73136627562507,Trump
40099,Murray County,OK,Oklahoma,4689,1080,116,5885,79.67714528462191,18.3517417162277,61.32540356839422,Trump
40101,Muskogee County,OK,Oklahoma,16550,7400,407,24357,67.94761259596831,30.381409861641416,37.566202734326886,Trump
40103,Noble County,OK,Oklahoma,3853,1009,95,4957,77.72846479725641,20.355053459753883,57.373411337502525,Trump
40105,Nowata County,OK,Oklahoma,3774,720,67,4561,82.74501205875904,15.786011839508879,66.95900021925016,Trump
40107,Okfuskee County,OK,Oklahoma,3080,854,54,3988,77.23169508525577,21.414242728184554,55.81745235707122,Trump
40109,Oklahoma County,OK,Oklahoma,143618,138769,6536,288923,49.7080537028897,48.02975187160593,1.6783018312837676,Trump
40111,Okmulgee County,OK,Oklahoma,10100,3979,270,14349,70.38818036100076,27.730155411526937,42.658024949473834,Trump
40113,Osage County,OK,Oklahoma,14404,5867,357,20628,69.82741904207873,28.441923598991664,41.385495443087066,Trump
40115,Ottawa County,OK,Oklahoma,8490,2511,177,11178,75.95276435856147,22.463768115942027,53.488996242619436,Trump
40117,Pawnee County,OK,Oklahoma,5405,1355,120,6880,78.56104651162791,19.694767441860463,58.866279069767444,Trump
40119,Payne County,OK,Oklahoma,17962,10560,757,29279,61.34772362444073,36.066805560299194,25.280918064141535,Trump
40121,Pittsburg County,OK,Oklahoma,13841,3473,258,17572,78.76735715911678,19.76439790575916,59.00295925335761,Trump
40123,Pontotoc County,OK,Oklahoma,10967,3895,312,15174,72.27494398312903,25.668907341505204,46.60603664162383,Trump
40125,Pottawatomie County,OK,Oklahoma,20915,7266,593,28774,72.6871481198304,25.251963578230345,47.43518454160006,Trump
40127,Pushmataha County,OK,Oklahoma,4025,616,61,4702,85.60187154402382,13.10080816673756,72.50106337728626,Trump
40129,Roger Mills County,OK,Oklahoma,1548,160,25,1733,89.32487016733988,9.232544720138488,80.09232544720139,Trump
40131,Rogers County,OK,Oklahoma,35942,10146,814,46902,76.6321265617671,21.63233977229116,54.99978678947593,Trump
40133,Seminole County,OK,Oklahoma,5951,1951,142,8044,73.98060666335157,24.254102436598707,49.72650422675286,Trump
40135,Sequoyah County,OK,Oklahoma,12491,2907,185,15583,80.15786433934416,18.654944490791248,61.50291984855291,Trump
40137,Stephens County,OK,Oklahoma,15092,3236,292,18620,81.05263157894737,17.379162191192265,63.6734693877551,Trump
40139,Texas County,OK,Oklahoma,4319,793,94,5206,82.96196696119861,15.232424126008452,67.72954283519017,Trump
40141,Tillman County,OK,Oklahoma,2006,500,27,2533,79.19463087248322,19.73943939992104,59.45519147256218,Trump
40143,Tulsa County,OK,Oklahoma,145241,106105,5593,256939,56.52742479732543,41.2957939433095,15.231630854015934,Trump
40145,Wagoner County,OK,Oklahoma,28487,9330,684,38501,73.99028596659826,24.233136801641518,49.75714916495676,Trump
40147,Washington County,OK,Oklahoma,16836,5793,545,23174,72.65038405109175,24.997842409596963,47.65254164149478,Trump
40149,Washita County,OK,Oklahoma,4030,551,71,4652,86.62940670679278,11.844368013757524,74.78503869303526,Trump
40151,Woods County,OK,Oklahoma,2955,614,69,3638,81.22594832325454,16.877405167674546,64.34854315557999,Trump
40153,Woodward County,OK,Oklahoma,6231,967,114,7312,85.21608315098467,13.224835886214443,71.99124726477024,Trump
41001,Baker County,OR,Oregon,7060,2343,291,9694,72.82855374458428,24.16958943676501,48.65896430781927,Trump
41003,Benton County,OR,Oregon,14187,33909,2136,50232,28.24295269947444,67.5047778308648,-39.261825131390346,Harris
41005,Clackamas County,OR,Oregon,106387,130580,9273,246240,43.20459714100065,53.029564652371675,-9.824967511371021,Harris
41007,Clatsop County,OR,Oregon,9913,12533,844,23290,42.563331902103904,53.81279519106913,-11.24946328896522,Harris
41009,Columbia County,OR,Oregon,17227,12895,1212,31334,54.97861747622391,41.15337971532521,13.825237760898704,Trump
41011,Coos County,OR,Oregon,20849,13731,1155,35735,58.343360850706595,38.424513782006436,19.918847068700156,Trump
41013,Crook County,OR,Oregon,12012,3836,449,16297,73.70681720562067,23.538074492237833,50.16874271338283,Trump
41015,Curry County,OR,Oregon,8000,5737,463,14200,56.33802816901409,40.401408450704224,15.936619718309858,Trump
41017,Deschutes County,OR,Oregon,54850,68108,4417,127375,43.06182531894014,53.47046123650638,-10.408635917566242,Harris
41019,Douglas County,OR,Oregon,41561,18386,1860,61807,67.24319251864675,29.747439610400118,37.49575290824664,Trump
41021,Gilliam County,OR,Oregon,805,291,38,1134,70.98765432098766,25.66137566137566,45.326278659611994,Trump
41023,Grant County,OR,Oregon,3490,816,150,4456,78.32136445242371,18.31238779174147,60.00897666068222,Trump
41025,Harney County,OR,Oregon,3307,797,151,4255,77.72032902467684,18.73090481786134,58.989424206815514,Trump
41027,Hood River County,OR,Oregon,3854,8364,489,12707,30.32973951365389,65.82198788069567,-35.49224836704179,Harris
41029,Jackson County,OR,Oregon,61743,54065,3764,119572,51.63667079249322,45.21543505168434,6.421235740808886,Trump
41031,Jefferson County,OR,Oregon,7454,3941,355,11750,63.43829787234042,33.54042553191489,29.89787234042553,Trump
41033,Josephine County,OR,Oregon,31129,16928,1571,49628,62.72467155637946,34.1097767389377,28.614894817441765,Trump
41035,Klamath County,OR,Oregon,24675,9856,984,35515,69.47768548500633,27.751654230606785,41.72603125439955,Trump
41037,Lake County,OR,Oregon,3421,681,111,4213,81.20104438642298,16.164253501068124,65.03679088535486,Trump
41039,Lane County,OR,Oregon,77376,125775,8134,211285,36.62162481955652,59.52859881203114,-22.90697399247462,Harris
41041,Lincoln County,OR,Oregon,11645,17112,1047,29804,39.071936652798286,57.41511206549457,-18.343175412696283,Harris
41043,Linn County,OR,Oregon,43078,25749,2602,71429,60.30883814697112,36.04838370969774,24.260454437273378,Trump
41045,Malheur County,OR,Oregon,7710,2884,351,10945,70.4431247144815,26.349931475559618,44.09319323892188,Trump
41047,Marion County,OR,Oregon,77089,73970,5632,156691,49.19810327332137,47.207561378764574,1.9905418945568027,Trump
41049,Morrow County,OR,Oregon,3408,1138,186,4732,72.02028740490279,24.04902789518174,47.97125950972105,Trump
41051,Multnomah County,OR,Oregon,70759,325927,17564,414250,17.08123114061557,78.67881713940858,-61.597585998793,Harris
41053,Polk County,OR,Oregon,23768,22034,1791,47593,49.940117244132544,46.29672430819659,3.6433929359359567,Trump
41055,Sherman County,OR,Oregon,890,233,40,1163,76.5262252794497,20.03439380911436,56.49183147033534,Trump
41057,Tillamook County,OR,Oregon,7971,7747,534,16252,49.046271228156535,47.66797932562146,1.3782919025350726,Trump
41059,Umatilla County,OR,Oregon,20973,9251,1001,31225,67.16733386709367,29.626901521216976,37.5404323458767,Trump
41061,Union County,OR,Oregon,9942,4107,525,14574,68.21737340469329,28.180321119802386,40.0370522848909,Trump
41063,Wallowa County,OR,Oregon,3366,1573,169,5108,65.8966327329679,30.794831636648397,35.1018010963195,Trump
41065,Wasco County,OR,Oregon,6837,6069,485,13391,51.0566798596072,45.32148457919498,5.735195280412217,Trump
41067,Washington County,OR,Oregon,92590,193013,12346,297949,31.075788138238426,64.78054969139014,-33.70476155315171,Harris
41069,Wheeler County,OR,Oregon,618,210,40,868,71.19815668202764,24.193548387096776,47.004608294930875,Trump
41071,Yamhill County,OR,Oregon,29536,26011,2253,57800,51.10034602076124,45.001730103806224,6.098615916955017,Trump
42001,Adams County,PA,Pennsylvania,40248,19842,560,60650,66.36108821104699,32.71558120362737,33.645507007419624,Trump
42003,Allegheny County,PA,Pennsylvania,283595,429916,6993,720504,39.360641995047914,59.668787404372495,-20.308145409324585,Harris
42005,Armstrong County,PA,Pennsylvania,28296,8553,270,37119,76.23050189929685,23.04210781540451,53.18839408389234,Trump
42007,Beaver County,PA,Pennsylvania,56837,37196,810,94843,59.927459063926705,39.21849793869869,20.708961125228008,Trump
42009,Bedford County,PA,Pennsylvania,23658,4336,166,28160,84.0127840909091,15.397727272727273,68.61505681818181,Trump
42011,Berks County,PA,Pennsylvania,116677,91125,2036,209838,55.60337021893079,43.42635747576702,12.177012743163775,Trump
42013,Blair County,PA,Pennsylvania,46352,18127,470,64949,71.36676469229704,27.90959060185684,43.45717409044019,Trump
42015,Bradford County,PA,Pennsylvania,22937,7990,265,31192,73.53488073865093,25.615542446781227,47.919338291869714,Trump
42017,Bucks County,PA,Pennsylvania,198722,198431,3875,401028,49.55314840858993,49.48058489681518,0.07256351177473892,Trump
42019,Butler County,PA,Pennsylvania,79773,40661,1006,121440,65.68922924901186,33.48237812911726,32.206851119894594,Trump
42021,Cambria County,PA,Pennsylvania,49408,21177,551,71136,69.45569050832209,29.769736842105267,39.685953666216825,Trump
42023,Cameron County,PA,Pennsylvania,1654,538,27,2219,74.53808021631365,24.245155475439386,50.29292474087427,Trump
42025,Carbon County,PA,Pennsylvania,23708,11394,293,35395,66.98121203559825,32.19098742760277,34.790224607995476,Trump
42027,Centre County,PA,Pennsylvania,38829,41119,844,80792,48.06045152985444,50.89489058322606,-2.834439053371621,Harris
42029,Chester County,PA,Pennsylvania,137299,184281,3384,324964,42.25052621213427,56.708127669526476,-14.457601457392203,Harris
42031,Clarion County,PA,Pennsylvania,15036,4562,135,19733,76.19723306136929,23.118633760705418,53.07859930066387,Trump
42033,Clearfield County,PA,Pennsylvania,30481,9647,302,40430,75.39203561711601,23.860994311155082,51.531041305960926,Trump
42035,Clinton County,PA,Pennsylvania,12965,5395,162,18522,69.99784040600368,29.127524025483208,40.870316380520464,Trump
42037,Columbia County,PA,Pennsylvania,21190,11083,303,32576,65.04788801571709,34.021979371316306,31.025908644400786,Trump
42039,Crawford County,PA,Pennsylvania,29685,12858,329,42872,69.24099645456242,29.991602910990856,39.249393543571564,Trump
42041,Cumberland County,PA,Pennsylvania,80267,66255,1874,148396,54.08973287689696,44.64742984986118,9.442303027035768,Trump
42043,Dauphin County,PA,Pennsylvania,69474,78327,1725,149526,46.46282251916055,52.383531960996756,-5.920709441836203,Harris
42045,Delaware County,PA,Pennsylvania,123421,201324,3427,328172,37.608632058798435,61.347098472752094,-23.738466413953656,Harris
42047,Elk County,PA,Pennsylvania,12543,4483,127,17153,73.12423482772694,26.135369906138866,46.98886492158806,Trump
42049,Erie County,PA,Pennsylvania,68866,67456,1273,137595,50.049783785748026,49.02503724699299,1.0247465387550418,Trump
42051,Fayette County,PA,Pennsylvania,43633,19548,291,63472,68.7436980085707,30.797832114948324,37.94586589362238,Trump
42053,Forest County,PA,Pennsylvania,1902,724,24,2650,71.77358490566039,27.32075471698113,44.45283018867924,Trump
42055,Franklin County,PA,Pennsylvania,59604,23543,737,83884,71.05526679700539,28.066138953793335,42.98912784321205,Trump
42057,Fulton County,PA,Pennsylvania,7039,1102,36,8177,86.08291549468021,13.476825241531124,72.60609025314908,Trump
42059,Greene County,PA,Pennsylvania,12319,4592,325,17236,71.47249941981897,26.641912276630308,44.83058714318868,Trump
42061,Huntingdon County,PA,Pennsylvania,17627,5368,161,23156,76.1228191397478,23.181896700639143,52.940922439108654,Trump
42063,Indiana County,PA,Pennsylvania,29215,12697,317,42229,69.18231547041133,30.067015558028842,39.11529991238248,Trump
42065,Jefferson County,PA,Pennsylvania,18235,4707,187,23129,78.84041679277098,20.351074408750918,58.48934238402006,Trump
42067,Juniata County,PA,Pennsylvania,9721,2290,93,12104,80.31229345670853,18.91936549900859,61.39292795769994,Trump
42069,Lackawanna County,PA,Pennsylvania,56261,59510,819,116590,48.2554249935672,51.04211338879835,-2.786688395231152,Harris
42071,Lancaster County,PA,Pennsylvania,166261,120119,2877,289257,57.478643559187844,41.5267391973228,15.951904361865054,Trump
42073,Lawrence County,PA,Pennsylvania,31347,15440,323,47110,66.54001273614944,32.77435788579919,33.765654850350245,Trump
42075,Lebanon County,PA,Pennsylvania,48282,24734,676,73692,65.51864517179612,33.56402323182978,31.954621939966348,Trump
42077,Lehigh County,PA,Pennsylvania,91207,96317,2286,189810,48.05173594647279,50.74390179653337,-2.692165850060587,Harris
42079,Luzerne County,PA,Pennsylvania,92444,62504,1202,156150,59.2020493115594,40.02817803394173,19.173871277617675,Trump
42081,Lycoming County,PA,Pennsylvania,41961,17216,508,59685,70.30409650665996,28.84476836726146,41.45932813939851,Trump
42083,McKean County,PA,Pennsylvania,14401,5115,166,19682,73.16837719743928,25.988212580022356,47.18016461741693,Trump
42085,Mercer County,PA,Pennsylvania,37761,20145,504,58410,64.64817668207499,34.4889573703133,30.15921931176169,Trump
42087,Mifflin County,PA,Pennsylvania,17184,4735,152,22071,77.85782248198994,21.453491006297856,56.40433147569208,Trump
42089,Monroe County,PA,Pennsylvania,42676,42007,842,85525,49.89885998246127,49.1166325635779,0.7822274188833676,Trump
42091,Montgomery County,PA,Pennsylvania,198311,317103,5492,520906,38.070400417733715,60.8752826805604,-22.80488226282669,Harris
42093,Montour County,PA,Pennsylvania,5944,3862,102,9908,59.991925716592654,38.97860314897053,21.013322567622122,Trump
42095,Northampton County,PA,Pennsylvania,89817,86655,1743,178215,50.39811463681508,48.62385321100918,1.7742614258059084,Trump
42097,Northumberland County,PA,Pennsylvania,30240,12863,419,43522,69.48210100638758,29.555167501493496,39.92693350489407,Trump
42099,Perry County,PA,Pennsylvania,19073,6385,267,25725,74.1418853255588,24.82021379980564,49.32167152575316,Trump
42101,Philadelphia County,PA,Pennsylvania,144311,568571,8559,721441,20.003160341594114,78.81046405735188,-58.80730371575776,Harris
42103,Pike County,PA,Pennsylvania,21537,13132,281,34950,61.622317596566525,37.57367668097282,24.048640915593705,Trump
42105,Potter County,PA,Pennsylvania,7334,1675,76,9085,80.7264722069345,18.436984039625756,62.28948816730875,Trump
42107,Schuylkill County,PA,Pennsylvania,51665,20882,637,73184,70.59603191954525,28.533559247923044,42.06247267162222,Trump
42109,Snyder County,PA,Pennsylvania,14664,5239,135,20038,73.18095618325182,26.145323884619227,47.0356322986326,Trump
42111,Somerset County,PA,Pennsylvania,31993,8596,292,40881,78.25884885399084,21.02688290403855,57.231965949952304,Trump
42113,Sullivan County,PA,Pennsylvania,2721,976,24,3721,73.12550389680193,26.229508196721312,46.895995700080626,Trump
42115,Susquehanna County,PA,Pennsylvania,16114,6093,197,22404,71.92465631137297,27.196036422067486,44.728619889305484,Trump
42117,Tioga County,PA,Pennsylvania,16272,5100,215,21587,75.37870014360495,23.625330059758188,51.75337008384676,Trump
42119,Union County,PA,Pennsylvania,12969,8015,204,21188,61.209175004719654,37.82801585803285,23.3811591466868,Trump
42121,Venango County,PA,Pennsylvania,18883,7624,225,26732,70.63818644321412,28.520125692054464,42.11806075115966,Trump
42123,Warren County,PA,Pennsylvania,14345,6212,166,20723,69.2226029049848,29.976354774887803,39.246248130096994,Trump
42125,Washington County,PA,Pennsylvania,75929,44910,778,121617,62.43288356068641,36.92740324132317,25.50548031936325,Trump
42127,Wayne County,PA,Pennsylvania,20071,9150,223,29444,68.16668930851787,31.075940768917263,37.0907485396006,Trump
42129,Westmoreland County,PA,Pennsylvania,135008,74904,1538,211450,63.848663986758105,35.423977299598015,28.424686687160083,Trump
42131,Wyoming County,PA,Pennsylvania,10222,4680,150,15052,67.91124103109222,31.09221365931438,36.819027371777835,Trump
42133,York County,PA,Pennsylvania,154884,91926,2400,249210,62.1499939809799,36.886962802455756,25.263031178524137,Trump
44001,Bristol County,RI,Rhode Island,10048,17458,829,28335,35.46144344450327,61.61284630315864,-26.151402858655377,Harris
44003,Kent County,RI,Rhode Island,44526,46269,2353,93148,47.801348391806584,49.67256409155323,-1.8712156997466398,Harris
44005,Newport County,RI,Rhode Island,16027,27332,1259,44618,35.92048052355551,61.257788336545794,-25.33730781299027,Harris
44007,Providence County,RI,Rhode Island,112443,150102,7134,269679,41.69512642808672,55.659506301936744,-13.964379873850023,Harris
44009,Washington County,RI,Rhode Island,31247,42589,2200,76036,41.0950076279657,56.0116260718607,-14.916618443894997,Harris
45001,Abbeville County,SC,South Carolina,8509,3399,140,12048,70.62583001328021,28.212151394422314,42.4136786188579,Trump
45003,Aiken County,SC,South Carolina,53592,31298,1201,86091,62.250409450465206,36.35455506382781,25.895854386637396,Trump
45005,Allendale County,SC,South Carolina,813,2165,45,3023,26.893814091961627,71.61759841217334,-44.72378432021171,Harris
45007,Anderson County,SC,South Carolina,71828,25281,1187,98296,73.07316676161797,25.71925612435908,47.35391063725889,Trump
45009,Bamberg County,SC,South Carolina,2376,3245,73,5694,41.72813487881981,56.989813839128914,-15.261678960309096,Harris
45011,Barnwell County,SC,South Carolina,5605,4082,116,9803,57.176374579210446,41.64031418953382,15.536060389676628,Trump
45013,Beaufort County,SC,South Carolina,59123,44002,1278,104403,56.62959876631898,42.14629847801309,14.483300288305893,Trump
45015,Berkeley County,SC,South Carolina,64777,46416,1641,112834,57.40911427406633,41.13653685945726,16.27257741460907,Trump
45017,Calhoun County,SC,South Carolina,4474,3339,101,7914,56.53272681324235,42.19105382865808,14.34167298458428,Trump
45019,Charleston County,SC,South Carolina,99265,111427,3829,214521,46.27285906741065,51.94223409363185,-5.66937502622121,Harris
45021,Cherokee County,SC,South Carolina,18697,5939,203,24839,75.27275655219614,23.90998027295785,51.3627762792383,Trump
45023,Chester County,SC,South Carolina,9030,6353,173,15556,58.048341475957834,40.83954744150167,17.208794034456158,Trump
45025,Chesterfield County,SC,South Carolina,11682,6520,189,18391,63.52020009787396,35.45212332118971,28.068076776684247,Trump
45027,Clarendon County,SC,South Carolina,9065,7064,191,16320,55.545343137254896,43.2843137254902,12.261029411764705,Trump
45029,Colleton County,SC,South Carolina,10696,7376,204,18276,58.524841321952294,40.3589406872401,18.16590063471219,Trump
45031,Darlington County,SC,South Carolina,17017,12977,337,30331,56.10431571659359,42.78460980514985,13.319705911443739,Trump
45033,Dillon County,SC,South Carolina,6526,5241,94,11861,55.0206559312031,44.186830789983986,10.83382514121912,Trump
45035,Dorchester County,SC,South Carolina,43839,32489,1436,77764,56.374414896353066,41.778972275088734,14.595442621264338,Trump
45037,Edgefield County,SC,South Carolina,9092,4659,168,13919,65.32078453911919,33.472232200589126,31.848552338530066,Trump
45039,Fairfield County,SC,South Carolina,4792,6277,146,11215,42.72848863129737,55.96968345965225,-13.241194828354882,Harris
45041,Florence County,SC,South Carolina,32615,27706,819,61140,53.3447824664704,45.31566895649329,8.029113509977101,Trump
45043,Georgetown County,SC,South Carolina,22326,14965,463,37754,59.13545584573821,39.638184033479895,19.497271812258305,Trump
45045,Greenville County,SC,South Carolina,158541,100074,4701,263316,60.2094061887618,38.00528642391651,22.20411976484528,Trump
45047,Greenwood County,SC,South Carolina,19715,10766,407,30888,63.82737632737633,34.85495985495986,28.972416472416473,Trump
45049,Hampton County,SC,South Carolina,3801,4328,104,8233,46.16786104700596,52.568929916190946,-6.4010688691849875,Harris
45051,Horry County,SC,South Carolina,141719,62325,1910,205954,68.8109966303155,30.26161181623081,38.549384814084696,Trump
45053,Jasper County,SC,South Carolina,9900,8144,183,18227,54.315027157513576,44.68096779502935,9.634059362484226,Trump
45055,Kershaw County,SC,South Carolina,21289,11826,418,33533,63.48671457966779,35.26675215459398,28.21996242507381,Trump
45057,Lancaster County,SC,South Carolina,33623,20146,658,54427,61.776324250831394,37.01471696033219,24.761607290499203,Trump
45059,Laurens County,SC,South Carolina,21110,8769,334,30213,69.87058550954886,29.023930096316153,40.84665541323271,Trump
45061,Lee County,SC,South Carolina,3078,4505,493,8076,38.11292719167905,55.7825656265478,-17.669638434868748,Harris
45063,Lexington County,SC,South Carolina,96965,47815,2123,146903,66.00614010605638,32.548688590430416,33.457451515625955,Trump
45067,Marion County,SC,South Carolina,4896,5137,119,10152,48.226950354609926,50.60086682427109,-2.3739164696611503,Harris
45069,Marlboro County,SC,South Carolina,3565,2513,75,6153,57.939216642288315,40.84186575654152,17.09735088574679,Trump
45065,McCormick County,SC,South Carolina,5906,7316,166,13388,44.1141320585599,54.64595159844637,-10.531819539886465,Harris
45071,Newberry County,SC,South Carolina,12067,5841,221,18129,66.56186220971924,32.219096475260635,34.3427657344586,Trump
45073,Oconee County,SC,South Carolina,31772,9987,505,42264,75.1750899110354,23.630039750141965,51.54505016089344,Trump
45075,Orangeburg County,SC,South Carolina,13750,22832,388,36970,37.192318095753315,61.758182309981066,-24.565864214227755,Harris
45077,Pickens County,SC,South Carolina,45728,13891,832,60451,75.64473705976742,22.978941622140244,52.665795437627175,Trump
45079,Richland County,SC,South Carolina,58019,121110,3282,182411,31.806744110826653,66.39402229032241,-34.587278179495755,Harris
45081,Saluda County,SC,South Carolina,6452,2454,108,9014,71.57754603949412,27.224317727978697,44.353228311515416,Trump
45083,Spartanburg County,SC,South Carolina,103032,50710,1855,155597,66.21721498486475,32.59060264658059,33.626612338284154,Trump
45085,Sumter County,SC,South Carolina,21215,23425,530,45170,46.967013504538414,51.85964135488156,-4.892627850343148,Harris
45087,Union County,SC,South Carolina,8102,4084,103,12289,65.92887948571894,33.23297257710147,32.69590690861746,Trump
45089,Williamsburg County,SC,South Carolina,5524,8634,172,14330,38.54849965108165,60.25122121423587,-21.702721563154224,Harris
45091,York County,SC,South Carolina,88239,59600,2220,150059,58.80287087079083,39.717711033660095,19.08515983713073,Trump
46003,Aurora County,SD,South Dakota,1056,302,35,1393,75.80760947595118,21.679827709978465,54.12778176597271,Trump
46005,Beadle County,SD,South Dakota,4826,2017,167,7010,68.84450784593437,28.77318116975749,40.07132667617689,Trump
46007,Bennett County,SD,South Dakota,676,389,23,1088,62.13235294117647,35.75367647058824,26.378676470588236,Trump
46009,Bon Homme County,SD,South Dakota,2236,697,59,2992,74.73262032085562,23.295454545454543,51.43716577540107,Trump
46011,Brookings County,SD,South Dakota,8575,5978,386,14939,57.40009371443872,40.016065332351566,17.384028382087156,Trump
46013,Brown County,SD,South Dakota,10645,6075,323,17043,62.45966085783019,35.64513289913748,26.814527958692718,Trump
46015,Brule County,SD,South Dakota,1694,666,63,2423,69.91333058192323,27.48658687577383,42.4267437061494,Trump
46017,Buffalo County,SD,South Dakota,164,291,11,466,35.1931330472103,62.44635193133047,-27.253218884120173,Harris
46019,Butte County,SD,South Dakota,4024,942,116,5082,79.18142463597009,18.536009445100355,60.645415190869734,Trump
46021,Campbell County,SD,South Dakota,706,120,10,836,84.44976076555024,14.354066985645932,70.09569377990431,Trump
46023,Charles Mix County,SD,South Dakota,2551,1000,64,3615,70.56708160442601,27.662517289073307,42.904564315352694,Trump
46025,Clark County,SD,South Dakota,1382,415,45,1842,75.0271444082519,22.52985884907709,52.49728555917481,Trump
46027,Clay County,SD,South Dakota,2574,2944,139,5657,45.501149018914624,52.04171822520771,-6.540569206293088,Harris
46029,Codington County,SD,South Dakota,9349,3840,321,13510,69.20059215396003,28.423390081421168,40.77720207253886,Trump
46031,Corson County,SD,South Dakota,631,495,17,1143,55.20559930008749,43.30708661417323,11.89851268591426,Trump
46033,Custer County,SD,South Dakota,4313,1567,121,6001,71.87135477420429,26.112314614230964,45.75904015997334,Trump
46035,Davison County,SD,South Dakota,6208,2743,226,9177,67.64737931785987,29.889942246921652,37.75743707093822,Trump
46037,Day County,SD,South Dakota,1876,1000,56,2932,63.98362892223738,34.106412005457024,29.877216916780352,Trump
46039,Deuel County,SD,South Dakota,1717,528,53,2298,74.7171453437772,22.97650130548303,51.74064403829417,Trump
46041,Dewey County,SD,South Dakota,793,1032,46,1871,42.383752004275784,55.15766969535007,-12.77391769107429,Harris
46043,Douglas County,SD,South Dakota,1419,219,20,1658,85.58504221954162,13.208685162846804,72.37635705669481,Trump
46045,Edmunds County,SD,South Dakota,1618,384,29,2031,79.66518956179222,18.906942392909897,60.75824716888233,Trump
46047,Fall River County,SD,South Dakota,3135,1030,109,4274,73.35049134300421,24.099204492278893,49.251286850725315,Trump
46049,Faulk County,SD,South Dakota,920,183,27,1130,81.41592920353983,16.194690265486724,65.22123893805309,Trump
46051,Grant County,SD,South Dakota,2594,946,90,3630,71.46005509641873,26.060606060606062,45.39944903581267,Trump
46053,Gregory County,SD,South Dakota,1790,426,51,2267,78.95897662108513,18.79135421261579,60.16762240846935,Trump
46055,Haakon County,SD,South Dakota,1004,105,16,1125,89.24444444444445,9.333333333333334,79.91111111111111,Trump
46057,Hamlin County,SD,South Dakota,2560,610,56,3226,79.35523868567887,18.908865468071916,60.44637321760694,Trump
46059,Hand County,SD,South Dakota,1376,365,23,1764,78.00453514739229,20.691609977324262,57.31292517006803,Trump
46061,Hanson County,SD,South Dakota,1611,399,36,2046,78.73900293255132,19.501466275659823,59.2375366568915,Trump
46063,Harding County,SD,South Dakota,754,48,18,820,91.95121951219512,5.853658536585367,86.09756097560975,Trump
46065,Hughes County,SD,South Dakota,5379,2838,218,8435,63.77000592768227,33.64552459988145,30.12448132780083,Trump
46067,Hutchinson County,SD,South Dakota,2918,755,63,3736,78.1049250535332,20.20877944325482,57.896145610278374,Trump
46069,Hyde County,SD,South Dakota,530,148,17,695,76.2589928057554,21.294964028776977,54.96402877697841,Trump
46071,Jackson County,SD,South Dakota,753,357,19,1129,66.69619131975199,31.620903454384415,35.075287865367585,Trump
46073,Jerauld County,SD,South Dakota,708,276,15,999,70.87087087087087,27.627627627627625,43.24324324324324,Trump
46075,Jones County,SD,South Dakota,477,60,13,550,86.72727272727273,10.909090909090908,75.81818181818181,Trump
46077,Kingsbury County,SD,South Dakota,1989,760,52,2801,71.01035344519815,27.13316672616923,43.87718671902891,Trump
46079,Lake County,SD,South Dakota,3819,1978,109,5906,64.66305452082628,33.49136471385032,31.171689806975955,Trump
46081,Lawrence County,SD,South Dakota,9904,5074,431,15409,64.27412551106497,32.928807839574276,31.345317671490687,Trump
46083,Lincoln County,SD,South Dakota,22621,12981,791,36393,62.157557772099025,35.668947325035035,26.488610447063998,Trump
46085,Lyman County,SD,South Dakota,993,422,32,1447,68.6247408431237,29.163787145818937,39.46095369730477,Trump
46091,Marshall County,SD,South Dakota,1288,782,39,2109,61.07159791370318,37.0791844476055,23.992413466097677,Trump
46087,McCook County,SD,South Dakota,2227,733,71,3031,73.47410095677994,24.18343780930386,49.29066314747608,Trump
46089,McPherson County,SD,South Dakota,1087,188,24,1299,83.67975365665897,14.47267128560431,69.20708237105467,Trump
46093,Meade County,SD,South Dakota,10887,3421,364,14672,74.20256270447109,23.316521264994545,50.88604143947656,Trump
46095,Mellette County,SD,South Dakota,434,285,21,740,58.648648648648646,38.513513513513516,20.135135135135133,Trump
46097,Miner County,SD,South Dakota,841,293,33,1167,72.06512425021423,25.107112253641816,46.95801199657241,Trump
46099,Minnehaha County,SD,South Dakota,51842,39923,2221,93986,55.15927904155939,42.477603047262356,12.681675994297024,Trump
46101,Moody County,SD,South Dakota,2068,1052,69,3189,64.84791470680464,32.988397616807774,31.859517089996864,Trump
46102,Oglala Lakota County,SD,South Dakota,406,2567,89,3062,13.25930764206401,83.83409536250817,-70.57478772044415,Harris
46103,Pennington County,SD,South Dakota,35009,20051,1520,56580,61.87522092612231,35.438317426652524,26.43690349946978,Trump
46105,Perkins County,SD,South Dakota,1342,228,21,1591,84.34946574481458,14.33060967944689,70.0188560653677,Trump
46107,Potter County,SD,South Dakota,1059,214,25,1298,81.58705701078583,16.486902927580893,65.10015408320493,Trump
46109,Roberts County,SD,South Dakota,2514,1560,75,4149,60.59291395516993,37.59942154736081,22.99349240780911,Trump
46111,Sanborn County,SD,South Dakota,929,259,24,1212,76.65016501650165,21.36963696369637,55.28052805280528,Trump
46115,Spink County,SD,South Dakota,2145,921,73,3139,68.33386428798981,29.340554316661354,38.99330997132845,Trump
46117,Stanley County,SD,South Dakota,1260,447,28,1735,72.62247838616715,25.763688760806918,46.85878962536023,Trump
46119,Sully County,SD,South Dakota,716,168,17,901,79.46725860155382,18.64594894561598,60.82130965593785,Trump
46121,Todd County,SD,South Dakota,497,1570,59,2126,23.377234242709314,73.84760112888053,-50.47036688617121,Harris
46123,Tripp County,SD,South Dakota,2150,470,34,2654,81.00979653353428,17.709118311981914,63.300678221552374,Trump
46125,Turner County,SD,South Dakota,3374,1044,120,4538,74.3499338915822,23.005729396209784,51.344204495372416,Trump
46127,Union County,SD,South Dakota,6160,2548,168,8876,69.4006309148265,28.706624605678233,40.694006309148264,Trump
46129,Walworth County,SD,South Dakota,1940,481,45,2466,78.6699107866991,19.505271695052716,59.164639091646386,Trump
46135,Yankton County,SD,South Dakota,6650,3883,299,10832,61.39217134416543,35.84748892171344,25.54468242245199,Trump
46137,Ziebach County,SD,South Dakota,388,366,27,781,49.67989756722151,46.86299615877081,2.8169014084507045,Trump
47001,Anderson County,TN,Tennessee,24582,11525,441,36548,67.25949436357666,31.533873262558824,35.72562110101784,Trump
47003,Bedford County,TN,Tennessee,15772,4122,196,20090,78.50671976107516,20.517670482827278,57.98904927824788,Trump
47005,Benton County,TN,Tennessee,5886,1317,57,7260,81.07438016528926,18.140495867768593,62.933884297520656,Trump
47007,Bledsoe County,TN,Tennessee,5254,891,46,6191,84.86512679696332,14.391859150379583,70.47326764658375,Trump
47009,Blount County,TN,Tennessee,50699,17664,861,69224,73.23905004044839,25.517161678030742,47.72188836241766,Trump
47011,Bradley County,TN,Tennessee,38836,9852,558,49246,78.86122730780166,20.005685740973885,58.85554156682776,Trump
47013,Campbell County,TN,Tennessee,13115,2305,108,15528,84.46032972694488,14.844152498712004,69.61617722823287,Trump
47015,Cannon County,TN,Tennessee,5682,1132,67,6881,82.57520709199244,16.451097224240662,66.12410986775178,Trump
47017,Carroll County,TN,Tennessee,9547,2233,102,11882,80.34842619087695,18.793132469281264,61.555293721595696,Trump
47019,Carter County,TN,Tennessee,20167,4454,231,24852,81.14839851923387,17.922098825044262,63.226299694189606,Trump
47021,Cheatham County,TN,Tennessee,14987,5464,290,20741,72.25784677691529,26.343956414830526,45.91389036208476,Trump
47023,Chester County,TN,Tennessee,6206,1286,85,7577,81.90576745413752,16.972416523690114,64.9333509304474,Trump
47025,Claiborne County,TN,Tennessee,11463,1971,100,13534,84.69779813802276,14.563322003842174,70.13447613418057,Trump
47027,Clay County,TN,Tennessee,3117,614,29,3760,82.89893617021276,16.329787234042552,66.56914893617021,Trump
47029,Cocke County,TN,Tennessee,13105,2415,143,15663,83.66851816382558,15.418502202643172,68.25001596118241,Trump
47031,Coffee County,TN,Tennessee,19174,5440,318,24932,76.90518209529922,21.81934862826889,55.08583346703032,Trump
47033,Crockett County,TN,Tennessee,4674,1196,51,5921,78.93936834994089,20.199290660361424,58.740077689579465,Trump
47035,Cumberland County,TN,Tennessee,27399,6996,247,34642,79.09185381906356,20.195138848796258,58.896714970267304,Trump
47037,Davidson County,TN,Tennessee,102256,181862,5918,290036,35.25631300941952,62.703250630956155,-27.446937621536637,Harris
47041,DeKalb County,TN,Tennessee,7599,1706,91,9396,80.87484035759897,18.156662409535972,62.718177948063,Trump
47039,Decatur County,TN,Tennessee,4596,819,51,5466,84.08342480790341,14.983534577387486,69.09989023051591,Trump
47043,Dickson County,TN,Tennessee,19002,5913,289,25204,75.39279479447707,23.46056181558483,51.93223297889224,Trump
47045,Dyer County,TN,Tennessee,11603,2707,84,14394,80.60997637904683,18.806447130748925,61.803529248297906,Trump
47047,Fayette County,TN,Tennessee,16756,6720,220,23696,70.71235651586765,28.359216745442268,42.35313977042539,Trump
47049,Fentress County,TN,Tennessee,8555,1149,67,9771,87.55500972264866,11.759287688056494,75.79572203459216,Trump
47051,Franklin County,TN,Tennessee,15016,4529,183,19728,76.11516626115167,22.95721816707218,53.15794809407948,Trump
47053,Gibson County,TN,Tennessee,16346,5100,202,21648,75.50813008130082,23.558758314855876,51.94937176644494,Trump
47055,Giles County,TN,Tennessee,10394,2974,119,13487,77.06680507155038,22.05086379476533,55.01594127678505,Trump
47057,Grainger County,TN,Tennessee,9630,1432,68,11130,86.52291105121293,12.866127583108716,73.65678346810422,Trump
47059,Greene County,TN,Tennessee,25586,5145,364,31095,82.28332529345555,16.546068499758803,65.73725679369674,Trump
47061,Grundy County,TN,Tennessee,5334,948,46,6328,84.2920353982301,14.98103666245259,69.3109987357775,Trump
47063,Hamblen County,TN,Tennessee,20154,5132,215,25501,79.03219481588958,20.124700992117955,58.90749382377162,Trump
47065,Hamilton County,TN,Tennessee,97195,74437,2806,174438,55.71893738749585,42.67246815487451,13.046469232621332,Trump
47067,Hancock County,TN,Tennessee,2558,334,16,2908,87.96423658872077,11.485557083906466,76.47867950481431,Trump
47069,Hardeman County,TN,Tennessee,5793,3527,79,9399,61.63421640600064,37.5252686456006,24.108947760400042,Trump
47071,Hardin County,TN,Tennessee,10293,1704,97,12094,85.10831817430132,14.0896312220936,71.01868695220772,Trump
47073,Hawkins County,TN,Tennessee,22066,3987,213,26266,84.00974644026498,15.179319272062743,68.83042716820223,Trump
47075,Haywood County,TN,Tennessee,3286,3311,55,6652,49.398677089597115,49.774503908598916,-0.375826819001804,Harris
47077,Henderson County,TN,Tennessee,10083,1902,62,12047,83.69718602141613,15.788163028139786,67.90902299327634,Trump
47079,Henry County,TN,Tennessee,11629,3286,161,15076,77.13584505173786,21.796232422393206,55.33961262934466,Trump
47081,Hickman County,TN,Tennessee,8265,1968,76,10309,80.17266466194587,19.090115433116694,61.08254922882917,Trump
47083,Houston County,TN,Tennessee,2989,773,48,3810,78.4514435695538,20.288713910761157,58.16272965879266,Trump
47085,Humphreys County,TN,Tennessee,6400,1767,97,8264,77.44433688286544,21.38189738625363,56.062439496611816,Trump
47087,Jackson County,TN,Tennessee,4586,1040,50,5676,80.79633544749824,18.32276250880902,62.473572938689216,Trump
47089,Jefferson County,TN,Tennessee,21068,4503,244,25815,81.61146620182065,17.443346891342244,64.1681193104784,Trump
47091,Johnson County,TN,Tennessee,6829,1212,61,8102,84.28783016539127,14.959269316218219,69.32856084917304,Trump
47093,Knox County,TN,Tennessee,130815,87516,3533,221864,58.961796415822306,39.44578660801212,19.51600980781019,Trump
47095,Lake County,TN,Tennessee,1493,429,17,1939,76.99845281072719,22.124806601340897,54.87364620938629,Trump
47097,Lauderdale County,TN,Tennessee,5633,2571,62,8266,68.14662472780063,31.10331478345028,37.04330994435035,Trump
47099,Lawrence County,TN,Tennessee,16429,2939,165,19533,84.10894383863206,15.046331848666359,69.06261198996569,Trump
47101,Lewis County,TN,Tennessee,4852,991,47,5890,82.37691001697793,16.825127334465193,65.55178268251274,Trump
47103,Lincoln County,TN,Tennessee,13208,2782,138,16128,81.89484126984127,17.24950396825397,64.6453373015873,Trump
47105,Loudon County,TN,Tennessee,25226,7625,358,33209,75.96133578246861,22.960643199132765,53.00069258333584,Trump
47111,Macon County,TN,Tennessee,8958,1277,98,10333,86.69311913287525,12.358463176231492,74.33465595664376,Trump
47113,Madison County,TN,Tennessee,23385,16115,464,39964,58.515163647282556,40.32379141227104,18.19137223501151,Trump
47115,Marion County,TN,Tennessee,10788,3026,119,13933,77.42768965764732,21.718222923993398,55.70946673365391,Trump
47117,Marshall County,TN,Tennessee,12426,3390,146,15962,77.84738754542037,21.23794010775592,56.60944743766445,Trump
47119,Maury County,TN,Tennessee,37376,14145,569,52090,71.75273564983682,27.15492416970628,44.597811480130545,Trump
47107,McMinn County,TN,Tennessee,19673,4207,192,24072,81.7256563642406,17.476736457294784,64.24891990694583,Trump
47109,McNairy County,TN,Tennessee,9437,1727,103,11267,83.75787698588799,15.327948877252151,68.42992810863583,Trump
47121,Meigs County,TN,Tennessee,5085,968,46,6099,83.37432365961634,15.871454336776521,67.50286932283981,Trump
47123,Monroe County,TN,Tennessee,18526,3608,189,22323,82.99063745912288,16.162702145768936,66.82793531335393,Trump
47125,Montgomery County,TN,Tennessee,47795,32736,1224,81755,58.461256192281816,40.04158767047887,18.419668521802947,Trump
47127,Moore County,TN,Tennessee,3060,542,52,3654,83.74384236453201,14.833059660645867,68.91078270388616,Trump
47129,Morgan County,TN,Tennessee,7427,1054,79,8560,86.76401869158879,12.313084112149534,74.45093457943925,Trump
47131,Obion County,TN,Tennessee,10596,2221,83,12900,82.13953488372093,17.217054263565892,64.92248062015504,Trump
47133,Overton County,TN,Tennessee,9042,1931,96,11069,81.68759598879754,17.445116993405005,64.24247899539253,Trump
47135,Perry County,TN,Tennessee,3139,558,19,3716,84.47255113024758,15.016146393972013,69.45640473627557,Trump
47137,Pickett County,TN,Tennessee,2441,487,26,2954,82.63371699390657,16.486120514556536,66.14759647935003,Trump
47139,Polk County,TN,Tennessee,7302,1356,69,8727,83.67136473014781,15.537985562048814,68.13337916809901,Trump
47141,Putnam County,TN,Tennessee,25554,8991,394,34939,73.13889922436246,25.73342110535505,47.40547811900741,Trump
47143,Rhea County,TN,Tennessee,11974,2312,158,14444,82.899473829964,16.00664635834949,66.89282747161451,Trump
47145,Roane County,TN,Tennessee,21011,6073,328,27412,76.64891288486794,22.15453086239603,54.49438202247191,Trump
47147,Robertson County,TN,Tennessee,26260,8428,382,35070,74.8788138009695,24.031936127744512,50.84687767322498,Trump
47149,Rutherford County,TN,Tennessee,88811,56656,2189,147656,60.14723411171913,38.37026602373083,21.776968087988298,Trump
47151,Scott County,TN,Tennessee,8608,942,55,9605,89.61998958875586,9.80739198334201,79.81259760541384,Trump
47153,Sequatchie County,TN,Tennessee,6522,1292,76,7890,82.66159695817491,16.375158428390368,66.28643852978455,Trump
47155,Sevier County,TN,Tennessee,35207,8322,441,43970,80.0705026154196,18.926540823288608,61.143961792130995,Trump
47157,Shelby County,TN,Tennessee,118917,201759,5821,326497,36.422080447906104,61.79505477845125,-25.37297433054515,Harris
47159,Smith County,TN,Tennessee,7655,1595,86,9336,81.99443016281063,17.084404455869752,64.91002570694087,Trump
47161,Stewart County,TN,Tennessee,5389,1160,71,6620,81.404833836858,17.522658610271904,63.8821752265861,Trump
47163,Sullivan County,TN,Tennessee,58154,16624,763,75541,76.98336002965277,22.006592446486014,54.976767583166755,Trump
47165,Sumner County,TN,Tennessee,68767,27874,1120,97761,70.34195640388295,28.51239246734383,41.82956393653911,Trump
47167,Tipton County,TN,Tennessee,20303,6178,252,26733,75.94733101410242,23.11001384057158,52.83731717353084,Trump
47169,Trousdale County,TN,Tennessee,3359,856,36,4251,79.01670195248177,20.13643848506234,58.88026346741944,Trump
47171,Unicoi County,TN,Tennessee,6876,1578,87,8541,80.50579557428873,18.475588338602037,62.03020723568669,Trump
47173,Union County,TN,Tennessee,7384,1216,69,8669,85.17706771253893,14.026992732725803,71.15007497981313,Trump
47175,Van Buren County,TN,Tennessee,2718,524,23,3265,83.24655436447166,16.049004594180705,67.19754977029096,Trump
47177,Warren County,TN,Tennessee,13192,3647,176,17015,77.53158977372905,21.434028798119307,56.09756097560976,Trump
47179,Washington County,TN,Tennessee,42299,18131,804,61234,69.07763660711369,29.609367344939088,39.46826926217461,Trump
47181,Wayne County,TN,Tennessee,6016,762,53,6831,88.06909676474893,11.155028546332895,76.91406821841605,Trump
47183,Weakley County,TN,Tennessee,10541,2725,128,13394,78.6994176496939,20.34493056592504,58.354487083768845,Trump
47185,White County,TN,Tennessee,10717,2105,109,12931,82.87835434227824,16.278710076560206,66.59964426571804,Trump
47187,Williamson County,TN,Tennessee,94562,47695,2411,144668,65.36483534713966,32.96859015124284,32.39624519589681,Trump
47189,Wilson County,TN,Tennessee,56425,23855,974,81254,69.44273512688606,29.358554655770792,40.08418047111527,Trump
48001,Anderson County,TX,Texas,15597,3635,126,19358,80.5713400144643,18.7777662981713,61.793573716293004,Trump
48003,Andrews County,TX,Texas,5205,806,49,6060,85.89108910891089,13.300330033003299,72.5907590759076,Trump
48005,Angelina County,TX,Texas,26049,8146,227,34422,75.67544012550114,23.66509790250421,52.01034222299692,Trump
48007,Aransas County,TX,Texas,10090,2831,110,13031,77.4307420765866,21.725117028624048,55.70562504796255,Trump
48009,Archer County,TX,Texas,4592,520,20,5132,89.47778643803585,10.132501948558067,79.34528448947779,Trump
48011,Armstrong County,TX,Texas,1029,77,3,1109,92.7862939585212,6.943192064923355,85.84310189359783,Trump
48013,Atascosa County,TX,Texas,13142,5153,149,18444,71.25352418130558,27.938625027109087,43.31489915419648,Trump
48015,Austin County,TX,Texas,12457,2816,110,15383,80.97900279529351,18.30592212182279,62.673080673470714,Trump
48017,Bailey County,TX,Texas,1395,332,14,1741,80.12636415852958,19.069500287191268,61.05686387133831,Trump
48019,Bandera County,TX,Texas,10939,2532,129,13600,80.43382352941177,18.61764705882353,61.81617647058823,Trump
48021,Bastrop County,TX,Texas,23301,15989,516,39806,58.5364015475054,40.16731146058383,18.36909008692157,Trump
48023,Baylor County,TX,Texas,1471,184,20,1675,87.82089552238807,10.985074626865671,76.83582089552239,Trump
48025,Bee County,TX,Texas,6111,2606,73,8790,69.5221843003413,29.647326507394766,39.87485779294653,Trump
48027,Bell County,TX,Texas,75161,53973,1528,130662,57.52322787038313,41.30734260917482,16.215885261208307,Trump
48029,Bexar County,TX,Texas,337545,411389,9389,758323,44.51203510904983,54.24983812966243,-9.737803020612589,Harris
48031,Blanco County,TX,Texas,6447,1973,103,8523,75.6423794438578,23.14912589463804,52.49325354921975,Trump
48033,Borden County,TX,Texas,370,16,1,387,95.60723514211887,4.1343669250646,91.47286821705426,Trump
48035,Bosque County,TX,Texas,7969,1524,83,9576,83.21846282372599,15.914786967418545,67.30367585630744,Trump
48037,Bowie County,TX,Texas,27122,9282,240,36644,74.01484554087982,25.330204126187095,48.68464141469272,Trump
48039,Brazoria County,TX,Texas,95867,63976,2203,162046,59.16036187255471,39.480147612406356,19.680214260148354,Trump
48041,Brazos County,TX,Texas,56671,33844,1446,91961,61.62503670034036,36.80255760594165,24.822479094398712,Trump
48043,Brewster County,TX,Texas,2545,1969,64,4578,55.591961555264305,43.01004805591961,12.58191349934469,Trump
48045,Briscoe County,TX,Texas,666,72,7,745,89.39597315436242,9.664429530201343,79.73154362416108,Trump
48047,Brooks County,TX,Texas,1077,1308,17,2402,44.8376353039134,54.45462114904246,-9.616985845129058,Harris
48049,Brown County,TX,Texas,14593,2132,128,16853,86.58992464249688,12.650566664688778,73.9393579778081,Trump
48051,Burleson County,TX,Texas,7590,1705,74,9369,81.01184758245277,18.19831358736258,62.81353399509019,Trump
48053,Burnet County,TX,Texas,21795,6114,244,28153,77.41626114446063,21.717046140731007,55.69921500372962,Trump
48055,Caldwell County,TX,Texas,8880,6618,195,15693,56.58573886446187,42.171668896960426,14.414069967501433,Trump
48057,Calhoun County,TX,Texas,5939,1853,40,7832,75.82992849846782,23.65934627170582,52.170582226761994,Trump
48059,Callahan County,TX,Texas,6180,761,47,6988,88.43732112192329,10.890097309673727,77.54722381224957,Trump
48061,Cameron County,TX,Texas,60991,54258,904,116153,52.50919046430139,46.71252572038605,5.796664743915353,Trump
48063,Camp County,TX,Texas,4011,1201,30,5242,76.51659671880961,22.911102632582985,53.605494086226635,Trump
48065,Carson County,TX,Texas,2866,290,21,3177,90.21089077746302,9.128108278249922,81.0827824992131,Trump
48067,Cass County,TX,Texas,11693,2406,44,14143,82.67694265714488,17.011949374248744,65.66499328289613,Trump
48069,Castro County,TX,Texas,1594,418,11,2023,78.79387048937222,20.662382600098862,58.13148788927336,Trump
48071,Chambers County,TX,Texas,20567,4192,214,24973,82.35694550114123,16.786129019340887,65.57081648180034,Trump
48073,Cherokee County,TX,Texas,16593,3744,170,20507,80.91383430048276,18.25718047495977,62.65665382552299,Trump
48075,Childress County,TX,Texas,1991,263,18,2272,87.63204225352112,11.575704225352112,76.05633802816901,Trump
48077,Clay County,TX,Texas,5288,584,36,5908,89.5057549085985,9.88490182802979,79.62085308056872,Trump
48079,Cochran County,TX,Texas,735,148,10,893,82.30683090705487,16.573348264277715,65.73348264277715,Trump
48081,Coke County,TX,Texas,1623,179,12,1814,89.47078280044101,9.867695700110254,79.60308710033075,Trump
48083,Coleman County,TX,Texas,3712,428,16,4156,89.31665062560154,10.298363811357074,79.01828681424446,Trump
48085,Collin County,TX,Texas,279534,222115,13936,515585,54.21686045947807,43.08019046326018,11.136669996217888,Trump
48087,Collingsworth County,TX,Texas,1066,135,0,1201,88.759367194005,11.240632805995004,77.51873438800999,Trump
48089,Colorado County,TX,Texas,7824,2108,62,9994,78.28697218330998,21.092655593356014,57.19431658995398,Trump
48091,Comal County,TX,Texas,74756,27680,1055,103491,72.23430056719909,26.746287116754115,45.48801345044497,Trump
48093,Comanche County,TX,Texas,5679,834,31,6544,86.78178484107579,12.744498777506113,74.03728606356968,Trump
48095,Concho County,TX,Texas,1038,153,7,1198,86.64440734557596,12.771285475792988,73.87312186978298,Trump
48097,Cooke County,TX,Texas,16975,3310,162,20447,83.01951386511469,16.188193867070964,66.83131999804372,Trump
48099,Coryell County,TX,Texas,16688,6959,279,23926,69.74839087185488,29.08551366714035,40.66287720471454,Trump
48101,Cottle County,TX,Texas,565,89,3,657,85.99695585996956,13.54642313546423,72.45053272450532,Trump
48103,Crane County,TX,Texas,1195,186,8,1389,86.03311735061196,13.390928725701945,72.64218862491,Trump
48105,Crockett County,TX,Texas,1087,323,7,1417,76.71136203246294,22.794636556104447,53.91672547635851,Trump
48107,Crosby County,TX,Texas,1416,451,13,1880,75.31914893617021,23.98936170212766,51.329787234042556,Trump
48109,Culberson County,TX,Texas,451,319,11,781,57.74647887323944,40.845070422535215,16.901408450704224,Trump
48111,Dallam County,TX,Texas,1285,152,10,1447,88.80442294402211,10.50449205252246,78.29993089149966,Trump
48113,Dallas County,TX,Texas,322569,511118,16185,849872,37.95500969557769,60.140585876461394,-22.18557618088371,Harris
48115,Dawson County,TX,Texas,2810,667,36,3513,79.98861372046684,18.986621121548534,61.00199259891831,Trump
48123,DeWitt County,TX,Texas,6515,1270,40,7825,83.25878594249201,16.23003194888179,67.02875399361022,Trump
48117,Deaf Smith County,TX,Texas,3233,1019,34,4286,75.43163789080728,23.775081661222586,51.656556229584695,Trump
48119,Delta County,TX,Texas,2250,397,11,2658,84.65011286681715,14.93604213694507,69.71407072987208,Trump
48121,Denton County,TX,Texas,250521,191503,7164,449188,55.771970756119934,42.63315137537067,13.138819380749265,Trump
48125,Dickens County,TX,Texas,844,146,3,993,84.99496475327291,14.70292044310171,70.29204431017119,Trump
48127,Dimmit County,TX,Texas,1653,1765,9,3427,48.23460752845054,51.50277210388094,-3.268164575430406,Harris
48129,Donley County,TX,Texas,1512,174,26,1712,88.3177570093458,10.163551401869158,78.15420560747664,Trump
48131,Duval County,TX,Texas,2439,2003,19,4461,54.67383994620041,44.90024658148397,9.773593364716431,Trump
48133,Eastland County,TX,Texas,7397,918,49,8364,88.43854615016738,10.975609756097562,77.46293639406983,Trump
48135,Ector County,TX,Texas,32429,9881,305,42615,76.09761820955063,23.186671359849818,52.910946849700814,Trump
48137,Edwards County,TX,Texas,869,133,3,1005,86.46766169154229,13.233830845771145,73.23383084577114,Trump
48141,El Paso County,TX,Texas,105124,143156,3289,251569,41.787342637606386,56.90526257209751,-15.117919934491134,Harris
48139,Ellis County,TX,Texas,64763,33850,944,99557,65.05117671283787,34.00062275882158,31.05055395401629,Trump
48143,Erath County,TX,Texas,15349,2871,131,18351,83.64121846220914,15.644923982344286,67.99629447986486,Trump
48145,Falls County,TX,Texas,4520,1713,44,6277,72.00892145929583,27.290106738888003,44.71881472040784,Trump
48147,Fannin County,TX,Texas,13648,2607,140,16395,83.24489173528514,15.901189387008236,67.3437023482769,Trump
48149,Fayette County,TX,Texas,10699,2515,117,13331,80.25654489535668,18.865801515265172,61.390743380091514,Trump
48151,Fisher County,TX,Texas,1487,330,13,1830,81.2568306010929,18.0327868852459,63.22404371584699,Trump
48153,Floyd County,TX,Texas,1715,358,17,2090,82.05741626794259,17.129186602870814,64.92822966507177,Trump
48155,Foard County,TX,Texas,448,92,5,545,82.20183486238533,16.88073394495413,65.3211009174312,Trump
48157,Fort Bend County,TX,Texas,173592,179310,9622,362524,47.884278006421646,49.4615528902914,-1.5772748838697577,Harris
48159,Franklin County,TX,Texas,4473,813,25,5311,84.22142722651101,15.30785162869516,68.91357559781585,Trump
48161,Freestone County,TX,Texas,7500,1499,46,9045,82.91873963515755,16.572692095080154,66.3460475400774,Trump
48163,Frio County,TX,Texas,3060,1848,37,4945,61.880687563195146,37.371081900910006,24.509605662285136,Trump
48165,Gaines County,TX,Texas,5840,538,38,6416,91.02244389027432,8.385286783042394,82.63715710723191,Trump
48167,Galveston County,TX,Texas,100295,56732,1969,158996,63.080203275554105,35.68140078995698,27.398802485597123,Trump
48169,Garza County,TX,Texas,1374,213,12,1599,85.92870544090057,13.320825515947469,72.6078799249531,Trump
48171,Gillespie County,TX,Texas,13202,3160,130,16492,80.05093378607809,19.160805238903713,60.890128547174385,Trump
48173,Glasscock County,TX,Texas,623,38,2,663,93.96681749622925,5.731523378582202,88.23529411764706,Trump
48175,Goliad County,TX,Texas,3178,778,31,3987,79.70905442688738,19.513418610484074,60.19563581640332,Trump
48177,Gonzales County,TX,Texas,5981,1729,45,7755,77.1244358478401,22.295293359123146,54.829142488716954,Trump
48179,Gray County,TX,Texas,6691,845,44,7580,88.27176781002638,11.147757255936677,77.12401055408971,Trump
48181,Grayson County,TX,Texas,50556,14800,559,65915,76.69877873018281,22.453159371918378,54.24561935826443,Trump
48183,Gregg County,TX,Texas,33026,13294,418,46738,70.66198810389834,28.443664683983055,42.21832341991527,Trump
48185,Grimes County,TX,Texas,11197,2734,120,14051,79.68827841434774,19.457689844139207,60.23058857020852,Trump
48187,Guadalupe County,TX,Texas,54691,29573,872,85136,64.23956962976885,34.736186806991164,29.503382822777674,Trump
48189,Hale County,TX,Texas,7283,1903,99,9285,78.43834141087775,20.495422724824984,57.94291868605277,Trump
48191,Hall County,TX,Texas,992,149,8,1149,86.33594429939077,12.967798085291557,73.36814621409921,Trump
48193,Hamilton County,TX,Texas,3809,625,31,4465,85.30795072788354,13.997760358342665,71.31019036954088,Trump
48195,Hansford County,TX,Texas,1842,146,11,1999,92.14607303651826,7.303651825912956,84.8424212106053,Trump
48197,Hardeman County,TX,Texas,1210,188,7,1405,86.12099644128114,13.380782918149468,72.74021352313167,Trump
48199,Hardin County,TX,Texas,24691,3347,119,28157,87.69044997691515,11.886919771282452,75.80353020563271,Trump
48201,Harris County,TX,Texas,722695,808771,26018,1557484,46.40143975796862,51.92804548874981,-5.526605730781183,Harris
48203,Harrison County,TX,Texas,22658,7369,216,30243,74.91981615580465,24.36596898455841,50.55384717124623,Trump
48205,Hartley County,TX,Texas,1843,163,10,2016,91.41865079365078,8.08531746031746,83.33333333333334,Trump
48207,Haskell County,TX,Texas,1918,313,16,2247,85.35825545171339,13.929684023141967,71.42857142857143,Trump
48209,Hays County,TX,Texas,58438,65528,1861,125827,46.443132237119215,52.077852925047885,-5.634720687928664,Harris
48211,Hemphill County,TX,Texas,1412,190,10,1612,87.59305210918114,11.786600496277917,75.80645161290323,Trump
48213,Henderson County,TX,Texas,31379,6919,242,38540,81.41930461857811,17.952776336274002,63.466528282304104,Trump
48215,Hidalgo County,TX,Texas,110760,104517,1988,217265,50.979218926196125,48.105769452051646,2.873449474144478,Trump
48217,Hill County,TX,Texas,13669,2919,118,16706,81.8209026696995,17.472764276307913,64.3481383933916,Trump
48219,Hockley County,TX,Texas,6616,1323,49,7988,82.8242363545318,16.56234351527291,66.26189283925889,Trump
48221,Hood County,TX,Texas,30174,6070,309,36553,82.548628019588,16.606024129346427,65.94260389024157,Trump
48223,Hopkins County,TX,Texas,13754,2917,107,16778,81.9763976636071,17.385862438908095,64.59053522469901,Trump
48225,Houston County,TX,Texas,7247,2065,53,9365,77.38387613454351,22.05018686599039,55.33368926855312,Trump
48227,Howard County,TX,Texas,7817,1759,65,9641,81.0808007468105,18.244995332434392,62.8358054143761,Trump
48229,Hudspeth County,TX,Texas,759,275,4,1038,73.121387283237,26.49325626204239,46.628131021194605,Trump
48231,Hunt County,TX,Texas,36137,10212,384,46733,77.32651445445401,21.851796375152464,55.47471807930157,Trump
48233,Hutchinson County,TX,Texas,7273,913,58,8244,88.22173702086366,11.074721009218825,77.14701601164484,Trump
48235,Irion County,TX,Texas,761,105,2,868,87.67281105990783,12.096774193548388,75.57603686635944,Trump
48237,Jack County,TX,Texas,3819,363,19,4201,90.90692692216139,8.640799809569149,82.26612711259223,Trump
48239,Jackson County,TX,Texas,5386,907,36,6329,85.1003318059725,14.3308579554432,70.76947385052931,Trump
48241,Jasper County,TX,Texas,13162,2615,64,15841,83.08818887696484,16.507796224985796,66.58039265197904,Trump
48243,Jeff Davis County,TX,Texas,699,450,20,1169,59.79469632164243,38.49443969204448,21.300256629597946,Trump
48245,Jefferson County,TX,Texas,46596,38936,782,86314,53.98428991820562,45.109715689227706,8.874574228977918,Trump
48247,Jim Hogg County,TX,Texas,725,856,4,1585,45.74132492113564,54.00630914826499,-8.264984227129338,Harris
48249,Jim Wells County,TX,Texas,7636,5577,55,13268,57.55200482363582,42.033463973470006,15.518540850165813,Trump
48251,Johnson County,TX,Texas,60752,19247,722,80721,75.2617038936584,23.84385723665465,51.41784665700375,Trump
48253,Jones County,TX,Texas,5988,907,52,6947,86.19548006333669,13.055995393695119,73.13948466964158,Trump
48255,Karnes County,TX,Texas,4001,1051,23,5075,78.83743842364532,20.709359605911327,58.128078817733986,Trump
48257,Kaufman County,TX,Texas,44063,24726,617,69406,63.485865775293206,35.625162089732875,27.860703685560328,Trump
48259,Kendall County,TX,Texas,22668,6355,292,29315,77.32560122804026,21.678321678321677,55.647279549718576,Trump
48261,Kenedy County,TX,Texas,115,41,2,158,72.78481012658227,25.949367088607595,46.835443037974684,Trump
48263,Kent County,TX,Texas,390,50,5,445,87.64044943820225,11.235955056179774,76.40449438202246,Trump
48265,Kerr County,TX,Texas,21615,6315,240,28170,76.73056443024494,22.417465388711395,54.31309904153354,Trump
48267,Kimble County,TX,Texas,2126,261,17,2404,88.43594009983362,10.856905158069884,77.57903494176372,Trump
48269,King County,TX,Texas,129,6,0,135,95.55555555555556,4.444444444444445,91.11111111111111,Trump
48271,Kinney County,TX,Texas,1063,346,10,1419,74.91190979563072,24.383368569415083,50.52854122621564,Trump
48273,Kleberg County,TX,Texas,5612,4338,64,10014,56.041541841422,43.319352905931694,12.722188935490314,Trump
48275,Knox County,TX,Texas,1156,214,6,1376,84.01162790697676,15.55232558139535,68.45930232558139,Trump
48283,La Salle County,TX,Texas,1417,933,10,2360,60.04237288135593,39.53389830508475,20.508474576271183,Trump
48277,Lamar County,TX,Texas,17044,4079,162,21285,80.07517030772846,19.163730326521026,60.91143998120743,Trump
48279,Lamb County,TX,Texas,3398,729,24,4151,81.85979282100698,17.562033245001203,64.29775957600579,Trump
48281,Lampasas County,TX,Texas,8961,2232,108,11301,79.2938677993098,19.750464560658347,59.54340323865145,Trump
48285,Lavaca County,TX,Texas,9215,1235,41,10491,87.83719378514917,11.771995043370508,76.06519874177867,Trump
48287,Lee County,TX,Texas,6724,1640,51,8415,79.90493166963755,19.48900772430184,60.41592394533571,Trump
48289,Leon County,TX,Texas,7982,1033,49,9064,88.06266548984996,11.396734333627538,76.66593115622243,Trump
48291,Liberty County,TX,Texas,25241,5952,130,31323,80.58295820962232,19.002011301599463,61.58094690802286,Trump
48293,Limestone County,TX,Texas,7081,1921,73,9075,78.02754820936639,21.168044077134986,56.85950413223141,Trump
48295,Lipscomb County,TX,Texas,1125,123,11,1259,89.35663224781572,9.76965845909452,79.58697378872121,Trump
48297,Live Oak County,TX,Texas,4307,761,25,5093,84.56705281759277,14.942077361083841,69.62497545650893,Trump
48299,Llano County,TX,Texas,10902,2613,114,13629,79.99119524543254,19.172353070658154,60.81884217477438,Trump
48301,Loving County,TX,Texas,86,10,1,97,88.65979381443299,10.309278350515463,78.35051546391753,Trump
48303,Lubbock County,TX,Texas,86547,37148,1343,125038,69.21655816631744,29.709368352020988,39.50718981429645,Trump
48305,Lynn County,TX,Texas,2175,371,21,2567,84.72925594078691,14.452668484612389,70.27658745617452,Trump
48313,Madison County,TX,Texas,4498,964,27,5489,81.94570960102023,17.56239752231736,64.38331207870286,Trump
48315,Marion County,TX,Texas,3577,1101,36,4714,75.88035638523547,23.355960967331356,52.52439541790411,Trump
48317,Martin County,TX,Texas,1825,247,11,2083,87.61401824291887,11.85789726356217,75.7561209793567,Trump
48319,Mason County,TX,Texas,2076,434,17,2527,82.15275029679462,17.174515235457065,64.97823506133756,Trump
48321,Matagorda County,TX,Texas,9957,3231,124,13312,74.79717548076923,24.271334134615387,50.52584134615385,Trump
48323,Maverick County,TX,Texas,9285,6373,87,15745,58.971101937122896,40.47634169577643,18.49476024134646,Trump
48307,McCulloch County,TX,Texas,3033,455,25,3513,86.33646456020494,12.95189296897239,73.38457159123256,Trump
48309,McLennan County,TX,Texas,64606,33863,1203,99672,64.81860502448029,33.97443615057389,30.844168873906412,Trump
48311,McMullen County,TX,Texas,448,37,2,487,91.9917864476386,7.597535934291582,84.39425051334702,Trump
48325,Medina County,TX,Texas,17464,6950,203,24617,70.94284437583784,28.232522240727953,42.710322135109884,Trump
48327,Menard County,TX,Texas,861,170,9,1040,82.78846153846153,16.346153846153847,66.4423076923077,Trump
48329,Midland County,TX,Texas,46944,11351,513,58808,79.82587403074412,19.30179567405795,60.52407835668616,Trump
48331,Milam County,TX,Texas,8691,2331,76,11098,78.31140746080375,21.00378446566949,57.30762299513425,Trump
48333,Mills County,TX,Texas,2418,310,14,2742,88.18380743982495,11.305616338439094,76.87819110138585,Trump
48335,Mitchell County,TX,Texas,2144,352,17,2513,85.31635495423797,14.007162753680861,71.3091922005571,Trump
48337,Montague County,TX,Texas,9825,1208,68,11101,88.50554004143771,10.881902531303487,77.62363751013423,Trump
48339,Montgomery County,TX,Texas,221964,82277,3017,307258,72.24026713706397,26.777821895605648,45.46244524145832,Trump
48341,Moore County,TX,Texas,4458,860,44,5362,83.14061917195077,16.038791495710555,67.1018276762402,Trump
48343,Morris County,TX,Texas,4092,1312,30,5434,75.30364372469636,24.144276775855722,51.159366948840635,Trump
48345,Motley County,TX,Texas,612,35,3,650,94.15384615384616,5.384615384615385,88.76923076923077,Trump
48347,Nacogdoches County,TX,Texas,17575,7690,221,25486,68.95942870595621,30.173428549007298,38.786000156948916,Trump
48349,Navarro County,TX,Texas,14983,4708,140,19831,75.55342645353235,23.74060813877263,51.812818314759724,Trump
48351,Newton County,TX,Texas,4781,952,16,5749,83.16228909375543,16.559401635066965,66.60288745868847,Trump
48353,Nolan County,TX,Texas,4048,1020,47,5115,79.13978494623656,19.941348973607038,59.198435972629525,Trump
48355,Nueces County,TX,Texas,67201,53248,1229,121678,55.22855405249922,43.76140304738737,11.467151005111853,Trump
48357,Ochiltree County,TX,Texas,2723,269,18,3010,90.46511627906978,8.93687707641196,81.5282392026578,Trump
48359,Oldham County,TX,Texas,895,74,5,974,91.88911704312115,7.597535934291582,84.29158110882958,Trump
48361,Orange County,TX,Texas,30191,5945,202,36338,83.08382409598767,16.360284000220155,66.72354009576752,Trump
48363,Palo Pinto County,TX,Texas,11093,2143,100,13336,83.18086382723455,16.069286142771446,67.11157768446311,Trump
48365,Panola County,TX,Texas,9500,1905,34,11439,83.04921758895009,16.653553632310516,66.39566395663957,Trump
48367,Parker County,TX,Texas,75168,14872,800,90840,82.74768824306473,16.37164244826068,66.37604579480406,Trump
48369,Parmer County,TX,Texas,2123,368,13,2504,84.78434504792332,14.696485623003195,70.08785942492013,Trump
48371,Pecos County,TX,Texas,3042,1144,47,4233,71.86392629340894,27.025750059059767,44.83817623434916,Trump
48373,Polk County,TX,Texas,19216,4910,166,24292,79.10423184587518,20.212415610077393,58.89181623579779,Trump
48375,Potter County,TX,Texas,23007,8748,366,32121,71.62603903988045,27.234519473241804,44.39151956663865,Trump
48377,Presidio County,TX,Texas,686,1289,19,1994,34.403209628886664,64.64393179538615,-30.240722166499502,Harris
48379,Rains County,TX,Texas,5649,869,38,6556,86.1653447223917,13.25503355704698,72.91031116534472,Trump
48381,Randall County,TX,Texas,53314,12935,652,66901,79.69088653383358,19.334539095080792,60.35634743875279,Trump
48383,Reagan County,TX,Texas,800,141,8,949,84.29926238145417,14.857744994731295,69.44151738672286,Trump
48385,Real County,TX,Texas,1625,315,18,1958,82.99284984678243,16.087844739530134,66.90500510725231,Trump
48387,Red River County,TX,Texas,4682,1103,11,5796,80.77984817115252,19.030365769496203,61.74948240165632,Trump
48389,Reeves County,TX,Texas,2340,1070,29,3439,68.04303576621112,31.113695841814483,36.92933992439663,Trump
48391,Refugio County,TX,Texas,2134,919,22,3075,69.39837398373983,29.886178861788622,39.51219512195122,Trump
48393,Roberts County,TX,Texas,547,20,5,572,95.62937062937063,3.4965034965034967,92.13286713286713,Trump
48395,Robertson County,TX,Texas,6177,1926,55,8158,75.71708752145133,23.60872762932091,52.10835989213043,Trump
48397,Rockwall County,TX,Texas,43542,18092,635,62269,69.92564518460229,29.054585748928037,40.87105943567425,Trump
48399,Runnels County,TX,Texas,3580,452,24,4056,88.26429980276134,11.143984220907297,77.12031558185404,Trump
48401,Rusk County,TX,Texas,17234,4337,135,21706,79.3974016400995,19.98065051137934,59.41675112872017,Trump
48403,Sabine County,TX,Texas,4972,590,19,5581,89.08797706504211,10.57158215373589,78.51639491130622,Trump
48405,San Augustine County,TX,Texas,2917,809,21,3747,77.84894582332532,21.590605817987722,56.2583400053376,Trump
48407,San Jacinto County,TX,Texas,10524,2175,90,12789,82.28946751114239,17.006802721088434,65.28266479005396,Trump
48409,San Patricio County,TX,Texas,17337,8025,217,25579,67.77825560029711,31.373392235818443,36.40486336447867,Trump
48411,San Saba County,TX,Texas,2412,276,21,2709,89.03654485049833,10.188261351052049,78.8482834994463,Trump
48413,Schleicher County,TX,Texas,906,192,10,1108,81.76895306859205,17.328519855595665,64.4404332129964,Trump
48415,Scurry County,TX,Texas,4945,734,42,5721,86.43593777311659,12.82992483831498,73.60601293480161,Trump
48417,Shackelford County,TX,Texas,1565,146,17,1728,90.56712962962963,8.449074074074074,82.11805555555556,Trump
48419,Shelby County,TX,Texas,8164,1741,43,9948,82.06674708484117,17.501005227181345,64.56574185765983,Trump
48421,Sherman County,TX,Texas,817,48,8,873,93.58533791523482,5.498281786941581,88.08705612829324,Trump
48423,Smith County,TX,Texas,74862,28041,976,103879,72.0665389539753,26.993906371836463,45.07263258213883,Trump
48425,Somervell County,TX,Texas,4493,751,50,5294,84.869663770306,14.185870797128825,70.68379297317719,Trump
48427,Starr County,TX,Texas,9487,6862,72,16421,57.77358260763656,41.78795444857195,15.985628159064614,Trump
48429,Stephens County,TX,Texas,3368,384,9,3761,89.55065142249403,10.210050518479127,79.34060090401489,Trump
48431,Sterling County,TX,Texas,583,43,3,629,92.68680445151033,6.836248012718602,85.85055643879174,Trump
48433,Stonewall County,TX,Texas,604,110,2,716,84.35754189944134,15.363128491620111,68.99441340782123,Trump
48435,Sutton County,TX,Texas,1167,228,5,1400,83.35714285714285,16.28571428571429,67.07142857142857,Trump
48437,Swisher County,TX,Texas,1840,403,22,2265,81.23620309050773,17.792494481236204,63.44370860927152,Trump
48439,Tarrant County,TX,Texas,426626,384501,12185,823312,51.81826573644014,46.70173640126708,5.116529335173057,Trump
48441,Taylor County,TX,Texas,41198,13624,595,55417,74.34180847032499,24.584513777360737,49.75729469296425,Trump
48443,Terrell County,TX,Texas,314,91,0,405,77.53086419753087,22.469135802469136,55.06172839506173,Trump
48445,Terry County,TX,Texas,2815,587,18,3420,82.30994152046783,17.163742690058477,65.14619883040935,Trump
48447,Throckmorton County,TX,Texas,823,73,4,900,91.44444444444444,8.11111111111111,83.33333333333334,Trump
48449,Titus County,TX,Texas,7861,2275,78,10214,76.9629919718034,22.273350303504994,54.689641668298414,Trump
48451,Tom Green County,TX,Texas,33399,11585,476,45460,73.46898372195336,25.48394192696876,47.9850417949846,Trump
48453,Travis County,TX,Texas,170787,398981,11508,581276,29.38139541285035,68.63882217741659,-39.257426764566226,Harris
48455,Trinity County,TX,Texas,6136,1195,43,7374,83.21128288581502,16.20558719826417,67.00569568755085,Trump
48457,Tyler County,TX,Texas,8286,1249,43,9578,86.51075381081645,13.04030068907914,73.47045312173731,Trump
48459,Upshur County,TX,Texas,16939,2820,128,19887,85.1762457887062,14.180117664806154,70.99612812390004,Trump
48461,Upton County,TX,Texas,1149,146,8,1303,88.18112049117421,11.204911742133538,76.97620874904068,Trump
48463,Uvalde County,TX,Texas,6482,3218,72,9772,66.33237822349571,32.93082275890299,33.40155546459271,Trump
48465,Val Verde County,TX,Texas,9162,5282,144,14588,62.8050452426652,36.20784206196874,26.59720318069646,Trump
48467,Van Zandt County,TX,Texas,24351,3450,149,27950,87.12343470483005,12.343470483005367,74.77996422182468,Trump
48469,Victoria County,TX,Texas,25010,9998,307,35315,70.81976497239133,28.310916041342203,42.50884893104913,Trump
48471,Walker County,TX,Texas,17515,7461,199,25175,69.57298907646474,29.636544190665344,39.9364448857994,Trump
48473,Waller County,TX,Texas,17077,10183,301,27561,61.96074162766227,36.94713544501288,25.013606182649394,Trump
48475,Ward County,TX,Texas,3115,627,23,3765,82.73572377158035,16.653386454183266,66.08233731739708,Trump
48477,Washington County,TX,Texas,14020,4058,139,18217,76.96108030960093,22.275896140967227,54.6851841686337,Trump
48479,Webb County,TX,Texas,33384,31952,529,65865,50.68549305397404,48.511348971380855,2.174144082593183,Trump
48481,Wharton County,TX,Texas,12439,3910,104,16453,75.60323345286574,23.764662979395855,51.83857047346988,Trump
48483,Wheeler County,TX,Texas,2093,169,12,2274,92.04045734388743,7.43183817062445,84.60861917326298,Trump
48485,Wichita County,TX,Texas,31818,12237,475,44530,71.4529530653492,27.480350325623178,43.97260273972603,Trump
48487,Wilbarger County,TX,Texas,3566,860,41,4467,79.82986344302664,19.252294604880234,60.57756883814641,Trump
48489,Willacy County,TX,Texas,2856,2673,34,5563,51.33920546467733,48.04961351788603,3.2895919467912997,Trump
48491,Williamson County,TX,Texas,155310,147766,5393,308469,50.34865740155413,47.9030307745673,2.4456266269868285,Trump
48493,Wilson County,TX,Texas,20894,6247,134,27275,76.60494958753438,22.903758020164986,53.70119156736939,Trump
48495,Winkler County,TX,Texas,1646,283,4,1933,85.1526125193999,14.64045525090533,70.51215726849456,Trump
48497,Wise County,TX,Texas,32385,5605,253,38243,84.68216405616714,14.656276965719217,70.02588709044792,Trump
48499,Wood County,TX,Texas,20621,3618,147,24386,84.56081358156318,14.836381530386285,69.7244320511769,Trump
48501,Yoakum County,TX,Texas,2039,342,12,2393,85.20685332218973,14.291684078562476,70.91516924362725,Trump
48503,Young County,TX,Texas,7298,962,54,8314,87.77964878518162,11.570844358912677,76.20880442626894,Trump
48505,Zapata County,TX,Texas,2970,1877,24,4871,60.97310613836995,38.53418189283514,22.438924245534796,Trump
48507,Zavala County,TX,Texas,1482,1984,26,3492,42.439862542955325,56.815578465063,-14.375715922107673,Harris
49001,Beaver County,UT,Utah,2781,394,37,3212,86.5815691158157,12.266500622665006,74.31506849315068,Trump
49003,Box Elder County,UT,Utah,22853,5274,793,28920,79.02143845089903,18.236514522821576,60.78492392807745,Trump
49005,Cache County,UT,Utah,39457,18718,2083,60258,65.48010222709017,31.06309535663315,34.41700687045704,Trump
49007,Carbon County,UT,Utah,6719,2525,201,9445,71.13816834303864,26.733721545791422,44.40444679724722,Trump
49009,Daggett County,UT,Utah,443,101,6,550,80.54545454545455,18.363636363636363,62.18181818181818,Trump
49011,Davis County,UT,Utah,101293,59895,5382,166570,60.811070420844096,35.957855556222604,24.85321486462148,Trump
49013,Duchesne County,UT,Utah,7815,1009,144,8968,87.14317573595004,11.251115075825156,75.8920606601249,Trump
49015,Emery County,UT,Utah,4341,603,67,5011,86.62941528636998,12.033526242267012,74.59588904410298,Trump
49017,Garfield County,UT,Utah,2211,541,59,2811,78.65528281750267,19.245819992885092,59.40946282461758,Trump
49019,Grand County,UT,Utah,2327,2828,145,5300,43.905660377358494,53.35849056603773,-9.452830188679245,Harris
49021,Iron County,UT,Utah,21571,5683,624,27878,77.3764258555133,20.385250017935288,56.99117583757803,Trump
49023,Juab County,UT,Utah,5671,734,113,6518,87.00521632402578,11.26112304387849,75.74409328014728,Trump
49025,Kane County,UT,Utah,3277,1137,74,4488,73.01693404634581,25.334224598930483,47.68270944741533,Trump
49027,Millard County,UT,Utah,5558,713,116,6387,87.02051041177391,11.163300454047285,75.85720995772664,Trump
49029,Morgan County,UT,Utah,5300,1256,204,6760,78.40236686390533,18.579881656804734,59.8224852071006,Trump
49031,Piute County,UT,Utah,854,94,15,963,88.68120456905504,9.76116303219107,78.92004153686398,Trump
49033,Rich County,UT,Utah,1211,214,22,1447,83.69039391845196,14.789219073946095,68.90117484450587,Trump
49035,Salt Lake County,UT,Utah,221555,273658,14424,509637,43.47309948061071,53.69665075337937,-10.223551272768656,Harris
49037,San Juan County,UT,Utah,3613,2581,135,6329,57.086427555696005,40.780534049612896,16.30589350608311,Trump
49039,Sanpete County,UT,Utah,10653,1906,385,12944,82.30067985166872,14.724969097651423,67.57571075401731,Trump
49041,Sevier County,UT,Utah,9526,1236,164,10926,87.18652754896577,11.312465678198793,75.87406187076698,Trump
49043,Summit County,UT,Utah,10783,14612,481,25876,41.671819446591435,56.469315195548,-14.797495748956562,Harris
49045,Tooele County,UT,Utah,23484,9560,962,34006,69.05840145856614,28.112685996588837,40.9457154619773,Trump
49047,Uintah County,UT,Utah,13599,1952,281,15832,85.89565437089439,12.329459322890349,73.56619504800405,Trump
49049,Utah County,UT,Utah,203476,84937,9730,298143,68.24778713570335,28.488678251711423,39.759108883991914,Trump
49051,Wasatch County,UT,Utah,11495,6459,400,18354,62.629399585921334,35.191238966982674,27.43816061893865,Trump
49053,Washington County,UT,Utah,73165,22327,1764,97256,75.2292917660607,22.95693838940528,52.272353376655424,Trump
49055,Wayne County,UT,Utah,1238,381,32,1651,74.98485766202302,23.076923076923077,51.90793458509994,Trump
49057,Weber County,UT,Utah,67549,41238,3267,112054,60.282542345654775,36.801899084370035,23.480643261284737,Trump
50001,Addison County,VT,Vermont,6841,14879,887,22607,30.26053877117707,65.81589773079135,-35.55535895961428,Harris
50003,Bennington County,VT,Vermont,7697,12326,687,20710,37.16562047320135,59.51714147754708,-22.351521004345727,Harris
50005,Caledonia County,VT,Vermont,6927,8977,729,16633,41.64612517284916,53.97102146335598,-12.324896290506823,Harris
50007,Chittenden County,VT,Vermont,20937,72656,3736,97329,21.511574145424284,74.64989879686425,-53.13832465143996,Harris
50009,Essex County,VT,Vermont,1890,1344,191,3425,55.18248175182482,39.240875912408754,15.94160583941606,Trump
50011,Franklin County,VT,Vermont,12490,13280,973,26743,46.70381034289346,49.65785439180346,-2.9540440489099953,Harris
50013,Grand Isle County,VT,Vermont,1893,2940,168,5001,37.85242951409718,58.788242351529696,-20.935812837432515,Harris
50015,Lamoille County,VT,Vermont,4505,9788,551,14844,30.348962543788737,65.93909997305309,-35.59013742926435,Harris
50017,Orange County,VT,Vermont,6683,10220,769,17672,37.8168854685378,57.83159800814849,-20.01471253961068,Harris
50019,Orleans County,VT,Vermont,7233,7006,521,14765,48.98747036911615,47.45005079580088,1.5374195733152727,Trump
50021,Rutland County,VT,Vermont,15586,17375,1141,34102,45.704064277754966,50.95009090375932,-5.24602662600434,Harris
50023,Washington County,VT,Vermont,9327,24527,1515,35369,26.370550482060562,69.34603749045775,-42.97548700839718,Harris
50025,Windham County,VT,Vermont,6928,17904,1101,25933,26.714996336713842,69.03944780781244,-42.3244514710986,Harris
50027,Windsor County,VT,Vermont,10458,22569,1262,34289,30.499577123858963,65.81994225553385,-35.32036513167488,Harris
51001,Accomack County,VA,Virginia,9659,7374,143,17176,56.23544480670704,42.931998136935256,13.303446669771773,Trump
51003,Albemarle County,VA,Virginia,21513,44279,1432,67224,32.00196358443413,65.86784481732715,-33.86588123289302,Harris
51510,Alexandria City,VA,Virginia,16112,62326,2466,80904,19.9149609413626,77.03698210224464,-57.12202116088203,Harris
51005,Alleghany County,VA,Virginia,6093,2114,86,8293,73.47160255637284,25.491378270830822,47.98022428554202,Trump
51007,Amelia County,VA,Virginia,5776,2214,59,8049,71.76046713877501,27.506522549385014,44.25394458938999,Trump
51009,Amherst County,VA,Virginia,11742,5429,187,17358,67.646042170757,31.276644774743634,36.36939739601336,Trump
51011,Appomattox County,VA,Virginia,7243,2324,118,9685,74.78575116159008,23.99586990191017,50.789881259679916,Trump
51013,Arlington County,VA,Virginia,25223,100446,3892,129561,19.468049798936406,77.52795980271841,-58.059910003782,Harris
51015,Augusta County,VA,Virginia,32429,11403,585,44417,73.01033388117162,25.672602832248913,47.33773104892271,Trump
51017,Bath County,VA,Virginia,1976,588,19,2583,76.5001935733643,22.76422764227642,53.73596593108788,Trump
51019,Bedford County,VA,Virginia,38017,12414,650,51081,74.42493294962902,24.302578258060727,50.12235469156829,Trump
51021,Bland County,VA,Virginia,2998,524,33,3555,84.33192686357243,14.739803094233475,69.59212376933895,Trump
51023,Botetourt County,VA,Virginia,15796,5915,267,21978,71.87187187187187,26.913276913276913,44.95859495859496,Trump
51520,Bristol City,VA,Virginia,5197,2231,62,7490,69.38584779706275,29.78638184245661,39.59946595460614,Trump
51025,Brunswick County,VA,Virginia,3523,4184,44,7751,45.45219971616566,53.98013159592311,-8.527931879757451,Harris
51027,Buchanan County,VA,Virginia,7939,1355,43,9337,85.02731069936812,14.512155938738353,70.51515476062976,Trump
51029,Buckingham County,VA,Virginia,4847,2988,90,7925,61.1608832807571,37.70347003154574,23.457413249211356,Trump
51530,Buena Vista City,VA,Virginia,2035,767,65,2867,70.98011859086154,26.75270317404953,44.227415416812,Trump
51031,Campbell County,VA,Virginia,23032,7890,365,31287,73.61523955636527,25.21814172020328,48.39709783616198,Trump
51033,Caroline County,VA,Virginia,9511,7957,230,17698,53.74053565374619,44.95988247259577,8.780653181150413,Trump
51035,Carroll County,VA,Virginia,13152,2925,123,16200,81.18518518518518,18.055555555555554,63.129629629629626,Trump
51036,Charles City County,VA,Virginia,1917,2384,52,4353,44.03859407305307,54.76682747530439,-10.728233402251321,Harris
51037,Charlotte County,VA,Virginia,3963,2008,49,6020,65.83056478405315,33.35548172757475,32.475083056478404,Trump
51540,Charlottesville City,VA,Virginia,3428,19435,571,23434,14.628317828795767,82.9350516343774,-68.30673380558163,Harris
51550,Chesapeake City,VA,Virginia,60550,65399,2052,128001,47.30431793501613,51.09256958930008,-3.788251654283951,Harris
51041,Chesterfield County,VA,Virginia,94030,112869,3729,210628,44.642687581897945,53.58689253090757,-8.944204949009627,Harris
51043,Clarke County,VA,Virginia,5641,3993,205,9839,57.333062303079586,40.58339262120134,16.749669681878242,Trump
51570,Colonial Heights City,VA,Virginia,5883,2982,99,8964,65.62918340026773,33.26639892904953,32.362784471218205,Trump
51580,Covington City,VA,Virginia,1642,818,20,2480,66.20967741935485,32.983870967741936,33.225806451612904,Trump
51045,Craig County,VA,Virginia,2562,542,31,3135,81.7224880382775,17.288676236044655,64.43381180223285,Trump
51047,Culpeper County,VA,Virginia,17685,10557,437,28679,61.66533003242791,36.81090693538827,24.854423097039646,Trump
51049,Cumberland County,VA,Virginia,3335,2117,49,5501,60.6253408471187,38.48391201599709,22.141428831121615,Trump
51590,Danville City,VA,Virginia,6894,10615,203,17712,38.922764227642276,59.93112014453478,-21.0083559168925,Harris
51051,Dickenson County,VA,Virginia,5701,1316,43,7060,80.75070821529745,18.640226628895185,62.110481586402265,Trump
51053,Dinwiddie County,VA,Virginia,9549,5942,120,15611,61.168406892575746,38.06290436230863,23.10550253026712,Trump
51595,Emporia City,VA,Virginia,744,1419,16,2179,34.144102799449286,65.12161541991739,-30.977512620468104,Harris
51057,Essex County,VA,Virginia,3245,2775,54,6074,53.42443200526835,45.686532762594666,7.7378992426736914,Trump
51600,Fairfax City,VA,Virginia,4302,8797,468,13567,31.709294611925998,64.84115869388958,-33.131864081963585,Harris
51059,Fairfax County,VA,Virginia,181895,386438,21094,589427,30.85963147259966,65.56163867620587,-34.702007203606215,Harris
51610,Falls Church City,VA,Virginia,1620,7200,242,9062,17.876848377841537,79.4526594570735,-61.575811079231954,Harris
51061,Fauquier County,VA,Virginia,26825,17180,763,44768,59.92003216583274,38.37562544674768,21.54440671908506,Trump
51063,Floyd County,VA,Virginia,6551,2968,147,9666,67.77363956134906,30.705565901096627,37.06807366025243,Trump
51065,Fluvanna County,VA,Virginia,8777,7731,235,16743,52.4219076629039,46.17452069521591,6.247386967687989,Trump
51620,Franklin City,VA,Virginia,1476,2359,52,3887,37.972729611525594,60.68947774633393,-22.716748134808334,Harris
51067,Franklin County,VA,Virginia,22319,8321,380,31020,71.95035460992908,26.824629271437782,45.12572533849129,Trump
51069,Frederick County,VA,Virginia,33117,18331,815,52263,63.3660524654153,35.07452691196449,28.291525553450814,Trump
51630,Fredericksburg City,VA,Virginia,4480,8760,338,13578,32.99455000736485,64.51612903225806,-31.52157902489321,Harris
51640,Galax City,VA,Virginia,1946,753,22,2721,71.5178243292907,27.67364939360529,43.84417493568541,Trump
51071,Giles County,VA,Virginia,7102,2069,92,9263,76.67062506747274,22.336176184821333,54.33444888265141,Trump
51073,Gloucester County,VA,Virginia,15918,7034,276,23228,68.5293611158946,30.282417771654902,38.24694334423971,Trump
51075,Goochland County,VA,Virginia,11521,7875,346,19742,58.3578158241313,39.889575524262995,18.468240299868302,Trump
51077,Grayson County,VA,Virginia,6544,1503,72,8119,80.60105924374923,18.51213203596502,62.08892720778421,Trump
51079,Greene County,VA,Virginia,7432,4456,218,12106,61.39104576243185,36.808194283826204,24.58285147860565,Trump
51081,Greensville County,VA,Virginia,1936,2334,33,4303,44.99186613990239,54.24122705089472,-9.249360910992332,Harris
51083,Halifax County,VA,Virginia,10741,6984,146,17871,60.102960102960104,39.08007386268256,21.022886240277543,Trump
51650,Hampton City,VA,Virginia,18383,43357,1083,62823,29.261576174331054,69.01453289400379,-39.75295671967273,Harris
51085,Hanover County,VA,Virginia,45569,26733,1102,73404,62.07972317584872,36.418996239986924,25.660726935861806,Trump
51660,Harrisonburg City,VA,Virginia,6266,10641,425,17332,36.152780983152546,61.395107315947385,-25.24232633279483,Harris
51087,Henrico County,VA,Virginia,62882,115040,3567,181489,34.64782989602676,63.38676173211599,-28.738931836089236,Harris
51089,Henry County,VA,Virginia,16800,8457,217,25474,65.94959566616943,33.198555389809215,32.75104027636021,Trump
51091,Highland County,VA,Virginia,1095,416,24,1535,71.33550488599349,27.10097719869707,44.23452768729641,Trump
51670,Hopewell City,VA,Virginia,3838,5078,110,9026,42.52160425437624,56.25969421670729,-13.738089962331044,Harris
51093,Isle Of Wight County,VA,Virginia,14659,9779,324,24762,59.19958000161538,39.49196349244811,19.707616509167273,Trump
51095,James City County,VA,Virginia,23575,26742,957,51274,45.97846861957327,52.15508834887077,-6.1766197292975,Harris
51097,King & Queen County,VA,Virginia,2608,1536,44,4188,62.27316141356256,36.67621776504298,25.59694364851958,Trump
51099,King George County,VA,Virginia,9500,5657,280,15437,61.540454751570906,36.64572131890911,24.894733432661788,Trump
51101,King William County,VA,Virginia,8080,3388,115,11583,69.75740309073643,29.24976258309592,40.50764050764051,Trump
51103,Lancaster County,VA,Virginia,3866,3355,92,7313,52.864761383837,45.877204977437444,6.9875564063995625,Trump
51105,Lee County,VA,Virginia,8674,1391,57,10122,85.69452677336494,13.742343410393204,71.95218336297174,Trump
51678,Lexington City,VA,Virginia,1030,1795,70,2895,35.57858376511226,62.00345423143351,-26.42487046632124,Harris
51107,Loudoun County,VA,Virginia,92107,129280,8305,229692,40.100221165734986,56.28406735976873,-16.183846194033748,Harris
51109,Louisa County,VA,Virginia,15084,8779,281,24144,62.47514910536779,36.36100066269052,26.11414844267727,Trump
51111,Lunenburg County,VA,Virginia,3594,2253,38,5885,61.07051826677995,38.283772302463895,22.786745964316058,Trump
51680,Lynchburg City,VA,Virginia,19574,16664,785,37023,52.86983766847635,45.00985873646112,7.859978932015234,Trump
51113,Madison County,VA,Virginia,5671,2700,109,8480,66.875,31.839622641509436,35.035377358490564,Trump
51683,Manassas City,VA,Virginia,6670,9048,382,16100,41.42857142857143,56.19875776397516,-14.770186335403727,Harris
51685,Manassas Park City,VA,Virginia,2314,3506,177,5997,38.58595964648991,58.462564615641156,-19.87660496915124,Harris
51690,Martinsville City,VA,Virginia,2155,3435,83,5673,37.986955755332275,60.54997355896351,-22.563017803631237,Harris
51115,Mathews County,VA,Virginia,4106,1774,65,5945,69.06644238856182,29.840201850294367,39.226240538267454,Trump
51117,Mecklenburg County,VA,Virginia,9791,6404,109,16304,60.052747791952896,39.27870461236506,20.77404317958783,Trump
51119,Middlesex County,VA,Virginia,4357,2473,77,6907,63.080932387433045,35.80425655132474,27.276675836108293,Trump
51121,Montgomery County,VA,Virginia,22179,23811,1063,47053,47.136208105753084,50.60463732386883,-3.468429218115742,Harris
51125,Nelson County,VA,Virginia,5004,4298,128,9430,53.06468716861082,45.5779427359491,7.486744432661718,Trump
51127,New Kent County,VA,Virginia,10974,5641,192,16807,65.29422264532634,33.56339620396264,31.730826441363718,Trump
51700,Newport News City,VA,Virginia,26385,48169,1355,75909,34.758724261945225,63.45624366017205,-28.697519398226824,Harris
51710,Norfolk City,VA,Virginia,24377,59941,1691,86009,28.342382773895753,69.69154390819565,-41.3491611342999,Harris
51131,Northampton County,VA,Virginia,3183,3603,70,6856,46.42648774795799,52.55250875145857,-6.1260210035005835,Harris
51133,Northumberland County,VA,Virginia,4938,3202,92,8232,59.98542274052478,38.89698736637512,21.08843537414966,Trump
51720,Norton City,VA,Virginia,1174,458,12,1644,71.41119221411192,27.85888077858881,43.552311435523116,Trump
51135,Nottoway County,VA,Virginia,4168,2636,65,6869,60.67841024894454,38.37530936089678,22.30310088804775,Trump
51137,Orange County,VA,Virginia,13764,8274,315,22353,61.575627432559386,37.01516574956381,24.560461682995573,Trump
51139,Page County,VA,Virginia,10123,2976,152,13251,76.39423439740398,22.4586823635952,53.93555203380876,Trump
51141,Patrick County,VA,Virginia,7746,1886,87,9719,79.699557567651,19.405288609939294,60.294268957711694,Trump
51730,Petersburg City,VA,Virginia,1702,11219,198,13119,12.973549813247962,85.51718881012272,-72.54363899687476,Harris
51143,Pittsylvania County,VA,Virginia,24310,9599,247,34156,71.1734395128235,28.103407893195925,43.07003161962759,Trump
51735,Poquoson City,VA,Virginia,5800,2119,146,8065,71.91568505889646,26.274023558586485,45.64166150030998,Trump
51740,Portsmouth City,VA,Virginia,12370,28306,677,41353,29.913186467729062,68.44968926075497,-38.5365027930259,Harris
51145,Powhatan County,VA,Virginia,14918,5734,262,20914,71.33020942909056,27.41704121641006,43.9131682126805,Trump
51147,Prince Edward County,VA,Virginia,4782,4539,139,9460,50.54968287526427,47.98097251585624,2.568710359408034,Trump
51149,Prince George County,VA,Virginia,10590,6842,201,17633,60.057846084046965,38.80224578914535,21.255600294901605,Trump
51153,Prince William County,VA,Virginia,90203,131128,7381,228712,39.439557172339015,57.33324005736472,-17.893682885025708,Harris
51155,Pulaski County,VA,Virginia,12732,4830,182,17744,71.75383228133454,27.220468890892697,44.533363390441835,Trump
51750,Radford City,VA,Virginia,3197,3231,155,6583,48.56448427768495,49.08096612486708,-0.5164818471821357,Harris
51157,Rappahannock County,VA,Virginia,2943,2041,81,5065,58.104639684106616,40.296150049358346,17.808489634748273,Trump
51760,Richmond City,VA,Virginia,2697,1439,32,4168,64.70729366602687,34.52495201535509,30.182341650671784,Trump
51159,Richmond County,VA,Virginia,17041,88710,2980,108731,15.6726232629149,81.58666801556134,-65.91404475264643,Harris
51770,Roanoke City,VA,Virginia,15787,25737,790,42314,37.30916481542752,60.82384080918845,-23.51467599376093,Harris
51161,Roanoke County,VA,Virginia,34453,21693,902,57048,60.39300238395737,38.02587294909549,22.36712943486187,Trump
51163,Rockbridge County,VA,Virginia,8468,4160,200,12828,66.0118490801372,32.429061428125976,33.58278765201123,Trump
51165,Rockingham County,VA,Virginia,33033,15035,785,48853,67.61713712566271,30.776001473809185,36.84113565185352,Trump
51167,Russell County,VA,Virginia,11303,2172,72,13547,83.43544696242711,16.033070052410128,67.40237691001698,Trump
51775,Salem City,VA,Virginia,7769,5237,201,13207,58.82486560157493,39.65321420458848,19.171651396986448,Trump
51169,Scott County,VA,Virginia,9392,1607,78,11077,84.78830008124943,14.507538142096235,70.28076193915321,Trump
51171,Shenandoah County,VA,Virginia,17215,6914,360,24489,70.29686798154273,28.23308424190453,42.063783739638204,Trump
51173,Smyth County,VA,Virginia,11521,2805,142,14468,79.63090959358584,19.3876140447885,60.24329554879735,Trump
51175,Southampton County,VA,Virginia,6133,3626,97,9856,62.2260551948052,36.78977272727273,25.436282467532468,Trump
51177,Spotsylvania County,VA,Virginia,42531,35747,1236,79514,53.48869381492567,44.956862942374926,8.531830872550746,Trump
51179,Stafford County,VA,Virginia,40590,41252,1697,83539,48.58808460718946,49.38052885478639,-0.7924442475969308,Harris
51790,Staunton City,VA,Virginia,5778,7592,256,13626,42.40422721268164,55.71701159547923,-13.312784382797593,Harris
51800,Suffolk City,VA,Virginia,22112,30597,836,53545,41.296106078998974,57.14259034456999,-15.846484265571014,Harris
51181,Surry County,VA,Virginia,2205,2176,60,4441,49.65097950911957,48.99797342940779,0.6530060797117767,Trump
51183,Sussex County,VA,Virginia,2322,2539,39,4900,47.38775510204082,51.816326530612244,-4.428571428571428,Harris
51185,Tazewell County,VA,Virginia,16711,3030,165,19906,83.94956294584547,15.221541243846076,68.7280217019994,Trump
51810,Virginia Beach City,VA,Virginia,109375,115412,3984,228771,47.80981855217663,50.44870197708625,-2.6388834249096256,Harris
51187,Warren County,VA,Virginia,15400,6910,369,22679,67.90422858150713,30.468715551832094,37.43551302967503,Trump
51191,Washington County,VA,Virginia,22455,6772,291,29518,76.07222711565824,22.941933735347924,53.13029338031032,Trump
51820,Waynesboro City,VA,Virginia,5882,5240,197,11319,51.965721353476454,46.293842212209555,5.6718791412668965,Trump
51193,Westmoreland County,VA,Virginia,6003,4491,113,10607,56.59470161214293,42.33996417460168,14.254737437541246,Trump
51830,Williamsburg City,VA,Virginia,2119,5613,162,7894,26.84317202938941,71.10463643273373,-44.26146440334431,Harris
51840,Winchester City,VA,Virginia,5252,6407,235,11894,44.15671767277619,53.86749621657979,-9.710778543803599,Harris
51195,Wise County,VA,Virginia,13655,3036,121,16812,81.2217463716393,18.05852962169879,63.16321674994052,Trump
51197,Wythe County,VA,Virginia,12267,3075,133,15475,79.2697899838449,19.87075928917609,59.39903069466882,Trump
51199,York County,VA,Virginia,20722,18296,731,39749,52.13212911016629,46.02883091398526,6.103298196181036,Trump
53001,Adams County,WA,Washington,3767,1455,143,5365,70.21435228331781,27.12022367194781,43.09412861136999,Trump
53003,Asotin County,WA,Washington,7004,4082,382,11468,61.074293686780614,35.59469829089641,25.479595395884196,Trump
53005,Benton County,WA,Washington,59555,37662,3476,100693,59.145124288679455,37.40279860566276,21.742325683016695,Trump
53007,Chelan County,WA,Washington,22363,18397,1431,42191,53.00419520750871,43.60408617951696,9.400109027991752,Trump
53009,Clallam County,WA,Washington,21632,25440,1591,48663,44.45266424182644,52.27791134948524,-7.825247107658797,Harris
53011,Clark County,WA,Washington,123998,143206,9374,276578,44.83292235824975,51.77779866800686,-6.944876309757103,Harris
53013,Columbia County,WA,Washington,1737,661,87,2485,69.89939637826961,26.59959758551308,43.29979879275654,Trump
53015,Cowlitz County,WA,Washington,34580,22825,1920,59325,58.28908554572272,38.474504846186264,19.814580699536453,Trump
53017,Douglas County,WA,Washington,13095,7410,677,21182,61.82135775658578,34.98253233877821,26.83882541780757,Trump
53019,Ferry County,WA,Washington,2667,1315,137,4119,64.74872541879097,31.925224569070167,32.8235008497208,Trump
53021,Franklin County,WA,Washington,19086,11884,927,31897,59.83634824591655,37.257422328118636,22.578925917797914,Trump
53023,Garfield County,WA,Washington,973,330,49,1352,71.96745562130178,24.40828402366864,47.55917159763314,Trump
53025,Grant County,WA,Washington,24326,10806,1121,36253,67.10065373900092,29.807188370617606,37.2934653683833,Trump
53027,Grays Harbor County,WA,Washington,19432,17161,1200,37793,51.416929060937214,45.40787976609425,6.00904929484296,Trump
53029,Island County,WA,Washington,20967,29595,1887,52449,39.9759766630441,56.42624263570325,-16.450265972659153,Harris
53031,Jefferson County,WA,Washington,6324,17459,915,24698,25.605312171025997,70.68993440764434,-45.08462223661835,Harris
53033,King County,WA,Washington,252193,832606,45703,1130502,22.308054298002126,73.64922839588077,-51.341174097878636,Harris
53035,Kitsap County,WA,Washington,59080,91731,6061,156872,37.661277984598904,58.47506247131419,-20.813784486715285,Harris
53037,Kittitas County,WA,Washington,14645,10810,1044,26499,55.26623646175327,40.79399222612174,14.472244235631534,Trump
53039,Klickitat County,WA,Washington,7178,5917,512,13607,52.75225986624531,43.48497097082384,9.267288895421474,Trump
53041,Lewis County,WA,Washington,29322,14433,1583,45338,64.67422471216199,31.83422294763774,32.84000176452424,Trump
53043,Lincoln County,WA,Washington,5272,1678,194,7144,73.79619260918253,23.488241881298993,50.307950727883544,Trump
53045,Mason County,WA,Washington,18127,17215,1347,36689,49.40717926353948,46.92142058927744,2.4857586742620406,Trump
53047,Okanogan County,WA,Washington,11555,8466,711,20732,55.73509550453405,40.83542349990353,14.899672004630524,Trump
53049,Pacific County,WA,Washington,7010,6825,409,14244,49.21370401572592,47.91491154170177,1.2987924740241505,Trump
53051,Pend Oreille County,WA,Washington,5826,2461,258,8545,68.18022235225278,28.800468110005852,39.379754242246925,Trump
53053,Pierce County,WA,Washington,188194,235169,16218,439581,42.81213246250407,53.498445110229966,-10.686312647725902,Harris
53055,San Juan County,WA,Washington,2890,9539,577,13006,22.22051360910349,73.3430724281101,-51.12255881900661,Harris
53057,Skagit County,WA,Washington,30765,36956,2535,70256,43.78985424732407,52.60191300387156,-8.812058756547483,Harris
53059,Skamania County,WA,Washington,3961,3147,247,7355,53.85452073419442,42.78721957851801,11.067301155676411,Trump
53061,Snohomish County,WA,Washington,161371,240099,16751,418221,38.585102134995616,57.40959923102857,-18.824497096032957,Harris
53063,Spokane County,WA,Washington,145338,131163,10581,287082,50.62595356030681,45.688339916818194,4.9376136434886195,Trump
53065,Stevens County,WA,Washington,19895,7492,859,28246,70.43475182326702,26.52410960844013,43.91064221482688,Trump
53067,Thurston County,WA,Washington,62282,95663,6592,164537,37.85288415371619,58.14072214760206,-20.287837993885873,Harris
53069,Wahkiakum County,WA,Washington,1757,1204,101,3062,57.38079686479425,39.320705421293276,18.06009144350098,Trump
53071,Walla Walla County,WA,Washington,15476,13106,986,29568,52.34036796536796,44.324945887445885,8.015422077922079,Trump
53073,Whatcom County,WA,Washington,49213,83295,5360,137868,35.69573795224418,60.416485333797546,-24.72074738155337,Harris
53075,Whitman County,WA,Washington,8699,10480,848,20027,43.43636091276776,52.32935537025016,-8.892994457482398,Harris
53077,Yakima County,WA,Washington,49368,36706,2677,88751,55.625288729141076,41.358407229214315,14.266881499926761,Trump
54001,Barbour County,WV,West Virginia,5071,1199,125,6395,79.29632525410477,18.749022673964035,60.54730258014074,Trump
54003,Berkeley County,WV,West Virginia,37580,17500,1022,56102,66.98513421981392,31.193183843713236,35.79195037610067,Trump
54005,Boone County,WV,West Virginia,6314,1641,187,8142,77.54851387865389,20.154753131908624,57.39376074674527,Trump
54007,Braxton County,WV,West Virginia,3991,1233,89,5313,75.1176359872012,23.20722755505364,51.91040843214756,Trump
54009,Brooke County,WV,West Virginia,6986,2621,175,9782,71.41688816193007,26.79411163361276,44.62277652831732,Trump
54011,Cabell County,WV,West Virginia,21229,13474,726,35429,59.919839679358724,38.03099156058596,21.888848118772756,Trump
54013,Calhoun County,WV,West Virginia,2391,488,57,2936,81.43732970027247,16.62125340599455,64.81607629427792,Trump
54015,Clay County,WV,West Virginia,2597,580,63,3240,80.15432098765433,17.901234567901234,62.25308641975309,Trump
54017,Doddridge County,WV,West Virginia,2541,374,41,2956,85.96075778078485,12.652232746955344,73.3085250338295,Trump
54019,Fayette County,WV,West Virginia,10910,4387,323,15620,69.84635083226632,28.085787451984633,41.76056338028169,Trump
54021,Gilmer County,WV,West Virginia,1822,486,36,2344,77.73037542662115,20.733788395904437,56.996587030716725,Trump
54023,Grant County,WV,West Virginia,4949,552,67,5568,88.88290229885058,9.913793103448276,78.9691091954023,Trump
54025,Greenbrier County,WV,West Virginia,10517,4196,283,14996,70.13203520938916,27.980794878634303,42.15124033075487,Trump
54027,Hampshire County,WV,West Virginia,8464,1890,146,10500,80.60952380952381,18.0,62.609523809523814,Trump
54029,Hancock County,WV,West Virginia,9462,3360,208,13030,72.61703760552571,25.786646201074443,46.83039140445126,Trump
54031,Hardy County,WV,West Virginia,4997,1297,117,6411,77.9441584776166,20.23085322102636,57.71330525659023,Trump
54033,Harrison County,WV,West Virginia,20480,8402,613,29495,69.43549754195627,28.48618409899983,40.94931344295643,Trump
54035,Jackson County,WV,West Virginia,9907,2699,216,12822,77.26563718608641,21.049758228045548,56.21587895804087,Trump
54037,Jefferson County,WV,West Virginia,16573,11967,616,29156,56.84250240087804,41.04472492797366,15.797777472904375,Trump
54039,Kanawha County,WV,West Virginia,43352,30231,1656,75239,57.61905394808543,40.179959861242175,17.43909408684326,Trump
54041,Lewis County,WV,West Virginia,5550,1372,126,7048,78.74574347332577,19.46651532349603,59.27922814982974,Trump
54043,Lincoln County,WV,West Virginia,5770,1279,138,7187,80.28384583275358,17.796020592736888,62.48782524001669,Trump
54045,Logan County,WV,West Virginia,9500,1848,121,11469,82.83198186415555,16.11300026157468,66.71898160258087,Trump
54049,Marion County,WV,West Virginia,15881,8185,568,24634,64.46780871965576,33.2264350085248,31.24137371113096,Trump
54051,Marshall County,WV,West Virginia,9808,3186,239,13233,74.1177359631225,24.076173203355246,50.041562759767245,Trump
54053,Mason County,WV,West Virginia,8232,2111,204,10547,78.0506305110458,20.015170190575517,58.03546032047028,Trump
54047,McDowell County,WV,West Virginia,4310,1036,79,5425,79.44700460829493,19.096774193548388,60.35023041474654,Trump
54055,Mercer County,WV,West Virginia,18372,4851,361,23584,77.90027137042063,20.56902985074627,57.33124151967436,Trump
54057,Mineral County,WV,West Virginia,10247,2483,174,12904,79.40948543087416,19.242095474271544,60.167389956602605,Trump
54059,Mingo County,WV,West Virginia,7325,1061,104,8490,86.27797408716137,12.497055359246172,73.78091872791519,Trump
54061,Monongalia County,WV,West Virginia,21084,19265,1103,41452,50.863649522339095,46.475441474476504,4.388208047862588,Trump
54063,Monroe County,WV,West Virginia,5089,1155,123,6367,79.92775247369248,18.140411496780274,61.787340976912205,Trump
54065,Morgan County,WV,West Virginia,7009,1947,141,9097,77.0473782565681,21.40266021765417,55.64471803891393,Trump
54067,Nicholas County,WV,West Virginia,7960,1919,158,10037,79.30656570688453,19.119258742652185,60.18730696423235,Trump
54069,Ohio County,WV,West Virginia,11593,6727,369,18689,62.031141313071856,35.994435229279254,26.036706083792605,Trump
54071,Pendleton County,WV,West Virginia,2687,680,58,3425,78.45255474452554,19.854014598540147,58.5985401459854,Trump
54073,Pleasants County,WV,West Virginia,2632,656,60,3348,78.61409796893668,19.59378733572282,59.02031063321386,Trump
54075,Pocahontas County,WV,West Virginia,2889,927,85,3901,74.05793386311203,23.763137657011022,50.294796206101,Trump
54077,Preston County,WV,West Virginia,11176,2953,297,14426,77.47123249688063,20.469984749757383,57.00124774712325,Trump
54079,Putnam County,WV,West Virginia,19868,7124,515,27507,72.22888719235104,25.898862107827096,46.33002508452394,Trump
54081,Raleigh County,WV,West Virginia,23644,6816,506,30966,76.35471161919524,22.011238132144932,54.34347348705031,Trump
54083,Randolph County,WV,West Virginia,8356,3008,230,11594,72.07176125582197,25.94445402794549,46.127307227876486,Trump
54085,Ritchie County,WV,West Virginia,3473,517,60,4050,85.75308641975309,12.76543209876543,72.98765432098764,Trump
54087,Roane County,WV,West Virginia,4189,1218,114,5521,75.87393588118094,22.06122079333454,53.81271508784641,Trump
54089,Summers County,WV,West Virginia,3931,1226,107,5264,74.67705167173251,23.290273556231003,51.38677811550152,Trump
54091,Taylor County,WV,West Virginia,5422,1694,149,7265,74.63179628355128,23.317274604267034,51.31452167928424,Trump
54093,Tucker County,WV,West Virginia,2669,890,77,3636,73.4048404840484,24.477447744774476,48.92739273927393,Trump
54095,Tyler County,WV,West Virginia,2991,554,72,3617,82.69283936964335,15.316560685651092,67.37627868399227,Trump
54097,Upshur County,WV,West Virginia,7633,2033,193,9859,77.42164519728168,20.620752611826756,56.80089258545491,Trump
54099,Wayne County,WV,West Virginia,11934,3532,281,15747,75.7858639740903,22.429669143328887,53.35619483076142,Trump
54101,Webster County,WV,West Virginia,2478,479,41,2998,82.65510340226818,15.977318212141428,66.67778519012674,Trump
54103,Wetzel County,WV,West Virginia,4718,1294,156,6168,76.49156939040208,20.979247730220493,55.512321660181584,Trump
54105,Wirt County,WV,West Virginia,2120,409,52,2581,82.13870592793491,15.846571096474236,66.29213483146067,Trump
54107,Wood County,WV,West Virginia,26380,10317,616,37313,70.69922011095329,27.649880738616567,43.04933937233672,Trump
54109,Wyoming County,WV,West Virginia,6503,980,82,7565,85.96166556510244,12.954395241242564,73.00727032385988,Trump
55001,Adams County,WI,Wisconsin,7763,4443,676,12882,60.26238161776122,34.48998602701444,25.772395590746775,Trump
55003,Ashland County,WI,Wisconsin,4191,4612,152,8955,46.800670016750416,51.50195421552205,-4.701284198771636,Harris
55005,Barron County,WI,Wisconsin,16726,8941,1142,26809,62.38949606475437,33.35074042299228,29.038755641762094,Trump
55007,Bayfield County,WI,Wisconsin,4860,6107,273,11240,43.238434163701065,54.33274021352313,-11.094306049822064,Harris
55009,Brown County,WI,Wisconsin,79132,67937,2264,149333,52.99029685334119,45.493628333991815,7.496668519349374,Trump
55011,Buffalo County,WI,Wisconsin,5213,2765,122,8100,64.35802469135803,34.135802469135804,30.22222222222222,Trump
55013,Burnett County,WI,Wisconsin,7008,3665,137,10810,64.82886216466235,33.90379278445884,30.925069380203514,Trump
55015,Calumet County,WI,Wisconsin,19488,12927,501,32916,59.20524972657674,39.27269413051403,19.932555596062702,Trump
55017,Chippewa County,WI,Wisconsin,23399,14573,499,38471,60.822437680330644,37.88048140157521,22.941956278755427,Trump
55019,Clark County,WI,Wisconsin,10481,4509,350,15340,68.32464146023469,29.393741851368972,38.93089960886571,Trump
55021,Columbia County,WI,Wisconsin,17988,16388,538,34914,51.5208798762674,46.9381909835596,4.582688892707797,Trump
55023,Crawford County,WI,Wisconsin,5113,3860,132,9105,56.15595826468973,42.39428885227897,13.761669412410763,Trump
55025,Dane County,WI,Wisconsin,85454,273995,6480,365929,23.352617584285476,74.876547089736,-51.52392950545052,Harris
55027,Dodge County,WI,Wisconsin,33067,16518,715,50300,65.73956262425448,32.8389662027833,32.90059642147117,Trump
55029,Door County,WI,Wisconsin,10099,10565,280,20944,48.21906035141329,50.44404125286478,-2.22498090145149,Harris
55031,Douglas County,WI,Wisconsin,11732,13073,429,25234,46.49282713798843,51.80708567805342,-5.3142585400649915,Harris
55033,Dunn County,WI,Wisconsin,14726,10643,309,25678,57.34870317002881,41.44793208193784,15.900771088090973,Trump
55035,Eau Claire County,WI,Wisconsin,27728,34400,1049,63177,43.88939012615351,54.4501954825332,-10.560805356379694,Harris
55037,Florence County,WI,Wisconsin,2356,783,19,3158,74.60417986067131,24.79417352754908,49.81000633312223,Trump
55039,Fond du Lac County,WI,Wisconsin,37272,20495,760,58527,63.68342816136142,35.01802586840262,28.665402292958802,Trump
55041,Forest County,WI,Wisconsin,3382,1681,34,5097,66.35275652344517,32.98018442220914,33.37257210123602,Trump
55043,Grant County,WI,Wisconsin,15922,10966,418,27306,58.30952904123636,40.15967186698894,18.14985717424742,Trump
55045,Green County,WI,Wisconsin,10843,10903,330,22076,49.11668780576191,49.388476173219786,-0.27178836745787277,Harris
55047,Green Lake County,WI,Wisconsin,7458,3449,145,11052,67.48099891422366,31.20702135360116,36.27397756062251,Trump
55049,Iowa County,WI,Wisconsin,6631,7750,296,14677,45.179532602030385,52.80370647952579,-7.624173877495401,Harris
55051,Iron County,WI,Wisconsin,2557,1487,40,4084,62.6101860920666,36.4103819784525,26.199804113614107,Trump
55053,Jackson County,WI,Wisconsin,6204,4157,141,10502,59.07446200723672,39.5829365835079,19.491525423728813,Trump
55055,Jefferson County,WI,Wisconsin,28771,20574,801,50146,57.37446655765166,41.02819766282455,16.346268894827105,Trump
55057,Juneau County,WI,Wisconsin,9525,4854,174,14553,65.45042259327974,33.353947639661925,32.09647495361781,Trump
55059,Kenosha County,WI,Wisconsin,47478,41826,1376,90680,52.35774150860168,46.124834583149536,6.232906925452139,Trump
55061,Kewaunee County,WI,Wisconsin,8267,4059,158,12484,66.2207625760974,32.513617430310795,33.707145145786605,Trump
55063,La Crosse County,WI,Wisconsin,32247,39008,1006,72261,44.62573172250592,53.98209269177011,-9.356360969264195,Harris
55065,Lafayette County,WI,Wisconsin,5256,3469,107,8832,59.5108695652174,39.2776268115942,20.233242753623188,Trump
55067,Langlade County,WI,Wisconsin,7782,3746,136,11664,66.71810699588477,32.115912208504795,34.60219478737997,Trump
55069,Lincoln County,WI,Wisconsin,10633,6306,270,17209,61.78743680632227,36.643616712185484,25.14382009413679,Trump
55071,Manitowoc County,WI,Wisconsin,28200,17399,717,46316,60.88608688142326,37.56585197340012,23.320234908023146,Trump
55073,Marathon County,WI,Wisconsin,46213,31529,1084,78826,58.626595285819405,39.99822393626468,18.628371349554715,Trump
55075,Marinette County,WI,Wisconsin,16670,7415,330,24415,68.27769813639156,30.370673766127382,37.90702437026418,Trump
55077,Marquette County,WI,Wisconsin,6041,3252,134,9427,64.08189243661823,34.496658533998094,29.585233902620132,Trump
55078,Menominee County,WI,Wisconsin,296,1266,10,1572,18.829516539440203,80.53435114503816,-61.704834605597966,Harris
55079,Milwaukee County,WI,Wisconsin,138022,316292,9793,464107,29.739262713124344,68.15066353233198,-38.41140081920764,Harris
55081,Monroe County,WI,Wisconsin,14563,8476,330,23369,62.317600239633705,36.2702725833369,26.047327656296805,Trump
55083,Oconto County,WI,Wisconsin,17675,6967,270,24912,70.94974309569685,27.966441875401415,42.98330122029544,Trump
55085,Oneida County,WI,Wisconsin,14455,10080,360,24895,58.06386824663588,40.490058244627434,17.573810002008436,Trump
55087,Outagamie County,WI,Wisconsin,60827,49438,1667,111932,54.34281528070615,44.16788764607083,10.174927634635313,Trump
55089,Ozaukee County,WI,Wisconsin,34504,27874,1094,63472,54.36097806906982,43.91542727501891,10.44555079405092,Trump
55091,Pepin County,WI,Wisconsin,2798,1523,33,4354,64.26274689940284,34.9793293523197,29.28341754708314,Trump
55093,Pierce County,WI,Wisconsin,14417,10171,804,25392,56.77772526780088,40.055923125393825,16.721802142407057,Trump
55095,Polk County,WI,Wisconsin,18296,9567,359,28222,64.82885692013323,33.89908581957338,30.92977110055985,Trump
55097,Portage County,WI,Wisconsin,20987,21503,768,43258,48.515881455453325,49.70872439779925,-1.1928429423459244,Harris
55099,Price County,WI,Wisconsin,5763,3005,88,8856,65.07452574525745,33.93179765130985,31.142728093947607,Trump
55101,Racine County,WI,Wisconsin,56347,49721,1618,107686,52.32527905205876,46.17220437197036,6.153074680088405,Trump
55103,Richland County,WI,Wisconsin,5207,3985,131,9323,55.85112088383567,42.74375201115521,13.107368872680466,Trump
55105,Rock County,WI,Wisconsin,40218,46642,1450,88310,45.54184124108255,52.816215604121844,-7.274374363039293,Harris
55107,Rusk County,WI,Wisconsin,5660,2516,94,8270,68.44014510278113,30.42321644498186,38.016928657799276,Trump
55111,Sauk County,WI,Wisconsin,18798,18172,614,37584,50.01596424010217,48.35036185610898,1.6656023839931886,Trump
55113,Sawyer County,WI,Wisconsin,6422,4599,119,11140,57.64811490125673,41.283662477558345,16.364452423698385,Trump
55115,Shawano County,WI,Wisconsin,15850,7336,314,23500,67.4468085106383,31.217021276595748,36.229787234042554,Trump
55117,Sheboygan County,WI,Wisconsin,38763,27735,1064,67562,57.37396761493147,41.05118261744768,16.32278499748379,Trump
55109,St. Croix County,WI,Wisconsin,35537,23870,1235,60642,58.60129942943835,39.36215824016358,19.23914118927476,Trump
55119,Taylor County,WI,Wisconsin,8209,2823,154,11186,73.38637582692652,25.236903271947075,48.14947255497944,Trump
55121,Trempealeau County,WI,Wisconsin,9661,6219,199,16079,60.08458237452577,38.677778468810246,21.40680390571553,Trump
55123,Vernon County,WI,Wisconsin,8807,7514,288,16609,53.02546811969414,45.24053224155578,7.784935878138359,Trump
55125,Vilas County,WI,Wisconsin,9837,6119,179,16135,60.96684226836071,37.92376820576387,23.043074062596837,Trump
55127,Walworth County,WI,Wisconsin,36603,23161,833,60597,60.40398039506907,38.22136409393204,22.18261630113702,Trump
55129,Washburn County,WI,Wisconsin,6962,3867,149,10978,63.417744580069225,35.22499544543633,28.192749134632898,Trump
55131,Washington County,WI,Wisconsin,61604,28504,1299,91407,67.39527607294846,31.18360738236678,36.21166869058168,Trump
55133,Waukesha County,WI,Wisconsin,162768,108478,4541,275787,59.01946067073502,39.333978758969785,19.68548191176524,Trump
55135,Waupaca County,WI,Wisconsin,20093,9947,363,30403,66.08887280860442,32.71716606913792,33.371706739466504,Trump
55137,Waushara County,WI,Wisconsin,9625,4571,167,14363,67.01246257745596,31.82482768223909,35.18763489521688,Trump
55139,Winnebago County,WI,Wisconsin,49179,44660,1532,95371,51.56598966142748,46.827652011617786,4.738337649809691,Trump
55141,Wood County,WI,Wisconsin,24997,16599,620,42216,59.21214705324995,39.31921546333144,19.892931589918515,Trump
56001,Albany County,WY,Wyoming,8930,8371,576,17877,49.952452872405885,46.82553001062818,3.1269228617777034,Trump
56003,Big Horn County,WY,Wyoming,4867,742,126,5735,84.86486486486487,12.938099389712294,71.92676547515258,Trump
56005,Campbell County,WY,Wyoming,16006,2004,332,18342,87.26420237705813,10.925744193653909,76.33845818340421,Trump
56007,Carbon County,WY,Wyoming,4952,1274,161,6387,77.53248786597777,19.946766870205103,57.58572099577266,Trump
56009,Converse County,WY,Wyoming,5756,845,138,6739,85.41326606321412,12.538952366820002,72.87431369639413,Trump
56011,Crook County,WY,Wyoming,3805,443,96,4344,87.59208103130756,10.197974217311234,77.39410681399632,Trump
56013,Fremont County,WY,Wyoming,11552,5179,525,17256,66.94483078349559,30.01274918868799,36.932081594807606,Trump
56015,Goshen County,WY,Wyoming,4893,1156,125,6174,79.25170068027211,18.723679948169742,60.52802073210236,Trump
56017,Hot Springs County,WY,Wyoming,2082,488,50,2620,79.46564885496184,18.62595419847328,60.839694656488554,Trump
56019,Johnson County,WY,Wyoming,3936,847,115,4898,80.35933033891384,17.292772560228663,63.06655777868517,Trump
56021,Laramie County,WY,Wyoming,28063,14153,1146,43362,64.71795581384623,32.6391771597251,32.07877865412112,Trump
56023,Lincoln County,WY,Wyoming,8957,1623,260,10840,82.62915129151291,14.972324723247233,67.65682656826569,Trump
56025,Natrona County,WY,Wyoming,24671,8337,913,33921,72.73075675835028,24.57769523304148,48.15306152530881,Trump
56027,Niobrara County,WY,Wyoming,1108,112,14,1234,89.78930307941653,9.076175040518638,80.71312803889789,Trump
56029,Park County,WY,Wyoming,13084,3259,400,16743,78.14609090366123,19.46485098250015,58.68123992116108,Trump
56031,Platte County,WY,Wyoming,3874,780,111,4765,81.30115424973768,16.369359916054567,64.9317943336831,Trump
56033,Sheridan County,WY,Wyoming,12041,3920,464,16425,73.3089802130898,23.866057838660577,49.44292237442922,Trump
56035,Sublette County,WY,Wyoming,3905,920,99,4924,79.30544272948822,18.68399675060926,60.62144597887896,Trump
56037,Sweetwater County,WY,Wyoming,12541,3731,426,16698,75.10480297041562,22.34399329260989,52.76080967780572,Trump
56039,Teton County,WY,Wyoming,4134,8748,404,13286,31.115459882583167,65.84374529580009,-34.728285413216916,Harris
56041,Uinta County,WY,Wyoming,7282,1561,246,9089,80.11882495324018,17.174606667400155,62.94421828584002,Trump
56043,Washakie County,WY,Wyoming,3125,656,96,3877,80.60355945318545,16.92029920041269,63.68326025277277,Trump
56045,Weston County,WY,Wyoming,3069,378,65,3512,87.38610478359908,10.763097949886106,76.62300683371298,Trump
02185,North Slope Borough,AK,Alaska,939,690,101,1730,54.27745664739885,39.884393063583815,14.39306358381503,Trump
