political,missing_multiplier,time_multiplier,target_multiplier,county_shared,exclude_flagged,year,winner,measure,p05,median,p95,fixed_population
neutral,1.0,1.0,1.0,False,False,2026,Trump,operating_gw,25.97649389109591,35.484284395348205,48.71409236362862,39252529.0
neutral,1.0,1.0,1.0,False,False,2026,Trump,mw_per_1000_fixed_host_population,0.6617788599327171,0.9039999536169556,1.2410434080216495,39252529.0
neutral,1.0,1.0,1.0,False,False,2026,Trump,mw_per_1000_operating_host_population,1.7055742110668308,2.329840224650647,3.198487832856159,39252529.0
neutral,1.0,1.0,1.0,False,False,2026,Trump,operating_host_residents_millions,15.230351,15.230351,15.230351,39252529.0
neutral,1.0,1.0,1.0,False,False,2026,Trump,operating_project_count,64.0,64.0,64.0,39252529.0
neutral,1.0,1.0,1.0,False,False,2026,Trump,operating_gw_per_listed_proposal,0.0,0.0,0.0,39252529.0
neutral,1.0,1.0,1.0,False,False,2026,Harris,operating_gw,24.502423669546353,35.4271833161306,49.91683784770873,81424822.0
neutral,1.0,1.0,1.0,False,False,2026,Harris,mw_per_1000_fixed_host_population,0.30092081342893634,0.43509070632209174,0.6130420260262738,81424822.0
neutral,1.0,1.0,1.0,False,False,2026,Harris,mw_per_1000_operating_host_population,0.4878311248226481,0.7053376808550678,0.9938195291718388,81424822.0
neutral,1.0,1.0,1.0,False,False,2026,Harris,operating_host_residents_millions,50.227266,50.227266,50.227266,81424822.0
neutral,1.0,1.0,1.0,False,False,2026,Harris,operating_project_count,60.0,60.0,60.0,81424822.0
neutral,1.0,1.0,1.0,False,False,2026,Harris,operating_gw_per_listed_proposal,0.0,0.0,0.0,81424822.0
neutral,1.0,1.0,1.0,False,False,2026,Trump/Harris,intensity_ratio,1.372810900919085,2.084887326638582,3.242908720428874,
neutral,1.0,1.0,1.0,False,False,2028,Trump,operating_gw,39.112363854629216,55.18598720277985,76.40919025861238,39252529.0
neutral,1.0,1.0,1.0,False,False,2028,Trump,mw_per_1000_fixed_host_population,0.9964291435751623,1.4059218248785919,1.946605536132777,39252529.0
neutral,1.0,1.0,1.0,False,False,2028,Trump,mw_per_1000_operating_host_population,2.063612003643894,2.694024708566525,3.4688548962661936,39252529.0
neutral,1.0,1.0,1.0,False,False,2028,Trump,operating_host_residents_millions,17.0428291,20.4400315,24.686841949999998,39252529.0
neutral,1.0,1.0,1.0,False,False,2028,Trump,operating_project_count,86.0,118.0,156.0,39252529.0
neutral,1.0,1.0,1.0,False,False,2028,Trump,operating_gw_per_listed_proposal,0.0,0.005291021017156916,0.0362357308892903,39252529.0
neutral,1.0,1.0,1.0,False,False,2028,Harris,operating_gw,31.4607789258531,44.08979928051343,60.64532140058339,81424822.0
neutral,1.0,1.0,1.0,False,False,2028,Harris,mw_per_1000_fixed_host_population,0.38637823397210613,0.5414786080897227,0.744801399757231,81424822.0
neutral,1.0,1.0,1.0,False,False,2028,Harris,mw_per_1000_operating_host_population,0.5337832088511195,0.7309911597229293,0.9920511722172771,81424822.0
neutral,1.0,1.0,1.0,False,False,2028,Harris,operating_host_residents_millions,53.8855857,60.1893695,66.9995173,81424822.0
neutral,1.0,1.0,1.0,False,False,2028,Harris,operating_project_count,70.0,86.0,105.0,81424822.0
neutral,1.0,1.0,1.0,False,False,2028,Harris,operating_gw_per_listed_proposal,0.0,0.0020996659038031995,0.023147138886662862,81424822.0
neutral,1.0,1.0,1.0,False,False,2028,Trump/Harris,intensity_ratio,1.7903331751480462,2.598163527452746,3.767120832118108,
neutral,1.0,1.0,1.0,False,False,2030,Trump,operating_gw,69.96448692539839,99.71924626188142,135.46399595763347,39252529.0
neutral,1.0,1.0,1.0,False,False,2030,Trump,mw_per_1000_fixed_host_population,1.782419851862243,2.540454049772981,3.451089634444534,39252529.0
neutral,1.0,1.0,1.0,False,False,2030,Trump,mw_per_1000_operating_host_population,2.7833312587736145,3.6047531779217965,4.627415167300452,39252529.0
neutral,1.0,1.0,1.0,False,False,2030,Trump,operating_host_residents_millions,23.80318115,27.4486075,31.5359944,39252529.0
neutral,1.0,1.0,1.0,False,False,2030,Trump,operating_project_count,156.0,188.0,212.0,39252529.0
neutral,1.0,1.0,1.0,False,False,2030,Trump,operating_gw_per_listed_proposal,0.021376010651825147,0.0828183480137898,0.19589931642290298,39252529.0
neutral,1.0,1.0,1.0,False,False,2030,Harris,operating_gw,43.82941396039618,59.88670339820471,79.32347592875819,81424822.0
neutral,1.0,1.0,1.0,False,False,2030,Harris,mw_per_1000_fixed_host_population,0.5382807463846363,0.7354846093271745,0.9741928073082945,81424822.0
neutral,1.0,1.0,1.0,False,False,2030,Harris,mw_per_1000_operating_host_population,0.6447676404533529,0.8484299600376092,1.111069886554102,81424822.0
neutral,1.0,1.0,1.0,False,False,2030,Harris,operating_host_residents_millions,65.3402833,70.56386549999999,74.71862209999999,81424822.0
neutral,1.0,1.0,1.0,False,False,2030,Harris,operating_project_count,103.0,119.0,131.0,81424822.0
neutral,1.0,1.0,1.0,False,False,2030,Harris,operating_gw_per_listed_proposal,0.008966771281407583,0.049646565377270746,0.13774496501988345,81424822.0
neutral,1.0,1.0,1.0,False,False,2030,Trump/Harris,intensity_ratio,2.528816043199423,3.444282730579051,4.572746922873834,
neutral,1.0,1.0,1.0,False,False,2032,Trump,operating_gw,100.94741525070329,136.7976202125733,173.46205044944412,39252529.0
neutral,1.0,1.0,1.0,False,False,2032,Trump,mw_per_1000_fixed_host_population,2.5717429633821376,3.485065133321048,4.419130559700856,39252529.0
neutral,1.0,1.0,1.0,False,False,2032,Trump,mw_per_1000_operating_host_population,3.5332427077323443,4.551237471957405,5.708826463930537,39252529.0
neutral,1.0,1.0,1.0,False,False,2032,Trump,operating_host_residents_millions,26.7907875,29.8013555,33.500337249999994,39252529.0
neutral,1.0,1.0,1.0,False,False,2032,Trump,operating_project_count,186.0,210.0,226.0,39252529.0
neutral,1.0,1.0,1.0,False,False,2032,Trump,operating_gw_per_listed_proposal,0.08002344183826654,0.19471870202807562,0.35545388214745327,39252529.0
neutral,1.0,1.0,1.0,False,False,2032,Harris,operating_gw,54.61832509096238,71.65494382861027,91.80147062573467,81424822.0
neutral,1.0,1.0,1.0,False,False,2032,Harris,mw_per_1000_fixed_host_population,0.6707822473466675,0.8800135151491063,1.127438394961854,81424822.0
neutral,1.0,1.0,1.0,False,False,2032,Harris,mw_per_1000_operating_host_population,0.7594440770953664,0.9800379713389968,1.251352533526415,81424822.0
neutral,1.0,1.0,1.0,False,False,2032,Harris,operating_host_residents_millions,69.5646955,73.158421,76.4489152,81424822.0
neutral,1.0,1.0,1.0,False,False,2032,Harris,operating_project_count,118.0,128.0,137.0,81424822.0
neutral,1.0,1.0,1.0,False,False,2032,Harris,operating_gw_per_listed_proposal,0.04039554558124726,0.12078839387054412,0.24499503614664206,81424822.0
neutral,1.0,1.0,1.0,False,False,2032,Trump/Harris,intensity_ratio,3.0186220909686265,3.931851295336225,5.0521931214046285,
neutral,1.0,1.0,1.0,False,False,2034,Trump,operating_gw,126.38154854428313,161.2727467136088,195.6987021922499,39252529.0
neutral,1.0,1.0,1.0,False,False,2034,Trump,mw_per_1000_fixed_host_population,3.219704609205769,4.108595059279079,4.9856329560892725,39252529.0
neutral,1.0,1.0,1.0,False,False,2034,Trump,mw_per_1000_operating_host_population,4.179652934966712,5.226548270946974,6.3522526887174084,39252529.0
neutral,1.0,1.0,1.0,False,False,2034,Trump,operating_host_residents_millions,27.7650223,30.619656499999998,34.15767835,39252529.0
neutral,1.0,1.0,1.0,False,False,2034,Trump,operating_project_count,197.0,217.0,231.0,39252529.0
neutral,1.0,1.0,1.0,False,False,2034,Trump,operating_gw_per_listed_proposal,0.1430361511950338,0.2899333453605647,0.4714983664431392,39252529.0
neutral,1.0,1.0,1.0,False,False,2034,Harris,operating_gw,61.85308651344714,78.51880900587528,98.40308750405829,81424822.0
neutral,1.0,1.0,1.0,False,False,2034,Harris,mw_per_1000_fixed_host_population,0.7596342858870128,0.9643104777788193,1.2085146161456555,81424822.0
neutral,1.0,1.0,1.0,False,False,2034,Harris,mw_per_1000_operating_host_population,0.8431536635542377,1.0624475051051885,1.330943574421905,81424822.0
neutral,1.0,1.0,1.0,False,False,2034,Harris,operating_host_residents_millions,70.67557045,73.92131950000001,77.08986295,81424822.0
neutral,1.0,1.0,1.0,False,False,2034,Harris,operating_project_count,122.0,131.0,139.0,81424822.0
neutral,1.0,1.0,1.0,False,False,2034,Harris,operating_gw_per_listed_proposal,0.0753352558317984,0.17515255970366161,0.30917778200315904,81424822.0
neutral,1.0,1.0,1.0,False,False,2034,Trump/Harris,intensity_ratio,3.3081996626367376,4.2295444048215325,5.391982756053256,
neutral,1.0,1.0,1.0,False,False,2036,Trump,operating_gw,143.83325228019999,175.46730245128663,207.79544631136986,39252529.0
neutral,1.0,1.0,1.0,False,False,2036,Trump,mw_per_1000_fixed_host_population,3.6643053567376507,4.470216491051739,5.2938104016525855,39252529.0
neutral,1.0,1.0,1.0,False,False,2036,Trump,mw_per_1000_operating_host_population,4.680625943621349,5.640446926355029,6.749329997663079,39252529.0
neutral,1.0,1.0,1.0,False,False,2036,Trump,operating_host_residents_millions,28.0652321,30.920627500000002,34.3816212,39252529.0
neutral,1.0,1.0,1.0,False,False,2036,Trump,operating_project_count,200.0,219.0,233.0,39252529.0
neutral,1.0,1.0,1.0,False,False,2036,Trump,operating_gw_per_listed_proposal,0.19455177091185932,0.3563962232036023,0.5447266107419486,39252529.0
neutral,1.0,1.0,1.0,False,False,2036,Harris,operating_gw,65.35427537172465,81.93835017831216,101.71138008718539,81424822.0
neutral,1.0,1.0,1.0,False,False,2036,Harris,mw_per_1000_fixed_host_population,0.8026333219583167,1.0063067767997351,1.2491446415097518,81424822.0
neutral,1.0,1.0,1.0,False,False,2036,Harris,mw_per_1000_operating_host_population,0.8911260617167188,1.105929370976476,1.372148125798832,81424822.0
neutral,1.0,1.0,1.0,False,False,2036,Harris,operating_host_residents_millions,70.93916825,74.1850055,77.27103755,81424822.0
neutral,1.0,1.0,1.0,False,False,2036,Harris,operating_project_count,123.0,132.0,140.0,81424822.0
neutral,1.0,1.0,1.0,False,False,2036,Harris,operating_gw_per_listed_proposal,0.09847657326962707,0.2063865314871462,0.3449189060317419,81424822.0
neutral,1.0,1.0,1.0,False,False,2036,Trump/Harris,intensity_ratio,3.4873649295223648,4.4220845174371055,5.582861254981045,
proportional,1.0,1.0,1.0,False,False,2026,Trump,operating_gw,25.97649389109591,35.484284395348205,48.71409236362862,39252529.0
proportional,1.0,1.0,1.0,False,False,2026,Trump,mw_per_1000_fixed_host_population,0.6617788599327171,0.9039999536169556,1.2410434080216495,39252529.0
proportional,1.0,1.0,1.0,False,False,2026,Trump,mw_per_1000_operating_host_population,1.7055742110668308,2.329840224650647,3.198487832856159,39252529.0
proportional,1.0,1.0,1.0,False,False,2026,Trump,operating_host_residents_millions,15.230351,15.230351,15.230351,39252529.0
proportional,1.0,1.0,1.0,False,False,2026,Trump,operating_project_count,64.0,64.0,64.0,39252529.0
proportional,1.0,1.0,1.0,False,False,2026,Trump,operating_gw_per_listed_proposal,0.0,0.0,0.0,39252529.0
proportional,1.0,1.0,1.0,False,False,2026,Harris,operating_gw,24.502423669546353,35.4271833161306,49.91683784770873,81424822.0
proportional,1.0,1.0,1.0,False,False,2026,Harris,mw_per_1000_fixed_host_population,0.30092081342893634,0.43509070632209174,0.6130420260262738,81424822.0
proportional,1.0,1.0,1.0,False,False,2026,Harris,mw_per_1000_operating_host_population,0.4878311248226481,0.7053376808550678,0.9938195291718388,81424822.0
proportional,1.0,1.0,1.0,False,False,2026,Harris,operating_host_residents_millions,50.227266,50.227266,50.227266,81424822.0
proportional,1.0,1.0,1.0,False,False,2026,Harris,operating_project_count,60.0,60.0,60.0,81424822.0
proportional,1.0,1.0,1.0,False,False,2026,Harris,operating_gw_per_listed_proposal,0.0,0.0,0.0,81424822.0
proportional,1.0,1.0,1.0,False,False,2026,Trump/Harris,intensity_ratio,1.372810900919085,2.084887326638582,3.242908720428874,
proportional,1.0,1.0,1.0,False,False,2028,Trump,operating_gw,39.21117878063028,55.42885857237066,77.39328426052413,39252529.0
proportional,1.0,1.0,1.0,False,False,2028,Trump,mw_per_1000_fixed_host_population,0.9989465591027338,1.4121092317993234,1.9716763793875325,39252529.0
proportional,1.0,1.0,1.0,False,False,2028,Trump,mw_per_1000_operating_host_population,2.0631828389269655,2.6998413377309527,3.475250185713905,39252529.0
proportional,1.0,1.0,1.0,False,False,2028,Trump,operating_host_residents_millions,17.07058965,20.5174965,25.0292104,39252529.0
proportional,1.0,1.0,1.0,False,False,2028,Trump,operating_project_count,87.0,119.0,159.0,39252529.0
proportional,1.0,1.0,1.0,False,False,2028,Trump,operating_gw_per_listed_proposal,0.0,0.007774777164164962,0.04648863383308968,39252529.0
proportional,1.0,1.0,1.0,False,False,2028,Harris,operating_gw,31.45962865776584,44.0548680924756,60.61126053438076,81424822.0
proportional,1.0,1.0,1.0,False,False,2028,Harris,mw_per_1000_fixed_host_population,0.38636410722231407,0.5410496088339696,0.7443830891565317,81424822.0
proportional,1.0,1.0,1.0,False,False,2028,Harris,mw_per_1000_operating_host_population,0.5343286175843105,0.7318250698464169,0.9924741796068034,81424822.0
proportional,1.0,1.0,1.0,False,False,2028,Harris,operating_host_residents_millions,53.8429194,60.1250215,66.7988752,81424822.0
proportional,1.0,1.0,1.0,False,False,2028,Harris,operating_project_count,70.0,86.0,104.0,81424822.0
proportional,1.0,1.0,1.0,False,False,2028,Harris,operating_gw_per_listed_proposal,0.0,0.0010034277864849651,0.020012302530869316,81424822.0
proportional,1.0,1.0,1.0,False,False,2028,Trump/Harris,intensity_ratio,1.7977563350564478,2.618075766750005,3.7964292433555986,
proportional,1.0,1.0,1.0,False,False,2030,Trump,operating_gw,71.3532693701906,102.79841988617173,141.862764731312,39252529.0
proportional,1.0,1.0,1.0,False,False,2030,Trump,mw_per_1000_fixed_host_population,1.8178005643965158,2.6188992787234606,3.6141050868674465,39252529.0
proportional,1.0,1.0,1.0,False,False,2030,Trump,mw_per_1000_operating_host_population,2.812750967632996,3.649150781293354,4.721385128931852,39252529.0
proportional,1.0,1.0,1.0,False,False,2030,Trump,operating_host_residents_millions,24.001955900000002,27.977835,32.4377368,39252529.0
proportional,1.0,1.0,1.0,False,False,2030,Trump,operating_project_count,159.0,194.0,222.04999999999973,39252529.0
proportional,1.0,1.0,1.0,False,False,2030,Trump,operating_gw_per_listed_proposal,0.029866897787646517,0.11329488490705192,0.26371742721697755,39252529.0
proportional,1.0,1.0,1.0,False,False,2030,Harris,operating_gw,43.62491398009729,59.48900694602179,78.66186622864268,81424822.0
proportional,1.0,1.0,1.0,False,False,2030,Harris,mw_per_1000_fixed_host_population,0.5357692274733776,0.7306003929123946,0.9660674017640798,81424822.0
proportional,1.0,1.0,1.0,False,False,2030,Harris,mw_per_1000_operating_host_population,0.6432200337675704,0.8483361922196069,1.1098011896541635,81424822.0
proportional,1.0,1.0,1.0,False,False,2030,Harris,operating_host_residents_millions,65.15012755000001,70.14373599999999,73.98828465,81424822.0
proportional,1.0,1.0,1.0,False,False,2030,Harris,operating_project_count,102.0,117.0,128.0,81424822.0
proportional,1.0,1.0,1.0,False,False,2030,Harris,operating_gw_per_listed_proposal,0.005592760148174201,0.03978931747985612,0.11397611045745663,81424822.0
proportional,1.0,1.0,1.0,False,False,2030,Trump/Harris,intensity_ratio,2.591023948330904,3.582238680852066,4.789587201688785,
proportional,1.0,1.0,1.0,False,False,2032,Trump,operating_gw,104.54963335098729,144.30164464663858,185.85175524958854,39252529.0
proportional,1.0,1.0,1.0,False,False,2032,Trump,mw_per_1000_fixed_host_population,2.663513307664515,3.6762381513465954,4.734771490764035,39252529.0
proportional,1.0,1.0,1.0,False,False,2032,Trump,mw_per_1000_operating_host_population,3.5984152237907576,4.6627790429904135,5.8778581827009555,39252529.0
proportional,1.0,1.0,1.0,False,False,2032,Trump,operating_host_residents_millions,27.29612135,30.663486,34.4321468,39252529.0
proportional,1.0,1.0,1.0,False,False,2032,Trump,operating_project_count,193.0,220.0,240.0,39252529.0
proportional,1.0,1.0,1.0,False,False,2032,Trump,operating_gw_per_listed_proposal,0.11203291367759408,0.2650417034883209,0.4738843325249651,39252529.0
proportional,1.0,1.0,1.0,False,False,2032,Harris,operating_gw,53.92379206100973,70.75248866489449,90.67218855331853,81424822.0
proportional,1.0,1.0,1.0,False,False,2032,Harris,mw_per_1000_fixed_host_population,0.662252501589868,0.8689302220997729,1.1135693800266282,81424822.0
proportional,1.0,1.0,1.0,False,False,2032,Harris,mw_per_1000_operating_host_population,0.7577047336748591,0.9760673812815417,1.2485022275144722,81424822.0
proportional,1.0,1.0,1.0,False,False,2032,Harris,operating_host_residents_millions,69.0870961,72.4910665,75.53622895000001,81424822.0
proportional,1.0,1.0,1.0,False,False,2032,Harris,operating_project_count,116.0,126.0,134.0,81424822.0
proportional,1.0,1.0,1.0,False,False,2032,Harris,operating_gw_per_listed_proposal,0.031148782188487906,0.09644321253732219,0.2049442425188219,81424822.0
proportional,1.0,1.0,1.0,False,False,2032,Trump/Harris,intensity_ratio,3.180031619713977,4.205099656995483,5.450067304490139,
proportional,1.0,1.0,1.0,False,False,2034,Trump,operating_gw,132.73938428728476,172.60449126678748,211.06223147062636,39252529.0
proportional,1.0,1.0,1.0,False,False,2034,Trump,mw_per_1000_fixed_host_population,3.381677249057883,4.397283325789976,5.377035234357162,39252529.0
proportional,1.0,1.0,1.0,False,False,2034,Trump,mw_per_1000_operating_host_population,4.307926775653387,5.407835023339031,6.60015587243101,39252529.0
proportional,1.0,1.0,1.0,False,False,2034,Trump,operating_host_residents_millions,28.493056799999998,31.6250485,35.136278399999995,39252529.0
proportional,1.0,1.0,1.0,False,False,2034,Trump,operating_project_count,207.0,229.0,245.0,39252529.0
proportional,1.0,1.0,1.0,False,False,2034,Trump,operating_gw_per_listed_proposal,0.20111434122950206,0.3988150448270582,0.6170836910945412,39252529.0
proportional,1.0,1.0,1.0,False,False,2034,Harris,operating_gw,60.756926234367555,77.16935471287238,97.14092733255328,81424822.0
proportional,1.0,1.0,1.0,False,False,2034,Harris,mw_per_1000_fixed_host_population,0.7461720485476476,0.947737468960907,1.193013689763464,81424822.0
proportional,1.0,1.0,1.0,False,False,2034,Harris,mw_per_1000_operating_host_population,0.8373152901506145,1.0544226977122433,1.324961966914127,81424822.0
proportional,1.0,1.0,1.0,False,False,2034,Harris,operating_host_residents_millions,69.9965354,73.1312515,76.05041159999999,81424822.0
proportional,1.0,1.0,1.0,False,False,2034,Harris,operating_project_count,120.0,128.0,136.0,81424822.0
proportional,1.0,1.0,1.0,False,False,2034,Harris,operating_gw_per_listed_proposal,0.05630513713984026,0.14076453682682882,0.262874517463408,81424822.0
proportional,1.0,1.0,1.0,False,False,2034,Trump/Harris,intensity_ratio,3.54663374870203,4.600606425304863,5.900063596385848,
proportional,1.0,1.0,1.0,False,False,2036,Trump,operating_gw,152.910385352869,189.5407907722307,225.00228644330087,39252529.0
proportional,1.0,1.0,1.0,False,False,2036,Trump,mw_per_1000_fixed_host_population,3.895554993485109,4.828753601385293,5.73217298796979,39252529.0
proportional,1.0,1.0,1.0,False,False,2036,Trump,mw_per_1000_operating_host_population,4.865789957544796,5.899025901263089,7.016223513332597,39252529.0
proportional,1.0,1.0,1.0,False,False,2036,Trump,operating_host_residents_millions,28.8170482,31.9642075,35.3299533,39252529.0
proportional,1.0,1.0,1.0,False,False,2036,Trump,operating_project_count,210.0,232.0,247.0,39252529.0
proportional,1.0,1.0,1.0,False,False,2036,Trump,operating_gw_per_listed_proposal,0.2738353455568573,0.4898034741354843,0.7035543351382537,39252529.0
proportional,1.0,1.0,1.0,False,False,2036,Harris,operating_gw,64.07145360063569,80.34511099967548,99.99048817334469,81424822.0
proportional,1.0,1.0,1.0,False,False,2036,Harris,mw_per_1000_fixed_host_population,0.7868786449497635,0.9867397806491427,1.2280099080025588,81424822.0
proportional,1.0,1.0,1.0,False,False,2036,Harris,mw_per_1000_operating_host_population,0.8821451387530597,1.0941112652829812,1.3661827747303303,81424822.0
proportional,1.0,1.0,1.0,False,False,2036,Harris,operating_host_residents_millions,70.3171985,73.3601385,76.23700439999999,81424822.0
proportional,1.0,1.0,1.0,False,False,2036,Harris,operating_project_count,121.0,129.0,137.0,81424822.0
proportional,1.0,1.0,1.0,False,False,2036,Harris,operating_gw_per_listed_proposal,0.07335434533066704,0.1667923263639739,0.2925867345868175,81424822.0
proportional,1.0,1.0,1.0,False,False,2036,Trump/Harris,intensity_ratio,3.7860906863014585,4.860342677918163,6.16453436653475,
winner_step,1.0,1.0,1.0,False,False,2026,Trump,operating_gw,25.97649389109591,35.484284395348205,48.71409236362862,39252529.0
winner_step,1.0,1.0,1.0,False,False,2026,Trump,mw_per_1000_fixed_host_population,0.6617788599327171,0.9039999536169556,1.2410434080216495,39252529.0
winner_step,1.0,1.0,1.0,False,False,2026,Trump,mw_per_1000_operating_host_population,1.7055742110668308,2.329840224650647,3.198487832856159,39252529.0
winner_step,1.0,1.0,1.0,False,False,2026,Trump,operating_host_residents_millions,15.230351,15.230351,15.230351,39252529.0
winner_step,1.0,1.0,1.0,False,False,2026,Trump,operating_project_count,64.0,64.0,64.0,39252529.0
winner_step,1.0,1.0,1.0,False,False,2026,Trump,operating_gw_per_listed_proposal,0.0,0.0,0.0,39252529.0
winner_step,1.0,1.0,1.0,False,False,2026,Harris,operating_gw,24.502423669546353,35.4271833161306,49.91683784770873,81424822.0
winner_step,1.0,1.0,1.0,False,False,2026,Harris,mw_per_1000_fixed_host_population,0.30092081342893634,0.43509070632209174,0.6130420260262738,81424822.0
winner_step,1.0,1.0,1.0,False,False,2026,Harris,mw_per_1000_operating_host_population,0.4878311248226481,0.7053376808550678,0.9938195291718388,81424822.0
winner_step,1.0,1.0,1.0,False,False,2026,Harris,operating_host_residents_millions,50.227266,50.227266,50.227266,81424822.0
winner_step,1.0,1.0,1.0,False,False,2026,Harris,operating_project_count,60.0,60.0,60.0,81424822.0
winner_step,1.0,1.0,1.0,False,False,2026,Harris,operating_gw_per_listed_proposal,0.0,0.0,0.0,81424822.0
winner_step,1.0,1.0,1.0,False,False,2026,Trump/Harris,intensity_ratio,1.372810900919085,2.084887326638582,3.242908720428874,
winner_step,1.0,1.0,1.0,False,False,2028,Trump,operating_gw,39.228734453863474,55.589709898869785,77.79185500525729,39252529.0
winner_step,1.0,1.0,1.0,False,False,2028,Trump,mw_per_1000_fixed_host_population,0.9993938085839889,1.4162070907296136,1.981830393788316,39252529.0
winner_step,1.0,1.0,1.0,False,False,2028,Trump,mw_per_1000_operating_host_population,2.060505789491868,2.689606903053746,3.4554494281310792,39252529.0
winner_step,1.0,1.0,1.0,False,False,2028,Trump,operating_host_residents_millions,17.09287715,20.625432500000002,25.398444699999995,39252529.0
winner_step,1.0,1.0,1.0,False,False,2028,Trump,operating_project_count,87.0,120.0,161.0,39252529.0
winner_step,1.0,1.0,1.0,False,False,2028,Trump,operating_gw_per_listed_proposal,0.0,0.008905557327497458,0.04960985267430817,39252529.0
winner_step,1.0,1.0,1.0,False,False,2028,Harris,operating_gw,31.386414518522272,44.01308631407659,60.36958434452325,81424822.0
winner_step,1.0,1.0,1.0,False,False,2028,Harris,mw_per_1000_fixed_host_population,0.38546494481157445,0.5405364756471508,0.741414999280235,81424822.0
winner_step,1.0,1.0,1.0,False,False,2028,Harris,mw_per_1000_operating_host_population,0.5330608307401091,0.7319798905193462,0.9936214688946508,81424822.0
winner_step,1.0,1.0,1.0,False,False,2028,Harris,operating_host_residents_millions,53.81196005,60.0228835,66.57666819999999,81424822.0
winner_step,1.0,1.0,1.0,False,False,2028,Harris,operating_project_count,70.0,85.0,103.04999999999973,81424822.0
winner_step,1.0,1.0,1.0,False,False,2028,Harris,operating_gw_per_listed_proposal,0.0,0.0,0.014413442603233018,81424822.0
winner_step,1.0,1.0,1.0,False,False,2028,Trump/Harris,intensity_ratio,1.8040301171216344,2.628456593093329,3.818165718661074,
winner_step,1.0,1.0,1.0,False,False,2030,Trump,operating_gw,71.76005177865592,104.14481243282239,144.91503050939627,39252529.0
winner_step,1.0,1.0,1.0,False,False,2030,Trump,mw_per_1000_fixed_host_population,1.8281637796804362,2.653200063435974,3.691864809765411,39252529.0
winner_step,1.0,1.0,1.0,False,False,2030,Trump,mw_per_1000_operating_host_population,2.7726058505525475,3.6051158483050285,4.622576251184062,39252529.0
winner_step,1.0,1.0,1.0,False,False,2030,Trump,operating_host_residents_millions,24.3291558,28.788424,33.66254565,39252529.0
winner_step,1.0,1.0,1.0,False,False,2030,Trump,operating_project_count,161.0,198.0,229.0,39252529.0
winner_step,1.0,1.0,1.0,False,False,2030,Trump,operating_gw_per_listed_proposal,0.034216667420826616,0.12630469638645503,0.29121114559499384,39252529.0
winner_step,1.0,1.0,1.0,False,False,2030,Harris,operating_gw,43.255957447346034,58.674436291966664,77.66304130344331,81424822.0
winner_step,1.0,1.0,1.0,False,False,2030,Harris,mw_per_1000_fixed_host_population,0.5312379736899644,0.7205964330135919,0.9538005659188703,81424822.0
winner_step,1.0,1.0,1.0,False,False,2030,Harris,mw_per_1000_operating_host_population,0.6407276167386746,0.8476085911198128,1.1062991094942645,81424822.0
winner_step,1.0,1.0,1.0,False,False,2030,Harris,operating_host_residents_millions,64.80696465,69.55642399999999,73.0128409,81424822.0
winner_step,1.0,1.0,1.0,False,False,2030,Harris,operating_project_count,101.0,115.0,125.0,81424822.0
winner_step,1.0,1.0,1.0,False,False,2030,Harris,operating_gw_per_listed_proposal,0.001088681268943189,0.023017027619423806,0.07867498390360786,81424822.0
winner_step,1.0,1.0,1.0,False,False,2030,Trump/Harris,intensity_ratio,2.6361259321313057,3.6773771813618925,4.9679894188789575,
winner_step,1.0,1.0,1.0,False,False,2032,Trump,operating_gw,106.15431307911068,147.39579586653605,190.82519116673816,39252529.0
winner_step,1.0,1.0,1.0,False,False,2032,Trump,mw_per_1000_fixed_host_population,2.704394233531059,3.7550649505038525,4.861475069969075,39252529.0
winner_step,1.0,1.0,1.0,False,False,2032,Trump,mw_per_1000_operating_host_population,3.5435123657560217,4.582704645046357,5.762559266713701,39252529.0
winner_step,1.0,1.0,1.0,False,False,2032,Trump,operating_host_residents_millions,28.0741871,32.028534,35.7624643,39252529.0
winner_step,1.0,1.0,1.0,False,False,2032,Trump,operating_project_count,198.0,227.0,248.0,39252529.0
winner_step,1.0,1.0,1.0,False,False,2032,Trump,operating_gw_per_listed_proposal,0.12753232367392411,0.29542943095406904,0.5213636263887563,39252529.0
winner_step,1.0,1.0,1.0,False,False,2032,Harris,operating_gw,52.837944839444745,69.14966898731353,88.49842116557707,81424822.0
winner_step,1.0,1.0,1.0,False,False,2032,Harris,mw_per_1000_fixed_host_population,0.6489169216660338,0.8492455652812296,1.0868727617921852,81424822.0
winner_step,1.0,1.0,1.0,False,False,2032,Harris,mw_per_1000_operating_host_population,0.748576641609116,0.9677087774653892,1.2371341609443767,81424822.0
winner_step,1.0,1.0,1.0,False,False,2032,Harris,operating_host_residents_millions,68.48203635,71.50438550000001,74.22427545,81424822.0
winner_step,1.0,1.0,1.0,False,False,2032,Harris,operating_project_count,113.0,122.0,129.0,81424822.0
winner_step,1.0,1.0,1.0,False,False,2032,Harris,operating_gw_per_listed_proposal,0.012194407373483528,0.056983655458456836,0.13885397667687366,81424822.0
winner_step,1.0,1.0,1.0,False,False,2032,Trump/Harris,intensity_ratio,3.276012405676592,4.38514755838948,5.776577508087191,
winner_step,1.0,1.0,1.0,False,False,2034,Trump,operating_gw,136.11444499223114,177.1359589247486,217.2830278103995,39252529.0
winner_step,1.0,1.0,1.0,False,False,2034,Trump,mw_per_1000_fixed_host_population,3.46766051665693,4.512727292673261,5.535516649396005,39252529.0
winner_step,1.0,1.0,1.0,False,False,2034,Trump,mw_per_1000_operating_host_population,4.249193134130959,5.316565809039294,6.487014937492147,39252529.0
winner_step,1.0,1.0,1.0,False,False,2034,Trump,operating_host_residents_millions,29.51748315,33.187423,36.433227,39252529.0
winner_step,1.0,1.0,1.0,False,False,2034,Trump,operating_project_count,212.0,236.0,254.0,39252529.0
winner_step,1.0,1.0,1.0,False,False,2034,Trump,operating_gw_per_listed_proposal,0.23110243381430903,0.44294921953170074,0.6828540053463422,39252529.0
winner_step,1.0,1.0,1.0,False,False,2034,Harris,operating_gw,58.998221965714784,74.92000334943543,94.58017515635761,81424822.0
winner_step,1.0,1.0,1.0,False,False,2034,Harris,mw_per_1000_fixed_host_population,0.724572931405546,0.9201125837209125,1.1615644079192162,81424822.0
winner_step,1.0,1.0,1.0,False,False,2034,Harris,mw_per_1000_operating_host_population,0.8222134343067581,1.040264053514293,1.3129610469253932,81424822.0
winner_step,1.0,1.0,1.0,False,False,2034,Harris,operating_host_residents_millions,69.2717718,72.0031125,74.70736649999999,81424822.0
winner_step,1.0,1.0,1.0,False,False,2034,Harris,operating_project_count,116.0,124.0,131.0,81424822.0
winner_step,1.0,1.0,1.0,False,False,2034,Harris,operating_gw_per_listed_proposal,0.024583129959697966,0.08391497314649003,0.18013601737584586,81424822.0
winner_step,1.0,1.0,1.0,False,False,2034,Trump/Harris,intensity_ratio,3.7029739869340705,4.862155111887776,6.298426402694702,
winner_step,1.0,1.0,1.0,False,False,2036,Trump,operating_gw,156.71072787204162,195.0648663001067,231.83205270733217,39252529.0
winner_step,1.0,1.0,1.0,False,False,2036,Trump,mw_per_1000_fixed_host_population,3.992372768441025,4.9694853113822735,5.906168560688973,39252529.0
winner_step,1.0,1.0,1.0,False,False,2036,Trump,mw_per_1000_operating_host_population,4.8020275479844,5.803179824747708,6.916248053511252,39252529.0
winner_step,1.0,1.0,1.0,False,False,2036,Trump,operating_host_residents_millions,29.892590050000003,33.6962405,36.6512562,39252529.0
winner_step,1.0,1.0,1.0,False,False,2036,Trump,operating_project_count,216.0,240.0,256.0,39252529.0
winner_step,1.0,1.0,1.0,False,False,2036,Trump,operating_gw_per_listed_proposal,0.3144867807767872,0.5447877247709909,0.7771397304121562,39252529.0
winner_step,1.0,1.0,1.0,False,False,2036,Harris,operating_gw,61.91277367902833,77.65917665713044,97.2699659077715,81424822.0
winner_step,1.0,1.0,1.0,False,False,2036,Harris,mw_per_1000_fixed_host_population,0.7603673199190822,0.9537531031646647,1.1945984469916495,81424822.0
winner_step,1.0,1.0,1.0,False,False,2036,Harris,mw_per_1000_operating_host_population,0.8622614372956015,1.077135881421483,1.348160776990702,81424822.0
winner_step,1.0,1.0,1.0,False,False,2036,Harris,operating_host_residents_millions,69.4504092,72.18879,74.85399255,81424822.0
winner_step,1.0,1.0,1.0,False,False,2036,Harris,operating_project_count,117.0,125.0,131.0,81424822.0
winner_step,1.0,1.0,1.0,False,False,2036,Harris,operating_gw_per_listed_proposal,0.031728908915389,0.09924916527523772,0.2031310320142479,81424822.0
winner_step,1.0,1.0,1.0,False,False,2036,Trump/Harris,intensity_ratio,3.9937373139279426,5.177786276669458,6.643089183385984,
proportional,0.5,1.0,1.0,False,False,2026,Trump,operating_gw,16.861397184578927,21.66805705347115,28.26647339091402,39252529.0
proportional,0.5,1.0,1.0,False,False,2026,Trump,mw_per_1000_fixed_host_population,0.429562059162581,0.5520168408377242,0.7201185276728032,39252529.0
proportional,0.5,1.0,1.0,False,False,2026,Trump,mw_per_1000_operating_host_population,1.107091831605124,1.4226892770541633,1.8559305291725718,39252529.0
proportional,0.5,1.0,1.0,False,False,2026,Trump,operating_host_residents_millions,15.230351,15.230351,15.230351,39252529.0
proportional,0.5,1.0,1.0,False,False,2026,Trump,operating_project_count,64.0,64.0,64.0,39252529.0
proportional,0.5,1.0,1.0,False,False,2026,Trump,operating_gw_per_listed_proposal,0.0,0.0,0.0,39252529.0
proportional,0.5,1.0,1.0,False,False,2026,Harris,operating_gw,13.76159246728002,19.2916253695293,26.498845692840124,81424822.0
proportional,0.5,1.0,1.0,False,False,2026,Harris,mw_per_1000_fixed_host_population,0.16900979491585524,0.2369256069055859,0.3254394058465382,81424822.0
proportional,0.5,1.0,1.0,False,False,2026,Harris,mw_per_1000_operating_host_population,0.2739864930589696,0.38408671038414277,0.5275788989358913,81424822.0
proportional,0.5,1.0,1.0,False,False,2026,Harris,operating_host_residents_millions,50.227266,50.227266,50.227266,81424822.0
proportional,0.5,1.0,1.0,False,False,2026,Harris,operating_project_count,60.0,60.0,60.0,81424822.0
proportional,0.5,1.0,1.0,False,False,2026,Harris,operating_gw_per_listed_proposal,0.0,0.0,0.0,81424822.0
proportional,0.5,1.0,1.0,False,False,2026,Trump/Harris,intensity_ratio,1.620146042735931,2.341820633755239,3.473262755846474,
proportional,0.5,1.0,1.0,False,False,2028,Trump,operating_gw,26.770571413911128,38.00264129166928,55.14442980163883,39252529.0
proportional,0.5,1.0,1.0,False,False,2028,Trump,mw_per_1000_fixed_host_population,0.6820088309191779,0.9681577788699751,1.4048631058049492,39252529.0
proportional,0.5,1.0,1.0,False,False,2028,Trump,mw_per_1000_operating_host_population,1.4342429895078228,1.8613947437709313,2.3723969763389303,39252529.0
proportional,0.5,1.0,1.0,False,False,2028,Trump,operating_host_residents_millions,17.07058965,20.5174965,25.0292104,39252529.0
proportional,0.5,1.0,1.0,False,False,2028,Trump,operating_project_count,87.0,119.0,159.0,39252529.0
proportional,0.5,1.0,1.0,False,False,2028,Trump,operating_gw_per_listed_proposal,0.0,0.006542409293547244,0.04191389467905157,39252529.0
proportional,0.5,1.0,1.0,False,False,2028,Harris,operating_gw,18.831446013525063,25.9160135329735,35.14791040604267,81424822.0
proportional,0.5,1.0,1.0,False,False,2028,Harris,mw_per_1000_fixed_host_population,0.2312740212502407,0.31828148832764425,0.4316608810768129,81424822.0
proportional,0.5,1.0,1.0,False,False,2028,Harris,mw_per_1000_operating_host_population,0.3241110451299808,0.43137157459546493,0.5649443454331159,81424822.0
proportional,0.5,1.0,1.0,False,False,2028,Harris,operating_host_residents_millions,53.8429194,60.1250215,66.7988752,81424822.0
proportional,0.5,1.0,1.0,False,False,2028,Harris,operating_project_count,70.0,86.0,104.0,81424822.0
proportional,0.5,1.0,1.0,False,False,2028,Harris,operating_gw_per_listed_proposal,0.0,0.0007553779880619244,0.016837506028188825,81424822.0
proportional,0.5,1.0,1.0,False,False,2028,Trump/Harris,intensity_ratio,2.1520959513724724,3.0698094551010278,4.278927510479338,
proportional,0.5,1.0,1.0,False,False,2030,Trump,operating_gw,53.40905377028891,78.76153957830931,110.2004551956316,39252529.0
proportional,0.5,1.0,1.0,False,False,2030,Trump,mw_per_1000_fixed_host_population,1.3606525523562798,2.006534141489566,2.8074740151298685,39252529.0
proportional,0.5,1.0,1.0,False,False,2030,Trump,mw_per_1000_operating_host_population,2.1302288769557816,2.7978575137017434,3.6484258416035953,39252529.0
proportional,0.5,1.0,1.0,False,False,2030,Trump,operating_host_residents_millions,24.001955900000002,27.977835,32.4377368,39252529.0
proportional,0.5,1.0,1.0,False,False,2030,Trump,operating_project_count,159.0,194.0,222.04999999999973,39252529.0
proportional,0.5,1.0,1.0,False,False,2030,Trump,operating_gw_per_listed_proposal,0.025993770339512213,0.0991078293789004,0.23075461678750137,39252529.0
proportional,0.5,1.0,1.0,False,False,2030,Harris,operating_gw,28.22684113549363,38.57096127097357,50.386499992475784,81424822.0
proportional,0.5,1.0,1.0,False,False,2030,Harris,mw_per_1000_fixed_host_population,0.34666137968952065,0.4737002835692238,0.6188100723447181,81424822.0
proportional,0.5,1.0,1.0,False,False,2030,Harris,mw_per_1000_operating_host_population,0.4205841394652871,0.5494999041865154,0.7040494016772683,81424822.0
proportional,0.5,1.0,1.0,False,False,2030,Harris,operating_host_residents_millions,65.15012755000001,70.14373599999999,73.98828465,81424822.0
proportional,0.5,1.0,1.0,False,False,2030,Harris,operating_project_count,102.0,117.0,128.0,81424822.0
proportional,0.5,1.0,1.0,False,False,2030,Harris,operating_gw_per_listed_proposal,0.004761294456384112,0.034799615007978874,0.09777789054524423,81424822.0
proportional,0.5,1.0,1.0,False,False,2030,Trump/Harris,intensity_ratio,3.1820750117464627,4.2509164355742595,5.454703144244158,
proportional,0.5,1.0,1.0,False,False,2032,Trump,operating_gw,81.60808810430126,113.9449947265,147.28841196248806,39252529.0
proportional,0.5,1.0,1.0,False,False,2032,Trump,mw_per_1000_fixed_host_population,2.079052998197932,2.9028701495004308,3.752329231130255,39252529.0
proportional,0.5,1.0,1.0,False,False,2032,Trump,mw_per_1000_operating_host_population,2.838463609972112,3.6887383291076574,4.658238930725907,39252529.0
proportional,0.5,1.0,1.0,False,False,2032,Trump,operating_host_residents_millions,27.29612135,30.663486,34.4321468,39252529.0
proportional,0.5,1.0,1.0,False,False,2032,Trump,operating_project_count,193.0,220.0,240.0,39252529.0
proportional,0.5,1.0,1.0,False,False,2032,Trump,operating_gw_per_listed_proposal,0.09700488029432754,0.23183431699880364,0.41377722942678896,39252529.0
proportional,0.5,1.0,1.0,False,False,2032,Harris,operating_gw,36.82996633448105,47.57124495221531,59.0634696456474,81424822.0
proportional,0.5,1.0,1.0,False,False,2032,Harris,mw_per_1000_fixed_host_population,0.4523186594682524,0.5842351728102677,0.7253742556004288,81424822.0
proportional,0.5,1.0,1.0,False,False,2032,Harris,mw_per_1000_operating_host_population,0.518913526953731,0.6551909710915229,0.8098989880569855,81424822.0
proportional,0.5,1.0,1.0,False,False,2032,Harris,operating_host_residents_millions,69.0870961,72.4910665,75.53622895000001,81424822.0
proportional,0.5,1.0,1.0,False,False,2032,Harris,operating_project_count,116.0,126.0,134.0,81424822.0
proportional,0.5,1.0,1.0,False,False,2032,Harris,operating_gw_per_listed_proposal,0.026491339019403842,0.08415297878343293,0.1761132662959422,81424822.0
proportional,0.5,1.0,1.0,False,False,2032,Trump/Harris,intensity_ratio,3.881472296775852,4.960005081921459,6.219301724802815,
proportional,0.5,1.0,1.0,False,False,2034,Trump,operating_gw,105.87095449343511,137.71862299099467,167.10779101690724,39252529.0
proportional,0.5,1.0,1.0,False,False,2034,Trump,mw_per_1000_fixed_host_population,2.69717537164128,3.508528660433438,4.257249030168406,39252529.0
proportional,0.5,1.0,1.0,False,False,2034,Trump,mw_per_1000_operating_host_population,3.450659623125128,4.3156564864514735,5.206149027720397,39252529.0
proportional,0.5,1.0,1.0,False,False,2034,Trump,operating_host_residents_millions,28.493056799999998,31.6250485,35.136278399999995,39252529.0
proportional,0.5,1.0,1.0,False,False,2034,Trump,operating_project_count,207.0,229.0,245.0,39252529.0
proportional,0.5,1.0,1.0,False,False,2034,Trump,operating_gw_per_listed_proposal,0.17624972898335375,0.3465883468332399,0.5367751841032466,39252529.0
proportional,0.5,1.0,1.0,False,False,2034,Harris,operating_gw,42.47272219248247,52.3389607957273,63.180956326098844,81424822.0
proportional,0.5,1.0,1.0,False,False,2034,Harris,mw_per_1000_fixed_host_population,0.5216188522031092,0.6427887652702181,0.7759422099332172,81424822.0
proportional,0.5,1.0,1.0,False,False,2034,Harris,mw_per_1000_operating_host_population,0.585231772121107,0.7151402313425392,0.8609893198329603,81424822.0
proportional,0.5,1.0,1.0,False,False,2034,Harris,operating_host_residents_millions,69.9965354,73.1312515,76.05041159999999,81424822.0
proportional,0.5,1.0,1.0,False,False,2034,Harris,operating_project_count,120.0,128.0,136.0,81424822.0
proportional,0.5,1.0,1.0,False,False,2034,Harris,operating_gw_per_listed_proposal,0.04720547059790121,0.12201792695672453,0.22281065405781103,81424822.0
proportional,0.5,1.0,1.0,False,False,2034,Trump/Harris,intensity_ratio,4.310434748469156,5.408395985517515,6.727975047943687,
proportional,0.5,1.0,1.0,False,False,2036,Trump,operating_gw,122.38894920134892,151.46652434628245,177.85210331304873,39252529.0
proportional,0.5,1.0,1.0,False,False,2036,Trump,mw_per_1000_fixed_host_population,3.1179888868141195,3.8587710959026995,4.530971834019885,39252529.0
proportional,0.5,1.0,1.0,False,False,2036,Trump,mw_per_1000_operating_host_population,3.9066387883426095,4.711819645840264,5.523924263952913,39252529.0
proportional,0.5,1.0,1.0,False,False,2036,Trump,operating_host_residents_millions,28.8170482,31.9642075,35.3299533,39252529.0
proportional,0.5,1.0,1.0,False,False,2036,Trump,operating_project_count,210.0,232.0,247.0,39252529.0
proportional,0.5,1.0,1.0,False,False,2036,Trump,operating_gw_per_listed_proposal,0.23743735474253663,0.4251415595556445,0.6058738328638326,39252529.0
proportional,0.5,1.0,1.0,False,False,2036,Harris,operating_gw,45.15340654824576,54.56570465193796,65.02466404587211,81424822.0
proportional,0.5,1.0,1.0,False,False,2036,Harris,mw_per_1000_fixed_host_population,0.5545410531968463,0.670136001672045,0.7985852771759466,81424822.0
proportional,0.5,1.0,1.0,False,False,2036,Harris,mw_per_1000_operating_host_population,0.6206973464630855,0.7430235155283693,0.8849859341858441,81424822.0
proportional,0.5,1.0,1.0,False,False,2036,Harris,operating_host_residents_millions,70.3171985,73.3601385,76.23700439999999,81424822.0
proportional,0.5,1.0,1.0,False,False,2036,Harris,operating_project_count,121.0,129.0,137.0,81424822.0
proportional,0.5,1.0,1.0,False,False,2036,Harris,operating_gw_per_listed_proposal,0.062212892768985846,0.1441298707145236,0.245456408833199,81424822.0
proportional,0.5,1.0,1.0,False,False,2036,Trump/Harris,intensity_ratio,4.615113690205235,5.718767977019695,7.036707616303388,
proportional,2.0,1.0,1.0,False,False,2026,Trump,operating_gw,44.17236400095189,63.15093953954397,89.82321427383368,39252529.0
proportional,2.0,1.0,1.0,False,False,2026,Trump,mw_per_1000_fixed_host_population,1.1253380387529142,1.608837472345896,2.288342090616216,39252529.0
proportional,2.0,1.0,1.0,False,False,2026,Trump,mw_per_1000_operating_host_population,2.90028535789831,4.1463876662818855,5.897645712422102,39252529.0
proportional,2.0,1.0,1.0,False,False,2026,Trump,operating_host_residents_millions,15.230351,15.230351,15.230351,39252529.0
proportional,2.0,1.0,1.0,False,False,2026,Trump,operating_project_count,64.0,64.0,64.0,39252529.0
proportional,2.0,1.0,1.0,False,False,2026,Trump,operating_gw_per_listed_proposal,0.0,0.0,0.0,39252529.0
proportional,2.0,1.0,1.0,False,False,2026,Harris,operating_gw,45.979703608142025,67.75307561520829,96.77862512729818,81424822.0
proportional,2.0,1.0,1.0,False,False,2026,Harris,mw_per_1000_fixed_host_population,0.5646890282196998,0.8320936288348078,1.1885641595544192,81424822.0
proportional,2.0,1.0,1.0,False,False,2026,Harris,mw_per_1000_operating_host_population,0.9154331356228314,1.348930192919684,1.9268145139991923,81424822.0
proportional,2.0,1.0,1.0,False,False,2026,Harris,operating_host_residents_millions,50.227266,50.227266,50.227266,81424822.0
proportional,2.0,1.0,1.0,False,False,2026,Harris,operating_project_count,60.0,60.0,60.0,81424822.0
proportional,2.0,1.0,1.0,False,False,2026,Harris,operating_gw_per_listed_proposal,0.0,0.0,0.0,81424822.0
proportional,2.0,1.0,1.0,False,False,2026,Trump/Harris,intensity_ratio,1.2315321010918,1.9394442384188137,3.120615715198461,
proportional,2.0,1.0,1.0,False,False,2028,Trump,operating_gw,62.644505182237644,88.99429314474536,124.16685042000994,39252529.0
proportional,2.0,1.0,1.0,False,False,2028,Trump,mw_per_1000_fixed_host_population,1.595935517485705,2.2672244416339478,3.1632828147202936,39252529.0
proportional,2.0,1.0,1.0,False,False,2028,Trump,mw_per_1000_operating_host_population,3.214173348340099,4.3082205074683495,5.749698920686075,39252529.0
proportional,2.0,1.0,1.0,False,False,2028,Trump,operating_host_residents_millions,17.07058965,20.5174965,25.0292104,39252529.0
proportional,2.0,1.0,1.0,False,False,2028,Trump,operating_project_count,87.0,119.0,159.0,39252529.0
proportional,2.0,1.0,1.0,False,False,2028,Trump,operating_gw_per_listed_proposal,0.0,0.00964177459363402,0.058444474702076726,39252529.0
proportional,2.0,1.0,1.0,False,False,2028,Harris,operating_gw,55.764168473006045,79.6398204019105,111.0162052052272,81424822.0
proportional,2.0,1.0,1.0,False,False,2028,Harris,mw_per_1000_fixed_host_population,0.6848546561514872,0.9780779183270492,1.363419685525713,81424822.0
proportional,2.0,1.0,1.0,False,False,2028,Harris,mw_per_1000_operating_host_population,0.9384539186730261,1.3233597600457185,1.8349865030205939,81424822.0
proportional,2.0,1.0,1.0,False,False,2028,Harris,operating_host_residents_millions,53.8429194,60.1250215,66.7988752,81424822.0
proportional,2.0,1.0,1.0,False,False,2028,Harris,operating_project_count,70.0,86.0,104.0,81424822.0
proportional,2.0,1.0,1.0,False,False,2028,Harris,operating_gw_per_listed_proposal,0.0,0.0011647216610734788,0.025889363433711794,81424822.0
proportional,2.0,1.0,1.0,False,False,2028,Trump/Harris,intensity_ratio,1.5559432450451955,2.3247136122448726,3.5119825336988204,
proportional,2.0,1.0,1.0,False,False,2030,Trump,operating_gw,104.13886622195336,148.59749982810087,202.13846045819187,39252529.0
proportional,2.0,1.0,1.0,False,False,2030,Trump,mw_per_1000_fixed_host_population,2.6530485773783736,3.7856796393450445,5.1496926595020645,39252529.0
proportional,2.0,1.0,1.0,False,False,2030,Trump,mw_per_1000_operating_host_population,4.050869026958385,5.271966969223108,6.795326786983196,39252529.0
proportional,2.0,1.0,1.0,False,False,2030,Trump,operating_host_residents_millions,24.001955900000002,27.977835,32.4377368,39252529.0
proportional,2.0,1.0,1.0,False,False,2030,Trump,operating_project_count,159.0,194.0,222.04999999999973,39252529.0
proportional,2.0,1.0,1.0,False,False,2030,Trump,operating_gw_per_listed_proposal,0.03704742713596386,0.13746531248713684,0.3202538990834825,39252529.0
proportional,2.0,1.0,1.0,False,False,2030,Harris,operating_gw,72.13991481299878,99.73918630295046,135.33159272625034,81424822.0
proportional,2.0,1.0,1.0,False,False,2030,Harris,mw_per_1000_fixed_host_population,0.8859695734182724,1.2249236025710988,1.6620434580286876,81424822.0
proportional,2.0,1.0,1.0,False,False,2030,Harris,mw_per_1000_operating_host_population,1.0557560947422169,1.4281716529864545,1.9170813755918905,81424822.0
proportional,2.0,1.0,1.0,False,False,2030,Harris,operating_host_residents_millions,65.15012755000001,70.14373599999999,73.98828465,81424822.0
proportional,2.0,1.0,1.0,False,False,2030,Harris,operating_project_count,102.0,117.0,128.0,81424822.0
proportional,2.0,1.0,1.0,False,False,2030,Harris,operating_gw_per_listed_proposal,0.006811326982207953,0.04736850282254404,0.14606164018243273,81424822.0
proportional,2.0,1.0,1.0,False,False,2030,Trump/Harris,intensity_ratio,2.1491732542077093,3.073098499211655,4.298805394213691,
proportional,2.0,1.0,1.0,False,False,2032,Trump,operating_gw,147.05730732192492,200.75585373776013,260.5145002056687,39252529.0
proportional,2.0,1.0,1.0,False,False,2032,Trump,mw_per_1000_fixed_host_population,3.7464415941689997,5.11446928012613,6.636884471970422,39252529.0
proportional,2.0,1.0,1.0,False,False,2032,Trump,mw_per_1000_operating_host_population,4.996084427484647,6.494145499731243,8.30205158098641,39252529.0
proportional,2.0,1.0,1.0,False,False,2032,Trump,operating_host_residents_millions,27.29612135,30.663486,34.4321468,39252529.0
proportional,2.0,1.0,1.0,False,False,2032,Trump,operating_project_count,193.0,220.0,240.0,39252529.0
proportional,2.0,1.0,1.0,False,False,2032,Trump,operating_gw_per_listed_proposal,0.13521037258367496,0.32268836794661404,0.5835039728889053,39252529.0
proportional,2.0,1.0,1.0,False,False,2032,Harris,operating_gw,86.24239652270629,115.57952860553694,153.37604504368727,81424822.0
proportional,2.0,1.0,1.0,False,False,2032,Harris,mw_per_1000_fixed_host_population,1.0591659202240107,1.4194630797662278,1.88365219937094,81424822.0
proportional,2.0,1.0,1.0,False,False,2032,Harris,mw_per_1000_operating_host_population,1.198716169899507,1.5963995975215757,2.111749437961518,81424822.0
proportional,2.0,1.0,1.0,False,False,2032,Harris,operating_host_residents_millions,69.0870961,72.4910665,75.53622895000001,81424822.0
proportional,2.0,1.0,1.0,False,False,2032,Harris,operating_project_count,116.0,126.0,134.0,81424822.0
proportional,2.0,1.0,1.0,False,False,2032,Harris,operating_gw_per_listed_proposal,0.03652179753376369,0.11727831473569328,0.2635311656623176,81424822.0
proportional,2.0,1.0,1.0,False,False,2032,Trump/Harris,intensity_ratio,2.5980117965665483,3.5894653971743686,4.839722319700675,
proportional,2.0,1.0,1.0,False,False,2034,Trump,operating_gw,182.8014155529454,238.2916651554679,297.62040935755283,39252529.0
proportional,2.0,1.0,1.0,False,False,2034,Trump,mw_per_1000_fixed_host_population,4.6570608368430335,6.070734070547861,7.582197044107728,39252529.0
proportional,2.0,1.0,1.0,False,False,2034,Trump,mw_per_1000_operating_host_population,5.897770675041141,7.492086117308556,9.367276939498717,39252529.0
proportional,2.0,1.0,1.0,False,False,2034,Trump,operating_host_residents_millions,28.493056799999998,31.6250485,35.136278399999995,39252529.0
proportional,2.0,1.0,1.0,False,False,2034,Trump,operating_project_count,207.0,229.0,245.0,39252529.0
proportional,2.0,1.0,1.0,False,False,2034,Trump,operating_gw_per_listed_proposal,0.2430854375642403,0.4844317594270461,0.7768089209610366,39252529.0
proportional,2.0,1.0,1.0,False,False,2034,Harris,operating_gw,95.41435053358869,125.51959594918556,164.4754210185485,81424822.0
proportional,2.0,1.0,1.0,False,False,2034,Harris,mw_per_1000_fixed_host_population,1.1718091386627623,1.5415397033251796,2.0199666020583806,81424822.0
proportional,2.0,1.0,1.0,False,False,2034,Harris,mw_per_1000_operating_host_population,1.3127866330570324,1.7158571317036015,2.241106163797015,81424822.0
proportional,2.0,1.0,1.0,False,False,2034,Harris,operating_host_residents_millions,69.9965354,73.1312515,76.05041159999999,81424822.0
proportional,2.0,1.0,1.0,False,False,2034,Harris,operating_project_count,120.0,128.0,136.0,81424822.0
proportional,2.0,1.0,1.0,False,False,2034,Harris,operating_gw_per_listed_proposal,0.06818267630290688,0.1720055570841308,0.3443779194342722,81424822.0
proportional,2.0,1.0,1.0,False,False,2034,Trump/Harris,intensity_ratio,2.90772152769007,3.9298264248739216,5.247825107376228,
proportional,2.0,1.0,1.0,False,False,2036,Trump,operating_gw,208.7131280525939,262.48438385721397,319.6357446894391,39252529.0
proportional,2.0,1.0,1.0,False,False,2036,Trump,mw_per_1000_fixed_host_population,5.317189321803798,6.687069356912365,8.143061169114455,39252529.0
proportional,2.0,1.0,1.0,False,False,2036,Trump,mw_per_1000_operating_host_population,6.603611578770804,8.182578496926627,10.048375007255178,39252529.0
proportional,2.0,1.0,1.0,False,False,2036,Trump,operating_host_residents_millions,28.8170482,31.9642075,35.3299533,39252529.0
proportional,2.0,1.0,1.0,False,False,2036,Trump,operating_project_count,210.0,232.0,247.0,39252529.0
proportional,2.0,1.0,1.0,False,False,2036,Trump,operating_gw_per_listed_proposal,0.33351761421480697,0.6039065782201221,0.8987996337497578,39252529.0
proportional,2.0,1.0,1.0,False,False,2036,Harris,operating_gw,100.48208702325914,131.00574890829822,170.41931992721481,81424822.0
proportional,2.0,1.0,1.0,False,False,2036,Harris,mw_per_1000_fixed_host_population,1.2340473648595647,1.6089166140062088,2.0929652130798004,81424822.0
proportional,2.0,1.0,1.0,False,False,2036,Harris,mw_per_1000_operating_host_population,1.3793189299520643,1.7858056587348392,2.3164080000088143,81424822.0
proportional,2.0,1.0,1.0,False,False,2036,Harris,operating_host_residents_millions,70.3171985,73.3601385,76.23700439999999,81424822.0
proportional,2.0,1.0,1.0,False,False,2036,Harris,operating_project_count,121.0,129.0,137.0,81424822.0
proportional,2.0,1.0,1.0,False,False,2036,Harris,operating_gw_per_listed_proposal,0.08871643541130844,0.2040031676756499,0.39697493255295785,81424822.0
proportional,2.0,1.0,1.0,False,False,2036,Trump/Harris,intensity_ratio,3.1034129264815067,4.14834417939245,5.490865482934994,
proportional,1.0,0.75,1.0,False,False,2026,Trump,operating_gw,25.97649389109591,35.484284395348205,48.71409236362862,39252529.0
proportional,1.0,0.75,1.0,False,False,2026,Trump,mw_per_1000_fixed_host_population,0.6617788599327171,0.9039999536169556,1.2410434080216495,39252529.0
proportional,1.0,0.75,1.0,False,False,2026,Trump,mw_per_1000_operating_host_population,1.7055742110668308,2.329840224650647,3.198487832856159,39252529.0
proportional,1.0,0.75,1.0,False,False,2026,Trump,operating_host_residents_millions,15.230351,15.230351,15.230351,39252529.0
proportional,1.0,0.75,1.0,False,False,2026,Trump,operating_project_count,64.0,64.0,64.0,39252529.0
proportional,1.0,0.75,1.0,False,False,2026,Trump,operating_gw_per_listed_proposal,0.0,0.0,0.0,39252529.0
proportional,1.0,0.75,1.0,False,False,2026,Harris,operating_gw,24.502423669546353,35.4271833161306,49.91683784770873,81424822.0
proportional,1.0,0.75,1.0,False,False,2026,Harris,mw_per_1000_fixed_host_population,0.30092081342893634,0.43509070632209174,0.6130420260262738,81424822.0
proportional,1.0,0.75,1.0,False,False,2026,Harris,mw_per_1000_operating_host_population,0.4878311248226481,0.7053376808550678,0.9938195291718388,81424822.0
proportional,1.0,0.75,1.0,False,False,2026,Harris,operating_host_residents_millions,50.227266,50.227266,50.227266,81424822.0
proportional,1.0,0.75,1.0,False,False,2026,Harris,operating_project_count,60.0,60.0,60.0,81424822.0
proportional,1.0,0.75,1.0,False,False,2026,Harris,operating_gw_per_listed_proposal,0.0,0.0,0.0,81424822.0
proportional,1.0,0.75,1.0,False,False,2026,Trump/Harris,intensity_ratio,1.372810900919085,2.084887326638582,3.242908720428874,
proportional,1.0,0.75,1.0,False,False,2028,Trump,operating_gw,48.88126039656048,70.61698351264863,99.11554524271803,39252529.0
proportional,1.0,0.75,1.0,False,False,2028,Trump,mw_per_1000_fixed_host_population,1.2453021917787892,1.7990428976601391,2.5250741230639697,39252529.0
proportional,1.0,0.75,1.0,False,False,2028,Trump,mw_per_1000_operating_host_population,2.274163995630109,2.97017706195263,3.815113766305425,39252529.0
proportional,1.0,0.75,1.0,False,False,2028,Trump,operating_host_residents_millions,19.4631068,23.7505295,28.489591049999998,39252529.0
proportional,1.0,0.75,1.0,False,False,2028,Trump,operating_project_count,113.0,152.0,190.0,39252529.0
proportional,1.0,0.75,1.0,False,False,2028,Trump,operating_gw_per_listed_proposal,0.0027464156295813158,0.030780422120766694,0.10710734319010205,39252529.0
proportional,1.0,0.75,1.0,False,False,2028,Harris,operating_gw,35.38352958060046,49.18877345246493,66.81484093971304,81424822.0
proportional,1.0,0.75,1.0,False,False,2028,Harris,mw_per_1000_fixed_host_population,0.4345545831294597,0.6041004726109799,0.8205709180391334,81424822.0
proportional,1.0,0.75,1.0,False,False,2028,Harris,mw_per_1000_operating_host_population,0.5625566723003557,0.7578702989279182,1.0092052293653064,81424822.0
proportional,1.0,0.75,1.0,False,False,2028,Harris,operating_host_residents_millions,58.3507763,65.2456565,70.66741005,81424822.0
proportional,1.0,0.75,1.0,False,False,2028,Harris,operating_project_count,83.0,101.0,117.0,81424822.0
proportional,1.0,0.75,1.0,False,False,2028,Harris,operating_gw_per_listed_proposal,0.0,0.009570022755487732,0.04609632235035929,81424822.0
proportional,1.0,0.75,1.0,False,False,2028,Trump/Harris,intensity_ratio,2.0652093079002434,2.97701365470681,4.176564163804247,
proportional,1.0,0.75,1.0,False,False,2030,Trump,operating_gw,93.64718253756247,131.94146496034696,174.29470963482214,39252529.0
proportional,1.0,0.75,1.0,False,False,2030,Trump,mw_per_1000_fixed_host_population,2.3857617565880282,3.361349404017942,4.440343439650022,39252529.0
proportional,1.0,0.75,1.0,False,False,2030,Trump,mw_per_1000_operating_host_population,3.340773286803098,4.34879260936928,5.5543797849149135,39252529.0
proportional,1.0,0.75,1.0,False,False,2030,Trump,operating_host_residents_millions,26.57625615,30.051172,34.0426177,39252529.0
proportional,1.0,0.75,1.0,False,False,2030,Trump,operating_project_count,185.0,214.0,236.0,39252529.0
proportional,1.0,0.75,1.0,False,False,2030,Trump,operating_gw_per_listed_proposal,0.08279232481266321,0.2159056852953484,0.4131058957451344,39252529.0
proportional,1.0,0.75,1.0,False,False,2030,Harris,operating_gw,51.03155140250013,67.52656910090403,87.36202526136962,81424822.0
proportional,1.0,0.75,1.0,False,False,2030,Harris,mw_per_1000_fixed_host_population,0.6267321211030726,0.8293118417981193,1.0729163799875379,81424822.0
proportional,1.0,0.75,1.0,False,False,2030,Harris,mw_per_1000_operating_host_population,0.7202321151370848,0.9385286602570311,1.2108194294444123,81424822.0
proportional,1.0,0.75,1.0,False,False,2030,Harris,operating_host_residents_millions,68.3340993,71.9962195,75.21406239999999,81424822.0
proportional,1.0,0.75,1.0,False,False,2030,Harris,operating_project_count,113.0,124.0,133.0,81424822.0
proportional,1.0,0.75,1.0,False,False,2030,Harris,operating_gw_per_listed_proposal,0.022179056851366192,0.07812951474491413,0.17916232344114724,81424822.0
proportional,1.0,0.75,1.0,False,False,2030,Trump/Harris,intensity_ratio,3.0023029347546832,4.027176602368992,5.240222124078436,
proportional,1.0,0.75,1.0,False,False,2032,Trump,operating_gw,132.73938428728474,172.60449126678745,211.06223147062636,39252529.0
proportional,1.0,0.75,1.0,False,False,2032,Trump,mw_per_1000_fixed_host_population,3.381677249057883,4.397283325789976,5.377035234357162,39252529.0
proportional,1.0,0.75,1.0,False,False,2032,Trump,mw_per_1000_operating_host_population,4.307926775653387,5.407835023339031,6.60015587243101,39252529.0
proportional,1.0,0.75,1.0,False,False,2032,Trump,operating_host_residents_millions,28.493056799999998,31.6250485,35.136278399999995,39252529.0
proportional,1.0,0.75,1.0,False,False,2032,Trump,operating_project_count,207.0,229.0,245.0,39252529.0
proportional,1.0,0.75,1.0,False,False,2032,Trump,operating_gw_per_listed_proposal,0.20111434122950209,0.3988150448270582,0.6170836910945412,39252529.0
proportional,1.0,0.75,1.0,False,False,2032,Harris,operating_gw,60.756926234367555,77.16935471287238,97.14092733255328,81424822.0
proportional,1.0,0.75,1.0,False,False,2032,Harris,mw_per_1000_fixed_host_population,0.7461720485476476,0.947737468960907,1.193013689763464,81424822.0
proportional,1.0,0.75,1.0,False,False,2032,Harris,mw_per_1000_operating_host_population,0.8373152901506145,1.0544226977122433,1.324961966914127,81424822.0
proportional,1.0,0.75,1.0,False,False,2032,Harris,operating_host_residents_millions,69.9965354,73.1312515,76.05041159999999,81424822.0
proportional,1.0,0.75,1.0,False,False,2032,Harris,operating_project_count,120.0,128.0,136.0,81424822.0
proportional,1.0,0.75,1.0,False,False,2032,Harris,operating_gw_per_listed_proposal,0.05630513713984026,0.14076453682682882,0.26287451746340795,81424822.0
proportional,1.0,0.75,1.0,False,False,2032,Trump/Harris,intensity_ratio,3.54663374870203,4.600606425304863,5.900063596385848,
proportional,1.0,0.75,1.0,False,False,2034,Trump,operating_gw,157.71983144424152,193.42347019553898,227.94914570555974,39252529.0
proportional,1.0,0.75,1.0,False,False,2034,Trump,mw_per_1000_fixed_host_population,4.018080757146667,4.927668996704365,5.807247367566041,39252529.0
proportional,1.0,0.75,1.0,False,False,2034,Trump,mw_per_1000_operating_host_population,4.995142928647052,6.014900577278517,7.108340517597635,39252529.0
proportional,1.0,0.75,1.0,False,False,2034,Trump,operating_host_residents_millions,28.8692144,32.0275495,35.37017005,39252529.0
proportional,1.0,0.75,1.0,False,False,2034,Trump,operating_project_count,211.0,232.0,248.0,39252529.0
proportional,1.0,0.75,1.0,False,False,2034,Trump,operating_gw_per_listed_proposal,0.2945819607797123,0.5119812636010665,0.724141833615762,39252529.0
proportional,1.0,0.75,1.0,False,False,2034,Harris,operating_gw,64.78798099826443,81.08141013719631,100.70190393289272,81424822.0
proportional,1.0,0.75,1.0,False,False,2034,Harris,mw_per_1000_fixed_host_population,0.7956785094140509,0.9957824671350992,1.2367469950734764,81424822.0
proportional,1.0,0.75,1.0,False,False,2034,Harris,mw_per_1000_operating_host_population,0.8910684051057151,1.10309873139412,1.3725684301041954,81424822.0
proportional,1.0,0.75,1.0,False,False,2034,Harris,operating_host_residents_millions,70.36935075,73.399705,76.2597982,81424822.0
proportional,1.0,0.75,1.0,False,False,2034,Harris,operating_project_count,121.0,129.0,137.0,81424822.0
proportional,1.0,0.75,1.0,False,False,2034,Harris,operating_gw_per_listed_proposal,0.07694290687019607,0.1722312560195704,0.2993373080098587,81424822.0
proportional,1.0,0.75,1.0,False,False,2034,Trump/Harris,intensity_ratio,3.8462318426828443,4.920505312709077,6.231010134959733,
proportional,1.0,0.75,1.0,False,False,2036,Trump,operating_gw,170.7026101085444,203.73166437391154,236.67210534282168,39252529.0
proportional,1.0,0.75,1.0,False,False,2036,Trump,mw_per_1000_fixed_host_population,4.348830876821833,5.190281226820099,6.0294740586733075,39252529.0
proportional,1.0,0.75,1.0,False,False,2036,Trump,mw_per_1000_operating_host_population,5.350973449950012,6.307863107976559,7.385429149227982,39252529.0
proportional,1.0,0.75,1.0,False,False,2036,Trump,operating_host_residents_millions,28.9395774,32.178095,35.45001555,39252529.0
proportional,1.0,0.75,1.0,False,False,2036,Trump,operating_project_count,212.0,233.0,249.0,39252529.0
proportional,1.0,0.75,1.0,False,False,2036,Trump,operating_gw_per_listed_proposal,0.35070261110856693,0.5742682514423495,0.7805232562330187,39252529.0
proportional,1.0,0.75,1.0,False,False,2036,Harris,operating_gw,66.2973619896928,82.37277616992817,102.26576867728613,81424822.0
proportional,1.0,0.75,1.0,False,False,2036,Harris,mw_per_1000_fixed_host_population,0.8142156207561967,1.0116420785043676,1.2559532359467251,81424822.0
proportional,1.0,0.75,1.0,False,False,2036,Harris,mw_per_1000_operating_host_population,0.908138424536274,1.1219714835954457,1.39305977438653,81424822.0
proportional,1.0,0.75,1.0,False,False,2036,Harris,operating_host_residents_millions,70.43726464999999,73.48423299999999,76.31350445,81424822.0
proportional,1.0,0.75,1.0,False,False,2036,Harris,operating_project_count,121.0,130.0,137.0,81424822.0
proportional,1.0,0.75,1.0,False,False,2036,Harris,operating_gw_per_listed_proposal,0.08325254576108385,0.1835450774053679,0.3161039089406047,81424822.0
proportional,1.0,0.75,1.0,False,False,2036,Trump/Harris,intensity_ratio,3.996103809190851,5.0931975349189695,6.427537777628341,
proportional,1.0,1.5,1.0,False,False,2026,Trump,operating_gw,25.97649389109591,35.484284395348205,48.71409236362862,39252529.0
proportional,1.0,1.5,1.0,False,False,2026,Trump,mw_per_1000_fixed_host_population,0.6617788599327171,0.9039999536169556,1.2410434080216495,39252529.0
proportional,1.0,1.5,1.0,False,False,2026,Trump,mw_per_1000_operating_host_population,1.7055742110668308,2.329840224650647,3.198487832856159,39252529.0
proportional,1.0,1.5,1.0,False,False,2026,Trump,operating_host_residents_millions,15.230351,15.230351,15.230351,39252529.0
proportional,1.0,1.5,1.0,False,False,2026,Trump,operating_project_count,64.0,64.0,64.0,39252529.0
proportional,1.0,1.5,1.0,False,False,2026,Trump,operating_gw_per_listed_proposal,0.0,0.0,0.0,39252529.0
proportional,1.0,1.5,1.0,False,False,2026,Harris,operating_gw,24.502423669546353,35.4271833161306,49.91683784770873,81424822.0
proportional,1.0,1.5,1.0,False,False,2026,Harris,mw_per_1000_fixed_host_population,0.30092081342893634,0.43509070632209174,0.6130420260262738,81424822.0
proportional,1.0,1.5,1.0,False,False,2026,Harris,mw_per_1000_operating_host_population,0.4878311248226481,0.7053376808550678,0.9938195291718388,81424822.0
proportional,1.0,1.5,1.0,False,False,2026,Harris,operating_host_residents_millions,50.227266,50.227266,50.227266,81424822.0
proportional,1.0,1.5,1.0,False,False,2026,Harris,operating_project_count,60.0,60.0,60.0,81424822.0
proportional,1.0,1.5,1.0,False,False,2026,Harris,operating_gw_per_listed_proposal,0.0,0.0,0.0,81424822.0
proportional,1.0,1.5,1.0,False,False,2026,Trump/Harris,intensity_ratio,1.372810900919085,2.084887326638582,3.242908720428874,
proportional,1.0,1.5,1.0,False,False,2028,Trump,operating_gw,31.798685965275716,43.55676768643022,59.0534843056733,39252529.0
proportional,1.0,1.5,1.0,False,False,2028,Trump,mw_per_1000_fixed_host_population,0.8101054065911449,1.109655066720165,1.5044504344082723,39252529.0
proportional,1.0,1.5,1.0,False,False,2028,Trump,mw_per_1000_operating_host_population,1.888138653518085,2.5198751171906695,3.343635032754325,39252529.0
proportional,1.0,1.5,1.0,False,False,2028,Trump,operating_host_residents_millions,15.4370508,17.035422,20.181757799999996,39252529.0
proportional,1.0,1.5,1.0,False,False,2028,Trump,operating_project_count,68.0,82.0,111.0,39252529.0
proportional,1.0,1.5,1.0,False,False,2028,Trump,operating_gw_per_listed_proposal,0.0,0.0,0.010841258409096943,39252529.0
proportional,1.0,1.5,1.0,False,False,2028,Harris,operating_gw,27.950154127438626,39.5511405172267,55.05217593020578,81424822.0
proportional,1.0,1.5,1.0,False,False,2028,Harris,mw_per_1000_fixed_host_population,0.3432633125981979,0.4857381268481827,0.676110485451301,81424822.0
proportional,1.0,1.5,1.0,False,False,2028,Harris,mw_per_1000_operating_host_population,0.5178302233815589,0.7319793007279672,1.0075401604465322,81424822.0
proportional,1.0,1.5,1.0,False,False,2028,Harris,operating_host_residents_millions,50.526583,53.758421,59.6073008,81424822.0
proportional,1.0,1.5,1.0,False,False,2028,Harris,operating_project_count,62.0,69.0,83.0,81424822.0
proportional,1.0,1.5,1.0,False,False,2028,Harris,operating_gw_per_listed_proposal,0.0,0.0,0.004768221652277718,81424822.0
proportional,1.0,1.5,1.0,False,False,2028,Trump/Harris,intensity_ratio,1.5422153320530514,2.278069095554797,3.4405773232241335,
proportional,1.0,1.5,1.0,False,False,2030,Trump,operating_gw,48.88126039656048,70.61698351264863,99.11554524271803,39252529.0
proportional,1.0,1.5,1.0,False,False,2030,Trump,mw_per_1000_fixed_host_population,1.2453021917787892,1.7990428976601391,2.5250741230639697,39252529.0
proportional,1.0,1.5,1.0,False,False,2030,Trump,mw_per_1000_operating_host_population,2.274163995630109,2.97017706195263,3.815113766305425,39252529.0
proportional,1.0,1.5,1.0,False,False,2030,Trump,operating_host_residents_millions,19.4631068,23.7505295,28.489591049999998,39252529.0
proportional,1.0,1.5,1.0,False,False,2030,Trump,operating_project_count,113.0,152.0,190.0,39252529.0
proportional,1.0,1.5,1.0,False,False,2030,Trump,operating_gw_per_listed_proposal,0.0027464156295813158,0.030780422120766694,0.10710734319010205,39252529.0
proportional,1.0,1.5,1.0,False,False,2030,Harris,operating_gw,35.38352958060046,49.18877345246493,66.81484093971304,81424822.0
proportional,1.0,1.5,1.0,False,False,2030,Harris,mw_per_1000_fixed_host_population,0.4345545831294597,0.6041004726109799,0.8205709180391334,81424822.0
proportional,1.0,1.5,1.0,False,False,2030,Harris,mw_per_1000_operating_host_population,0.5625566723003557,0.7578702989279182,1.0092052293653064,81424822.0
proportional,1.0,1.5,1.0,False,False,2030,Harris,operating_host_residents_millions,58.3507763,65.2456565,70.66741005,81424822.0
proportional,1.0,1.5,1.0,False,False,2030,Harris,operating_project_count,83.0,101.0,117.0,81424822.0
proportional,1.0,1.5,1.0,False,False,2030,Harris,operating_gw_per_listed_proposal,0.0,0.009570022755487732,0.04609632235035929,81424822.0
proportional,1.0,1.5,1.0,False,False,2030,Trump/Harris,intensity_ratio,2.0652093079002434,2.97701365470681,4.176564163804247,
proportional,1.0,1.5,1.0,False,False,2032,Trump,operating_gw,71.3532693701906,102.79841988617174,141.862764731312,39252529.0
proportional,1.0,1.5,1.0,False,False,2032,Trump,mw_per_1000_fixed_host_population,1.8178005643965158,2.618899278723461,3.6141050868674465,39252529.0
proportional,1.0,1.5,1.0,False,False,2032,Trump,mw_per_1000_operating_host_population,2.8127509676329954,3.649150781293354,4.721385128931852,39252529.0
proportional,1.0,1.5,1.0,False,False,2032,Trump,operating_host_residents_millions,24.001955900000002,27.977835,32.4377368,39252529.0
proportional,1.0,1.5,1.0,False,False,2032,Trump,operating_project_count,159.0,194.0,222.04999999999973,39252529.0
proportional,1.0,1.5,1.0,False,False,2032,Trump,operating_gw_per_listed_proposal,0.029866897787646517,0.11329488490705192,0.26371742721697755,39252529.0
proportional,1.0,1.5,1.0,False,False,2032,Harris,operating_gw,43.62491398009729,59.48900694602179,78.66186622864268,81424822.0
proportional,1.0,1.5,1.0,False,False,2032,Harris,mw_per_1000_fixed_host_population,0.5357692274733776,0.7306003929123946,0.9660674017640798,81424822.0
proportional,1.0,1.5,1.0,False,False,2032,Harris,mw_per_1000_operating_host_population,0.6432200337675704,0.8483361922196069,1.1098011896541635,81424822.0
proportional,1.0,1.5,1.0,False,False,2032,Harris,operating_host_residents_millions,65.15012755000001,70.14373599999999,73.98828465,81424822.0
proportional,1.0,1.5,1.0,False,False,2032,Harris,operating_project_count,102.0,117.0,128.0,81424822.0
proportional,1.0,1.5,1.0,False,False,2032,Harris,operating_gw_per_listed_proposal,0.0055927601481742,0.03978931747985612,0.11397611045745663,81424822.0
proportional,1.0,1.5,1.0,False,False,2032,Trump/Harris,intensity_ratio,2.591023948330904,3.5822386808520656,4.789587201688785,
proportional,1.0,1.5,1.0,False,False,2034,Trump,operating_gw,93.64718253756247,131.94146496034696,174.29470963482214,39252529.0
proportional,1.0,1.5,1.0,False,False,2034,Trump,mw_per_1000_fixed_host_population,2.3857617565880282,3.361349404017942,4.440343439650022,39252529.0
proportional,1.0,1.5,1.0,False,False,2034,Trump,mw_per_1000_operating_host_population,3.340773286803098,4.34879260936928,5.5543797849149135,39252529.0
proportional,1.0,1.5,1.0,False,False,2034,Trump,operating_host_residents_millions,26.57625615,30.051172,34.0426177,39252529.0
proportional,1.0,1.5,1.0,False,False,2034,Trump,operating_project_count,185.0,214.0,236.0,39252529.0
proportional,1.0,1.5,1.0,False,False,2034,Trump,operating_gw_per_listed_proposal,0.08279232481266321,0.2159056852953484,0.4131058957451344,39252529.0
proportional,1.0,1.5,1.0,False,False,2034,Harris,operating_gw,51.03155140250013,67.52656910090403,87.36202526136962,81424822.0
proportional,1.0,1.5,1.0,False,False,2034,Harris,mw_per_1000_fixed_host_population,0.6267321211030726,0.8293118417981193,1.0729163799875379,81424822.0
proportional,1.0,1.5,1.0,False,False,2034,Harris,mw_per_1000_operating_host_population,0.7202321151370848,0.9385286602570311,1.2108194294444123,81424822.0
proportional,1.0,1.5,1.0,False,False,2034,Harris,operating_host_residents_millions,68.3340993,71.9962195,75.21406239999999,81424822.0
proportional,1.0,1.5,1.0,False,False,2034,Harris,operating_project_count,113.0,124.0,133.0,81424822.0
proportional,1.0,1.5,1.0,False,False,2034,Harris,operating_gw_per_listed_proposal,0.022179056851366192,0.07812951474491413,0.17916232344114724,81424822.0
proportional,1.0,1.5,1.0,False,False,2034,Trump/Harris,intensity_ratio,3.0023029347546832,4.027176602368992,5.240222124078436,
proportional,1.0,1.5,1.0,False,False,2036,Trump,operating_gw,114.46007385763865,155.35522076591104,195.7651848125986,39252529.0
proportional,1.0,1.5,1.0,False,False,2036,Trump,mw_per_1000_fixed_host_population,2.9159923391850406,3.957839780614163,4.987326671680153,39252529.0
proportional,1.0,1.5,1.0,False,False,2036,Trump,mw_per_1000_operating_host_population,3.851846072608912,4.947909003409337,6.167160660680759,39252529.0
proportional,1.0,1.5,1.0,False,False,2036,Trump,operating_host_residents_millions,27.9111008,31.109601499999997,34.73594159999999,39252529.0
proportional,1.0,1.5,1.0,False,False,2036,Trump,operating_project_count,200.0,224.0,242.0,39252529.0
proportional,1.0,1.5,1.0,False,False,2036,Trump,operating_gw_per_listed_proposal,0.14114489000719502,0.3138319455075843,0.5290718735889578,39252529.0
proportional,1.0,1.5,1.0,False,False,2036,Harris,operating_gw,56.75216421213569,73.35252658717764,93.32764810007458,81424822.0
proportional,1.0,1.5,1.0,False,False,2036,Harris,mw_per_1000_fixed_host_population,0.6969884958684426,0.9008619826909494,1.1461817883995449,81424822.0
proportional,1.0,1.5,1.0,False,False,2036,Harris,mw_per_1000_operating_host_population,0.7874336611971174,1.0075822360225475,1.280293278634162,81424822.0
proportional,1.0,1.5,1.0,False,False,2036,Harris,operating_host_residents_millions,69.56653775000001,72.771418,75.78726015,81424822.0
proportional,1.0,1.5,1.0,False,False,2036,Harris,operating_project_count,118.0,127.0,135.0,81424822.0
proportional,1.0,1.5,1.0,False,False,2036,Harris,operating_gw_per_listed_proposal,0.04034275732691137,0.11338372631698282,0.22795859669228052,81424822.0
proportional,1.0,1.5,1.0,False,False,2036,Trump/Harris,intensity_ratio,3.3136273891559123,4.3581954434915575,5.618641758348847,
proportional,1.0,1.0,0.5,False,False,2026,Trump,operating_gw,25.97649389109591,35.484284395348205,48.71409236362862,39252529.0
proportional,1.0,1.0,0.5,False,False,2026,Trump,mw_per_1000_fixed_host_population,0.6617788599327171,0.9039999536169556,1.2410434080216495,39252529.0
proportional,1.0,1.0,0.5,False,False,2026,Trump,mw_per_1000_operating_host_population,1.7055742110668308,2.329840224650647,3.198487832856159,39252529.0
proportional,1.0,1.0,0.5,False,False,2026,Trump,operating_host_residents_millions,15.230351,15.230351,15.230351,39252529.0
proportional,1.0,1.0,0.5,False,False,2026,Trump,operating_project_count,64.0,64.0,64.0,39252529.0
proportional,1.0,1.0,0.5,False,False,2026,Trump,operating_gw_per_listed_proposal,0.0,0.0,0.0,39252529.0
proportional,1.0,1.0,0.5,False,False,2026,Harris,operating_gw,24.502423669546353,35.4271833161306,49.91683784770873,81424822.0
proportional,1.0,1.0,0.5,False,False,2026,Harris,mw_per_1000_fixed_host_population,0.30092081342893634,0.43509070632209174,0.6130420260262738,81424822.0
proportional,1.0,1.0,0.5,False,False,2026,Harris,mw_per_1000_operating_host_population,0.4878311248226481,0.7053376808550678,0.9938195291718388,81424822.0
proportional,1.0,1.0,0.5,False,False,2026,Harris,operating_host_residents_millions,50.227266,50.227266,50.227266,81424822.0
proportional,1.0,1.0,0.5,False,False,2026,Harris,operating_project_count,60.0,60.0,60.0,81424822.0
proportional,1.0,1.0,0.5,False,False,2026,Harris,operating_gw_per_listed_proposal,0.0,0.0,0.0,81424822.0
proportional,1.0,1.0,0.5,False,False,2026,Trump/Harris,intensity_ratio,1.372810900919085,2.084887326638582,3.242908720428874,
proportional,1.0,1.0,0.5,False,False,2028,Trump,operating_gw,35.67349352909076,48.74747192007631,65.96852781726508,39252529.0
proportional,1.0,1.0,0.5,False,False,2028,Trump,mw_per_1000_fixed_host_population,0.9088202579021282,1.2418937877882037,1.6806185358723023,39252529.0
proportional,1.0,1.0,0.5,False,False,2028,Trump,mw_per_1000_operating_host_population,1.8157685409627276,2.359074867346826,3.085702492744069,39252529.0
proportional,1.0,1.0,0.5,False,False,2028,Trump,operating_host_residents_millions,17.07058965,20.5174965,25.0292104,39252529.0
proportional,1.0,1.0,0.5,False,False,2028,Trump,operating_project_count,87.0,119.0,159.0,39252529.0
proportional,1.0,1.0,0.5,False,False,2028,Trump,operating_gw_per_listed_proposal,0.0,0.004240687625643443,0.025442017005988558,39252529.0
proportional,1.0,1.0,0.5,False,False,2028,Harris,operating_gw,30.03039836196297,42.03666432966572,57.85855306411747,81424822.0
proportional,1.0,1.0,0.5,False,False,2028,Harris,mw_per_1000_fixed_host_population,0.3688113479936495,0.5162635090521381,0.7105763530452356,81424822.0
proportional,1.0,1.0,0.5,False,False,2028,Harris,mw_per_1000_operating_host_population,0.5048100987129392,0.6970820664133262,0.9569565948030623,81424822.0
proportional,1.0,1.0,0.5,False,False,2028,Harris,operating_host_residents_millions,53.8429194,60.1250215,66.7988752,81424822.0
proportional,1.0,1.0,0.5,False,False,2028,Harris,operating_project_count,70.0,86.0,104.0,81424822.0
proportional,1.0,1.0,0.5,False,False,2028,Harris,operating_gw_per_listed_proposal,0.0,0.0005518764652479915,0.011497884922845376,81424822.0
proportional,1.0,1.0,0.5,False,False,2028,Trump/Harris,intensity_ratio,1.6659925228376689,2.418025937752408,3.52934796941015,
proportional,1.0,1.0,0.5,False,False,2030,Trump,operating_gw,56.45750025961959,77.88791314412865,102.44681781497148,39252529.0
proportional,1.0,1.0,0.5,False,False,2030,Trump,mw_per_1000_fixed_host_population,1.4383149748037785,1.9842775772263908,2.609941841326237,39252529.0
proportional,1.0,1.0,0.5,False,False,2030,Trump,mw_per_1000_operating_host_population,2.178411185201844,2.7685081996199417,3.4803883355774152,39252529.0
proportional,1.0,1.0,0.5,False,False,2030,Trump,operating_host_residents_millions,24.001955900000002,27.977835,32.4377368,39252529.0
proportional,1.0,1.0,0.5,False,False,2030,Trump,operating_project_count,159.0,194.0,222.04999999999973,39252529.0
proportional,1.0,1.0,0.5,False,False,2030,Trump,operating_gw_per_listed_proposal,0.016922775870898694,0.06561722505526739,0.15248105408649143,39252529.0
proportional,1.0,1.0,0.5,False,False,2030,Harris,operating_gw,38.2626606863851,51.92826861012534,69.40783372142648,81424822.0
proportional,1.0,1.0,0.5,False,False,2030,Harris,mw_per_1000_fixed_host_population,0.46991396169567434,0.6377449447801722,0.8524161553761392,81424822.0
proportional,1.0,1.0,0.5,False,False,2030,Harris,mw_per_1000_operating_host_population,0.5560232668882791,0.7446514903067755,0.9820433618831471,81424822.0
proportional,1.0,1.0,0.5,False,False,2030,Harris,operating_host_residents_millions,65.15012755000001,70.14373599999999,73.98828465,81424822.0
proportional,1.0,1.0,0.5,False,False,2030,Harris,operating_project_count,102.0,117.0,128.0,81424822.0
proportional,1.0,1.0,0.5,False,False,2030,Harris,operating_gw_per_listed_proposal,0.0033054074096220075,0.02350997524455245,0.06686514326438853,81424822.0
proportional,1.0,1.0,0.5,False,False,2030,Trump/Harris,intensity_ratio,2.217073349222551,3.0910920481902435,4.246674214758656,
proportional,1.0,1.0,0.5,False,False,2032,Trump,operating_gw,76.76958759818649,100.439103182038,124.95862213494414,39252529.0
proportional,1.0,1.0,0.5,False,False,2032,Trump,mw_per_1000_fixed_host_population,1.9557870423632195,2.5587931718243686,3.183454042794137,39252529.0
proportional,1.0,1.0,0.5,False,False,2032,Trump,mw_per_1000_operating_host_population,2.600257338665578,3.2505641620612855,4.008981958639624,39252529.0
proportional,1.0,1.0,0.5,False,False,2032,Trump,operating_host_residents_millions,27.29612135,30.663486,34.4321468,39252529.0
proportional,1.0,1.0,0.5,False,False,2032,Trump,operating_project_count,193.0,220.0,240.0,39252529.0
proportional,1.0,1.0,0.5,False,False,2032,Trump,operating_gw_per_listed_proposal,0.06520225236405008,0.15339797342370765,0.2663678189865467,39252529.0
proportional,1.0,1.0,0.5,False,False,2032,Harris,operating_gw,44.286853043896485,58.268250260553195,76.22842197895272,81424822.0
proportional,1.0,1.0,0.5,False,False,2032,Harris,mw_per_1000_fixed_host_population,0.5438986780210154,0.7156079538074178,0.9361816225886582,81424822.0
proportional,1.0,1.0,0.5,False,False,2032,Harris,mw_per_1000_operating_host_population,0.613996904197537,0.8042754137054604,1.0495606937908226,81424822.0
proportional,1.0,1.0,0.5,False,False,2032,Harris,operating_host_residents_millions,69.0870961,72.4910665,75.53622895000001,81424822.0
proportional,1.0,1.0,0.5,False,False,2032,Harris,operating_project_count,116.0,126.0,134.0,81424822.0
proportional,1.0,1.0,0.5,False,False,2032,Harris,operating_gw_per_listed_proposal,0.018101118457466685,0.05513833172678392,0.11412782075988574,81424822.0
proportional,1.0,1.0,0.5,False,False,2032,Trump/Harris,intensity_ratio,2.621003621165316,3.560991661419701,4.740916677202348,
proportional,1.0,1.0,0.5,False,False,2034,Trump,operating_gw,91.72751493454594,113.44976578439937,136.59417611954703,39252529.0
proportional,1.0,1.0,0.5,False,False,2034,Trump,mw_per_1000_fixed_host_population,2.3368561789877513,2.89025366453202,3.4798821782807177,39252529.0
proportional,1.0,1.0,0.5,False,False,2034,Trump,mw_per_1000_operating_host_population,2.934363348635805,3.5754823414621497,4.306277157573333,39252529.0
proportional,1.0,1.0,0.5,False,False,2034,Trump,operating_host_residents_millions,28.493056799999998,31.6250485,35.136278399999995,39252529.0
proportional,1.0,1.0,0.5,False,False,2034,Trump,operating_project_count,207.0,229.0,245.0,39252529.0
proportional,1.0,1.0,0.5,False,False,2034,Trump,operating_gw_per_listed_proposal,0.11546580234699197,0.22289127602664166,0.3351111805019595,39252529.0
proportional,1.0,1.0,0.5,False,False,2034,Harris,operating_gw,47.1816356727229,61.27916390752027,79.47473209780615,81424822.0
proportional,1.0,1.0,0.5,False,False,2034,Harris,mw_per_1000_fixed_host_population,0.5794502771246207,0.7525857889811572,0.9760504247440193,81424822.0
proportional,1.0,1.0,0.5,False,False,2034,Harris,mw_per_1000_operating_host_population,0.6494339825974332,0.8395463837860022,1.0888992497290548,81424822.0
proportional,1.0,1.0,0.5,False,False,2034,Harris,operating_host_residents_millions,69.9965354,73.1312515,76.05041159999999,81424822.0
proportional,1.0,1.0,0.5,False,False,2034,Harris,operating_project_count,120.0,128.0,136.0,81424822.0
proportional,1.0,1.0,0.5,False,False,2034,Harris,operating_gw_per_listed_proposal,0.030808563062624264,0.07685738880140999,0.1400655854188629,81424822.0
proportional,1.0,1.0,0.5,False,False,2034,Trump/Harris,intensity_ratio,2.869894510045938,3.836542968026551,5.052641402858986,
proportional,1.0,1.0,0.5,False,False,2036,Trump,operating_gw,100.20815021656225,120.45443579424307,142.57981195906453,39252529.0
proportional,1.0,1.0,0.5,False,False,2036,Trump,mw_per_1000_fixed_host_population,2.5529093989475746,3.068705096536405,3.632372629011102,39252529.0
proportional,1.0,1.0,0.5,False,False,2036,Trump,mw_per_1000_operating_host_population,3.1570606259237093,3.765681141309911,4.4822306032726935,39252529.0
proportional,1.0,1.0,0.5,False,False,2036,Trump,operating_host_residents_millions,28.8170482,31.9642075,35.3299533,39252529.0
proportional,1.0,1.0,0.5,False,False,2036,Trump,operating_project_count,210.0,232.0,247.0,39252529.0
proportional,1.0,1.0,0.5,False,False,2036,Trump,operating_gw_per_listed_proposal,0.1532651422472977,0.26462585294116736,0.37146223236222636,39252529.0
proportional,1.0,1.0,0.5,False,False,2036,Harris,operating_gw,48.554364283539016,62.57199569201079,81.05437226600134,81424822.0
proportional,1.0,1.0,0.5,False,False,2036,Harris,mw_per_1000_fixed_host_population,0.5963091240597249,0.7684634016394999,0.995450407813005,81424822.0
proportional,1.0,1.0,0.5,False,False,2036,Harris,mw_per_1000_operating_host_population,0.665287736613973,0.8545306869844268,1.106568106345041,81424822.0
proportional,1.0,1.0,0.5,False,False,2036,Harris,operating_host_residents_millions,70.3171985,73.3601385,76.23700439999999,81424822.0
proportional,1.0,1.0,0.5,False,False,2036,Harris,operating_project_count,121.0,129.0,137.0,81424822.0
proportional,1.0,1.0,0.5,False,False,2036,Harris,operating_gw_per_listed_proposal,0.03916767503707803,0.0874265079355449,0.1519602116285712,81424822.0
proportional,1.0,1.0,0.5,False,False,2036,Trump/Harris,intensity_ratio,3.009411320600927,3.984940229758069,5.233451561967984,
proportional,1.0,1.0,1.0,True,False,2026,Trump,operating_gw,25.97649389109591,35.484284395348205,48.71409236362862,39252529.0
proportional,1.0,1.0,1.0,True,False,2026,Trump,mw_per_1000_fixed_host_population,0.6617788599327171,0.9039999536169556,1.2410434080216495,39252529.0
proportional,1.0,1.0,1.0,True,False,2026,Trump,mw_per_1000_operating_host_population,1.7055742110668308,2.329840224650647,3.198487832856159,39252529.0
proportional,1.0,1.0,1.0,True,False,2026,Trump,operating_host_residents_millions,15.230351,15.230351,15.230351,39252529.0
proportional,1.0,1.0,1.0,True,False,2026,Trump,operating_project_count,64.0,64.0,64.0,39252529.0
proportional,1.0,1.0,1.0,True,False,2026,Trump,operating_gw_per_listed_proposal,0.0,0.0,0.0,39252529.0
proportional,1.0,1.0,1.0,True,False,2026,Harris,operating_gw,24.502423669546353,35.4271833161306,49.91683784770873,81424822.0
proportional,1.0,1.0,1.0,True,False,2026,Harris,mw_per_1000_fixed_host_population,0.30092081342893634,0.43509070632209174,0.6130420260262738,81424822.0
proportional,1.0,1.0,1.0,True,False,2026,Harris,mw_per_1000_operating_host_population,0.4878311248226481,0.7053376808550678,0.9938195291718388,81424822.0
proportional,1.0,1.0,1.0,True,False,2026,Harris,operating_host_residents_millions,50.227266,50.227266,50.227266,81424822.0
proportional,1.0,1.0,1.0,True,False,2026,Harris,operating_project_count,60.0,60.0,60.0,81424822.0
proportional,1.0,1.0,1.0,True,False,2026,Harris,operating_gw_per_listed_proposal,0.0,0.0,0.0,81424822.0
proportional,1.0,1.0,1.0,True,False,2026,Trump/Harris,intensity_ratio,1.372810900919085,2.084887326638582,3.242908720428874,
proportional,1.0,1.0,1.0,True,False,2028,Trump,operating_gw,39.1589973848162,55.483914050463746,77.67650368077128,39252529.0
proportional,1.0,1.0,1.0,True,False,2028,Trump,mw_per_1000_fixed_host_population,0.9976171824448864,1.4135118287655746,1.9788916958897431,39252529.0
proportional,1.0,1.0,1.0,True,False,2028,Trump,mw_per_1000_operating_host_population,2.0610627436408753,2.70047074786876,3.473059448075479,39252529.0
proportional,1.0,1.0,1.0,True,False,2028,Trump,operating_host_residents_millions,17.07639815,20.502961,24.886919399999996,39252529.0
proportional,1.0,1.0,1.0,True,False,2028,Trump,operating_project_count,87.0,119.0,158.0,39252529.0
proportional,1.0,1.0,1.0,True,False,2028,Trump,operating_gw_per_listed_proposal,0.0,0.007799671633085498,0.04609789233315615,39252529.0
proportional,1.0,1.0,1.0,True,False,2028,Harris,operating_gw,31.407157542816492,44.06228201794971,60.64095533473713,81424822.0
proportional,1.0,1.0,1.0,True,False,2028,Harris,mw_per_1000_fixed_host_population,0.3857196954365647,0.5411406612341101,0.7447477789357295,81424822.0
proportional,1.0,1.0,1.0,True,False,2028,Harris,mw_per_1000_operating_host_population,0.5328685649262105,0.7313370200070595,0.9911202512562708,81424822.0
proportional,1.0,1.0,1.0,True,False,2028,Harris,operating_host_residents_millions,53.856666950000005,60.124551,66.94422859999999,81424822.0
proportional,1.0,1.0,1.0,True,False,2028,Harris,operating_project_count,70.0,86.0,105.0,81424822.0
proportional,1.0,1.0,1.0,True,False,2028,Harris,operating_gw_per_listed_proposal,0.0,0.0011217460763218398,0.020579505651029253,81424822.0
proportional,1.0,1.0,1.0,True,False,2028,Trump/Harris,intensity_ratio,1.8053050498644947,2.6179383985976026,3.7990672128436835,
proportional,1.0,1.0,1.0,True,False,2030,Trump,operating_gw,71.00869505999637,102.72684388175523,141.69691211467557,39252529.0
proportional,1.0,1.0,1.0,True,False,2030,Trump,mw_per_1000_fixed_host_population,1.8090221666990272,2.617075803746434,3.6098798147420137,39252529.0
proportional,1.0,1.0,1.0,True,False,2030,Trump,mw_per_1000_operating_host_population,2.8205442123281275,3.6563347053686286,4.721366294896182,39252529.0
proportional,1.0,1.0,1.0,True,False,2030,Trump,operating_host_residents_millions,24.0138237,27.907562499999997,32.1524186,39252529.0
proportional,1.0,1.0,1.0,True,False,2030,Trump,operating_project_count,158.0,194.0,222.0,39252529.0
proportional,1.0,1.0,1.0,True,False,2030,Trump,operating_gw_per_listed_proposal,0.029427068619553427,0.11190261425637456,0.26036037717369614,39252529.0
proportional,1.0,1.0,1.0,True,False,2030,Harris,operating_gw,43.643257521779084,59.513457702515694,78.58489257146611,81424822.0
proportional,1.0,1.0,1.0,True,False,2030,Harris,mw_per_1000_fixed_host_population,0.5359945094111361,0.7309006791874313,0.9651220677088631,81424822.0
proportional,1.0,1.0,1.0,True,False,2030,Harris,mw_per_1000_operating_host_population,0.6441281043768721,0.8488435039520795,1.1078569073309155,81424822.0
proportional,1.0,1.0,1.0,True,False,2030,Harris,operating_host_residents_millions,65.15680325000001,70.14639700000001,74.0286465,81424822.0
proportional,1.0,1.0,1.0,True,False,2030,Harris,operating_project_count,102.0,117.0,128.0,81424822.0
proportional,1.0,1.0,1.0,True,False,2030,Harris,operating_gw_per_listed_proposal,0.005224786421608922,0.04057348399252435,0.11348154822719242,81424822.0
proportional,1.0,1.0,1.0,True,False,2030,Trump/Harris,intensity_ratio,2.6002675704534752,3.5883538360131393,4.82189622764714,
proportional,1.0,1.0,1.0,True,False,2032,Trump,operating_gw,104.42087673278516,143.97074997465361,185.35478546473902,39252529.0
proportional,1.0,1.0,1.0,True,False,2032,Trump,mw_per_1000_fixed_host_population,2.6602330956251294,3.6678082570081942,4.722110655971722,39252529.0
proportional,1.0,1.0,1.0,True,False,2032,Trump,mw_per_1000_operating_host_population,3.597744206217391,4.66946579810306,5.915518558962925,39252529.0
proportional,1.0,1.0,1.0,True,False,2032,Trump,operating_host_residents_millions,27.17937,30.4864925,34.224098399999995,39252529.0
proportional,1.0,1.0,1.0,True,False,2032,Trump,operating_project_count,193.0,220.0,240.0,39252529.0
proportional,1.0,1.0,1.0,True,False,2032,Trump,operating_gw_per_listed_proposal,0.11104357005909324,0.262514200009419,0.47467564473801666,39252529.0
proportional,1.0,1.0,1.0,True,False,2032,Harris,operating_gw,53.90973077091015,70.86266621343927,90.71204786457554,81424822.0
proportional,1.0,1.0,1.0,True,False,2032,Harris,mw_per_1000_fixed_host_population,0.662079811128235,0.8702833420187184,1.1140589028806906,81424822.0
proportional,1.0,1.0,1.0,True,False,2032,Harris,mw_per_1000_operating_host_population,0.7581735030399183,0.9791004247198196,1.2426683334621897,81424822.0
proportional,1.0,1.0,1.0,True,False,2032,Harris,operating_host_residents_millions,69.00230459999999,72.3750775,75.53953800000001,81424822.0
proportional,1.0,1.0,1.0,True,False,2032,Harris,operating_project_count,116.0,126.0,134.0,81424822.0
proportional,1.0,1.0,1.0,True,False,2032,Harris,operating_gw_per_listed_proposal,0.027983519833771453,0.09640686995718854,0.2072715046851041,81424822.0
proportional,1.0,1.0,1.0,True,False,2032,Trump/Harris,intensity_ratio,3.1733154492740896,4.201136197938373,5.48888041020094,
proportional,1.0,1.0,1.0,True,False,2034,Trump,operating_gw,132.10430057669248,172.1916785416584,210.38627785721562,39252529.0
proportional,1.0,1.0,1.0,True,False,2034,Trump,mw_per_1000_fixed_host_population,3.3654978148463375,4.386766481763721,5.359814595824275,39252529.0
proportional,1.0,1.0,1.0,True,False,2034,Trump,mw_per_1000_operating_host_population,4.320209901203419,5.448781148807301,6.639665620933141,39252529.0
proportional,1.0,1.0,1.0,True,False,2034,Trump,operating_host_residents_millions,28.2801303,31.3884555,34.820612700000005,39252529.0
proportional,1.0,1.0,1.0,True,False,2034,Trump,operating_project_count,206.0,228.0,246.0,39252529.0
proportional,1.0,1.0,1.0,True,False,2034,Trump,operating_gw_per_listed_proposal,0.1986074959497109,0.3913384399093592,0.6208120109706746,39252529.0
proportional,1.0,1.0,1.0,True,False,2034,Harris,operating_gw,60.87867593859987,77.14708148495379,96.95419807223023,81424822.0
proportional,1.0,1.0,1.0,True,False,2034,Harris,mw_per_1000_fixed_host_population,0.7476672892032833,0.9474639254962547,1.190720417813504,81424822.0
proportional,1.0,1.0,1.0,True,False,2034,Harris,mw_per_1000_operating_host_population,0.83714789773675,1.0559136190608505,1.3253768815301412,81424822.0
proportional,1.0,1.0,1.0,True,False,2034,Harris,operating_host_residents_millions,69.9999012,73.063399,76.12365035,81424822.0
proportional,1.0,1.0,1.0,True,False,2034,Harris,operating_project_count,119.0,128.0,136.0,81424822.0
proportional,1.0,1.0,1.0,True,False,2034,Harris,operating_gw_per_listed_proposal,0.051646315815162866,0.14056706813914083,0.26476801551361595,81424822.0
proportional,1.0,1.0,1.0,True,False,2034,Trump/Harris,intensity_ratio,3.5492536803634076,4.5871410047179815,5.921324951035678,
proportional,1.0,1.0,1.0,True,False,2036,Trump,operating_gw,152.04802441393986,189.39461569697795,224.55928545704353,39252529.0
proportional,1.0,1.0,1.0,True,False,2036,Trump,mw_per_1000_fixed_host_population,3.8735854297168952,4.825029635593109,5.720887065825582,39252529.0
proportional,1.0,1.0,1.0,True,False,2036,Trump,mw_per_1000_operating_host_population,4.844781619585604,5.933703169625993,7.075314669764265,39252529.0
proportional,1.0,1.0,1.0,True,False,2036,Trump,operating_host_residents_millions,28.61241815,31.715076,35.043959199999996,39252529.0
proportional,1.0,1.0,1.0,True,False,2036,Trump,operating_project_count,209.0,231.0,248.0,39252529.0
proportional,1.0,1.0,1.0,True,False,2036,Trump,operating_gw_per_listed_proposal,0.27315187227533116,0.486899003972191,0.71101874074888,39252529.0
proportional,1.0,1.0,1.0,True,False,2036,Harris,operating_gw,64.32955199455398,80.30606148534844,100.25140511995012,81424822.0
proportional,1.0,1.0,1.0,True,False,2036,Harris,mw_per_1000_fixed_host_population,0.7900484203030125,0.9862602031275972,1.231214298754624,81424822.0
proportional,1.0,1.0,1.0,True,False,2036,Harris,mw_per_1000_operating_host_population,0.8811466917167222,1.0952865086856984,1.3639441276428412,81424822.0
proportional,1.0,1.0,1.0,True,False,2036,Harris,operating_host_residents_millions,70.2763406,73.322229,76.28303140000001,81424822.0
proportional,1.0,1.0,1.0,True,False,2036,Harris,operating_project_count,120.0,129.0,137.0,81424822.0
proportional,1.0,1.0,1.0,True,False,2036,Harris,operating_gw_per_listed_proposal,0.06642304742963373,0.16512389609382855,0.2967574475644252,81424822.0
proportional,1.0,1.0,1.0,True,False,2036,Trump/Harris,intensity_ratio,3.7956524107183363,4.840275183847634,6.206752474156322,
proportional,1.0,1.0,1.0,False,True,2026,Trump,operating_gw,25.068346381395898,34.467356252100984,47.31535688731208,39252529.0
proportional,1.0,1.0,1.0,False,True,2026,Trump,mw_per_1000_fixed_host_population,0.6386428344883432,0.8780926256267714,1.2054091314042994,39252529.0
proportional,1.0,1.0,1.0,False,True,2026,Trump,mw_per_1000_operating_host_population,1.6749100156802426,2.3028930318078835,3.1613160254103394,39252529.0
proportional,1.0,1.0,1.0,False,True,2026,Trump,operating_host_residents_millions,14.966981,14.966981,14.966981,39252529.0
proportional,1.0,1.0,1.0,False,True,2026,Trump,operating_project_count,62.0,62.0,62.0,39252529.0
proportional,1.0,1.0,1.0,False,True,2026,Trump,operating_gw_per_listed_proposal,0.0,0.0,0.0,39252529.0
proportional,1.0,1.0,1.0,False,True,2026,Harris,operating_gw,23.97192463634749,34.814128683055884,49.08179092856654,81424822.0
proportional,1.0,1.0,1.0,False,True,2026,Harris,mw_per_1000_fixed_host_population,0.29440561302482793,0.42756161853268626,0.6027865916435966,81424822.0
proportional,1.0,1.0,1.0,False,True,2026,Harris,mw_per_1000_operating_host_population,0.4784504351642834,0.6948476299236098,0.9796128005845874,81424822.0
proportional,1.0,1.0,1.0,False,True,2026,Harris,operating_host_residents_millions,50.103256,50.103256,50.103256,81424822.0
proportional,1.0,1.0,1.0,False,True,2026,Harris,operating_project_count,59.0,59.0,59.0,81424822.0
proportional,1.0,1.0,1.0,False,True,2026,Harris,operating_gw_per_listed_proposal,0.0,0.0,0.0,81424822.0
proportional,1.0,1.0,1.0,False,True,2026,Trump/Harris,intensity_ratio,1.3466241701196227,2.062362600424567,3.222435257597055,
proportional,1.0,1.0,1.0,False,True,2028,Trump,operating_gw,37.66652506805677,53.21699198075683,73.87270894870042,39252529.0
proportional,1.0,1.0,1.0,False,True,2028,Trump,mw_per_1000_fixed_host_population,0.95959485994028,1.355759573625354,1.8819859721318963,39252529.0
proportional,1.0,1.0,1.0,False,True,2028,Trump,mw_per_1000_operating_host_population,2.021338346829256,2.6487373259134444,3.4176640331559893,39252529.0
proportional,1.0,1.0,1.0,False,True,2028,Trump,operating_host_residents_millions,16.760168399999998,20.107647,24.541744849999997,39252529.0
proportional,1.0,1.0,1.0,False,True,2028,Trump,operating_project_count,83.0,114.0,152.0,39252529.0
proportional,1.0,1.0,1.0,False,True,2028,Trump,operating_gw_per_listed_proposal,0.0,0.006414589839229233,0.038868951458217504,39252529.0
proportional,1.0,1.0,1.0,False,True,2028,Harris,operating_gw,30.9369092246879,43.2695175631865,59.67602955070723,81424822.0
proportional,1.0,1.0,1.0,False,True,2028,Harris,mw_per_1000_fixed_host_population,0.37994445016641104,0.531404509096581,0.7328972675028658,81424822.0
proportional,1.0,1.0,1.0,False,True,2028,Harris,mw_per_1000_operating_host_population,0.5263501371122076,0.7209325934017903,0.9765805359187818,81424822.0
proportional,1.0,1.0,1.0,False,True,2028,Harris,operating_host_residents_millions,53.7189094,59.9329475,66.5444064,81424822.0
proportional,1.0,1.0,1.0,False,True,2028,Harris,operating_project_count,69.0,85.0,103.0,81424822.0
proportional,1.0,1.0,1.0,False,True,2028,Harris,operating_gw_per_listed_proposal,0.0,0.0,0.018703022577465478,81424822.0
proportional,1.0,1.0,1.0,False,True,2028,Trump/Harris,intensity_ratio,1.7633296729617567,2.5578414659772513,3.718926899046238,
proportional,1.0,1.0,1.0,False,True,2030,Trump,operating_gw,67.80647075897804,97.3643123375106,133.41992286416428,39252529.0
proportional,1.0,1.0,1.0,False,True,2030,Trump,mw_per_1000_fixed_host_population,1.7274420906479178,2.4804595988582196,3.399014694420436,39252529.0
proportional,1.0,1.0,1.0,False,True,2030,Trump,mw_per_1000_operating_host_population,2.7191075639213413,3.540250322004696,4.5614185753344145,39252529.0
proportional,1.0,1.0,1.0,False,True,2030,Trump,operating_host_residents_millions,23.4871074,27.304769999999998,31.648601399999997,39252529.0
proportional,1.0,1.0,1.0,False,True,2030,Trump,operating_project_count,152.0,185.0,211.0,39252529.0
proportional,1.0,1.0,1.0,False,True,2030,Trump,operating_gw_per_listed_proposal,0.024916579938060398,0.09455443297099048,0.22141419188833217,39252529.0
proportional,1.0,1.0,1.0,False,True,2030,Harris,operating_gw,42.99890898807435,58.48339612379617,77.63938691334776,81424822.0
proportional,1.0,1.0,1.0,False,True,2030,Harris,mw_per_1000_fixed_host_population,0.5280810928647084,0.7182502176522556,0.9535100600324034,81424822.0
proportional,1.0,1.0,1.0,False,True,2030,Harris,mw_per_1000_operating_host_population,0.6376294839830839,0.8407786821866742,1.1008009384465887,81424822.0
proportional,1.0,1.0,1.0,False,True,2030,Harris,operating_host_residents_millions,64.84568955,69.6988195,73.30192935,81424822.0
proportional,1.0,1.0,1.0,False,True,2030,Harris,operating_project_count,101.0,115.0,126.0,81424822.0
proportional,1.0,1.0,1.0,False,True,2030,Harris,operating_gw_per_listed_proposal,0.004570266327695992,0.03590020352913616,0.10627148745090204,81424822.0
proportional,1.0,1.0,1.0,False,True,2030,Trump/Harris,intensity_ratio,2.496147073383597,3.4443518023557953,4.602299257421426,
proportional,1.0,1.0,1.0,False,True,2032,Trump,operating_gw,98.7781394187161,135.3150058982414,174.38698566095405,39252529.0
proportional,1.0,1.0,1.0,False,True,2032,Trump,mw_per_1000_fixed_host_population,2.516478350190279,3.4472939539320233,4.4426942697362,39252529.0
proportional,1.0,1.0,1.0,False,True,2032,Trump,mw_per_1000_operating_host_population,3.4580752629905867,4.494139215011799,5.668708469705176,39252529.0
proportional,1.0,1.0,1.0,False,True,2032,Trump,operating_host_residents_millions,26.6325452,29.833112,33.52610235,39252529.0
proportional,1.0,1.0,1.0,False,True,2032,Trump,operating_project_count,184.0,208.0,226.0,39252529.0
proportional,1.0,1.0,1.0,False,True,2032,Trump,operating_gw_per_listed_proposal,0.09113663433942926,0.22391159748628203,0.4011554337313624,39252529.0
proportional,1.0,1.0,1.0,False,True,2032,Harris,operating_gw,53.255238518248355,69.69410967427375,88.98194748117199,81424822.0
proportional,1.0,1.0,1.0,False,True,2032,Harris,mw_per_1000_fixed_host_population,0.6540418168583576,0.8559319868611286,1.0928110776978057,81424822.0
proportional,1.0,1.0,1.0,False,True,2032,Harris,mw_per_1000_operating_host_population,0.7517316853773233,0.9704741841909186,1.2370279213222728,81424822.0
proportional,1.0,1.0,1.0,False,True,2032,Harris,operating_host_residents_millions,68.54827295,71.824921,74.74011455,81424822.0
proportional,1.0,1.0,1.0,False,True,2032,Harris,operating_project_count,114.0,124.0,131.0,81424822.0
proportional,1.0,1.0,1.0,False,True,2032,Harris,operating_gw_per_listed_proposal,0.025932463674708958,0.08788314116556716,0.19061088331634357,81424822.0
proportional,1.0,1.0,1.0,False,True,2032,Trump/Harris,intensity_ratio,3.024729220753633,4.005906463727214,5.2048700321434,
proportional,1.0,1.0,1.0,False,True,2034,Trump,operating_gw,124.35099299298741,161.01314259691594,196.61433292048258,39252529.0
proportional,1.0,1.0,1.0,False,True,2034,Trump,mw_per_1000_fixed_host_population,3.167974042971535,4.101981367797116,5.008959624499165,39252529.0
proportional,1.0,1.0,1.0,False,True,2034,Trump,mw_per_1000_operating_host_population,4.126046393971406,5.187581550071682,6.335237037373096,39252529.0
proportional,1.0,1.0,1.0,False,True,2034,Trump,operating_host_residents_millions,27.78381035,30.751015000000002,34.169492399999996,39252529.0
proportional,1.0,1.0,1.0,False,True,2034,Trump,operating_project_count,196.0,216.0,231.04999999999973,39252529.0
proportional,1.0,1.0,1.0,False,True,2034,Trump,operating_gw_per_listed_proposal,0.1654029262794463,0.33336028387891725,0.5221303112766741,39252529.0
proportional,1.0,1.0,1.0,False,True,2034,Harris,operating_gw,59.707342918486,75.8196802946157,95.54141977028571,81424822.0
proportional,1.0,1.0,1.0,False,True,2034,Harris,mw_per_1000_fixed_host_population,0.7332818353411442,0.9311617567259245,1.173369709918257,81424822.0
proportional,1.0,1.0,1.0,False,True,2034,Harris,mw_per_1000_operating_host_population,0.8327230738816551,1.0465734230272643,1.317137369307148,81424822.0
proportional,1.0,1.0,1.0,False,True,2034,Harris,operating_host_residents_millions,69.4304958,72.3791315,75.2371189,81424822.0
proportional,1.0,1.0,1.0,False,True,2034,Harris,operating_project_count,117.0,126.0,133.0,81424822.0
proportional,1.0,1.0,1.0,False,True,2034,Harris,operating_gw_per_listed_proposal,0.048516073014313314,0.12937206088563413,0.24421052896857104,81424822.0
proportional,1.0,1.0,1.0,False,True,2034,Trump/Harris,intensity_ratio,3.3517613090636194,4.358099126615961,5.578759532974108,
proportional,1.0,1.0,1.0,False,True,2036,Trump,operating_gw,142.53975946879103,176.0943829168799,208.62562985510786,39252529.0
proportional,1.0,1.0,1.0,False,True,2036,Trump,mw_per_1000_fixed_host_population,3.6313522491452996,4.486192034069447,5.314960211993165,39252529.0
proportional,1.0,1.0,1.0,False,True,2036,Trump,mw_per_1000_operating_host_population,4.649937329909641,5.63295810943454,6.738664715120847,39252529.0
proportional,1.0,1.0,1.0,False,True,2036,Trump,operating_host_residents_millions,28.0964043,31.0514145,34.377126,39252529.0
proportional,1.0,1.0,1.0,False,True,2036,Trump,operating_project_count,199.0,219.0,234.0,39252529.0
proportional,1.0,1.0,1.0,False,True,2036,Trump,operating_gw_per_listed_proposal,0.22438256194398015,0.4065352624074682,0.594472313142049,39252529.0
proportional,1.0,1.0,1.0,False,True,2036,Harris,operating_gw,63.074729380707296,78.93508620158957,98.6737745934137,81424822.0
proportional,1.0,1.0,1.0,False,True,2036,Harris,mw_per_1000_fixed_host_population,0.7746376084274067,0.9694228892706649,1.2118389966319323,81424822.0
proportional,1.0,1.0,1.0,False,True,2036,Harris,mw_per_1000_operating_host_population,0.8770059693219354,1.0870054695971052,1.354711182914344,81424822.0
proportional,1.0,1.0,1.0,False,True,2036,Harris,operating_host_residents_millions,69.62041400000001,72.59515,75.3907651,81424822.0
proportional,1.0,1.0,1.0,False,True,2036,Harris,operating_project_count,118.95000000000002,127.0,134.0,81424822.0
proportional,1.0,1.0,1.0,False,True,2036,Harris,operating_gw_per_listed_proposal,0.0632562508654211,0.15408246946527654,0.27317358533389374,81424822.0
proportional,1.0,1.0,1.0,False,True,2036,Trump/Harris,intensity_ratio,3.5710782799262035,4.594261651429109,5.8253124440156725,
